incident_id,disaster_type,incident_type,people_affected,people_trapped,injured_people,missing_people,children_affected,elderly_affected,water_level_m,flooded_area_percent,road_status,house_damage,evacuation_route_available,power_available,communication_available,medical_required,medical_severity,ambulance_required,latitude,longitude,nearest_hospital_km,nearest_shelter_km,nearest_rescue_team_km,population_density,priority
UKD-001783,Earthquake,Missing Person,77,31,3,9,8,7,0.1,2.3,Partially Blocked,Moderate,0,1,1,1,Low,1,29.839404,78.198049,8.34,1.75,1.03,788,P1
UKD-003918,Flood,Flooded Road,100,31,2,3,10,8,4.69,79.06,Blocked,Moderate,0,1,0,1,Moderate,1,30.282697,78.132137,6.78,2.61,2.87,706,P2
UKD-000222,Landslide,Trapped People,146,80,3,4,11,6,0.75,14.99,Partially Blocked,Moderate,0,0,0,1,Moderate,0,30.32917,78.136954,0.9,4.68,4.77,1106,P1
UKD-002136,Earthquake,Evacuation Request,161,37,1,0,14,6,0.09,2.28,Blocked,Minor,1,1,1,1,Low,0,30.315147,78.893576,10.09,13.71,10.48,164,P2
UKD-005225,Landslide,Missing Person,16,3,3,3,3,0,0.7,11.63,Partially Blocked,Severe,1,0,0,1,Low,0,29.857631,79.739887,9.84,8.71,5.72,227,P3
UKD-001169,Flood,Injured Person,55,37,7,2,8,1,4.36,81.31,Blocked,Minor,0,0,1,1,Critical,1,29.920342,79.858614,5.21,5.31,9.48,76,P1
UKD-000880,Cloudburst,Evacuation Request,192,68,2,6,17,5,3.58,49.45,Blocked,Minor,0,0,0,1,Moderate,1,30.584502,78.30753,16.87,10.35,14.3,158,P1
UKD-000157,Landslide,Damaged House,78,53,2,4,10,6,0.71,12.84,Blocked,Minor,0,0,1,1,Low,1,30.370915,78.082002,2.66,8.58,1.57,5845,P1
UKD-001658,Landslide,Injured Person,103,66,4,0,17,13,0.69,19.35,Blocked,None,0,0,1,1,Critical,1,29.424326,79.366327,7.84,6.72,6.97,563,P1
UKD-000324,Flood,Damaged House,177,65,4,3,8,7,4.1,97.73,Blocked,Severe,0,1,1,1,Critical,1,30.378531,78.026846,6.3,1.81,4.23,5168,P1
UKD-005303,Flood,Evacuation Request,19,5,1,1,6,2,1.34,24.45,Open,Minor,1,1,1,1,Low,0,30.317736,77.985562,4.22,1.44,13.47,2143,P3
UKD-002612,Landslide,Missing Person,196,31,6,5,9,10,0.63,17.75,Partially Blocked,Severe,1,1,1,1,Critical,1,30.812247,78.432569,3.75,6.12,9.64,216,P2
UKD-000812,Landslide,Evacuation Request,121,60,0,2,19,6,0.72,13.97,Blocked,Minor,0,1,1,0,None,0,30.300111,77.949744,0.82,2.41,4.71,1748,P1
UKD-000394,Flood,Evacuation Request,168,37,3,3,11,3,3.55,70.42,Open,Minor,0,0,0,1,Moderate,1,29.771132,79.681954,16.43,3.38,12.16,591,P1
UKD-003594,Flood,Trapped People,83,72,2,3,4,4,3.84,98.18,Blocked,None,0,0,0,1,Moderate,1,29.911858,78.231074,10.06,11.86,11.71,3063,P2
UKD-002639,Flood,Evacuation Request,15,4,1,0,7,1,2.63,54.71,Blocked,Minor,1,0,0,0,None,0,30.308128,78.084161,8.65,1.29,1.88,1125,P2
UKD-002188,Flood,Waterlogging,28,5,5,5,12,1,3.12,91.26,Blocked,Severe,0,0,0,1,Moderate,1,28.886823,79.478893,10.73,2.3,4.2,1741,P2
UKD-005352,Landslide,Trapped People,4,1,0,0,1,0,0.13,2.61,Blocked,Moderate,1,1,1,0,None,0,30.367324,78.9676,23.96,3.94,18.82,218,P3
UKD-000320,Landslide,Trapped People,118,71,5,0,8,0,0.63,13.18,Partially Blocked,Severe,0,0,1,1,Low,0,30.253764,78.006804,1.6,10.72,5.5,1076,P1
UKD-000168,Cloudburst,Damaged House,149,69,2,0,10,7,3.27,57.46,Blocked,Minor,0,0,1,0,None,0,30.271159,78.060059,12.29,1.16,3.4,1178,P1
UKD-000747,Cloudburst,Waterlogging,28,8,4,3,6,2,3.35,64.61,Blocked,Severe,1,1,0,1,Moderate,1,28.85854,79.481796,2.39,13.84,4.02,1487,P1
UKD-005471,Earthquake,Evacuation Request,15,3,2,1,2,2,0.08,1.74,Open,Minor,1,1,1,1,Low,0,29.334322,79.477674,3.63,4.3,4.97,300,P3
UKD-003708,Landslide,Injured Person,50,12,4,4,18,3,0.49,12.09,Partially Blocked,Moderate,1,0,0,1,Low,0,29.446489,79.448129,14.81,10.63,10.08,939,P2
UKD-002765,Cloudburst,Flooded Road,79,5,0,3,3,7,2.5,51.12,Open,None,1,1,0,1,Moderate,0,29.323602,79.392499,2.57,4.14,9.82,437,P2
UKD-005113,Landslide,Evacuation Request,82,48,3,1,3,7,0.59,13.25,Blocked,Minor,0,1,1,1,Moderate,1,29.407937,79.492583,5.81,2.68,7.2,541,P3
UKD-004007,Cloudburst,Injured Person,11,4,1,0,3,3,0.98,24.2,Partially Blocked,None,0,1,1,1,Moderate,0,30.729651,78.512956,30.0,5.19,8.36,86,P3
UKD-001872,Landslide,Injured Person,51,23,11,3,14,6,0.7,15.46,Partially Blocked,Severe,0,1,0,1,Low,0,29.000717,79.585792,11.07,1.37,4.41,3047,P1
UKD-005757,Flood,Waterlogging,40,2,3,2,6,6,2.91,72.55,Partially Blocked,Moderate,1,1,1,1,Moderate,1,30.242137,79.370045,10.92,10.97,10.92,112,P3
UKD-003194,Flood,Flooded Road,19,0,0,0,1,2,1.32,32.92,Open,Minor,1,1,1,0,None,0,29.928161,78.74202,1.17,4.57,2.86,547,P2
UKD-003755,Earthquake,Missing Person,51,1,0,8,11,2,0.06,1.02,Open,Moderate,1,1,1,0,None,0,29.948553,78.13522,3.76,0.37,6.7,414,P2
UKD-005626,Flood,Flooded Road,6,0,0,0,0,0,1.05,24.58,Open,Minor,1,0,1,0,None,0,30.12969,78.722476,8.09,5.89,7.79,418,P3
UKD-004895,Earthquake,Damaged House,79,41,1,3,6,3,0.12,3.86,Partially Blocked,None,0,1,1,1,Low,0,30.670268,78.478625,7.91,20.0,22.27,114,P3
UKD-004103,Flood,Flooded Road,39,4,1,2,8,3,2.97,56.17,Partially Blocked,Moderate,1,1,1,1,Low,0,29.994552,78.28578,0.84,6.51,7.47,2228,P3
UKD-001262,Flood,Trapped People,49,43,4,1,14,4,3.6,71.75,Blocked,Moderate,0,1,1,1,Critical,1,29.976729,78.266771,2.49,4.35,9.27,5520,P1
UKD-002339,Flood,Damaged House,24,9,0,1,6,3,2.15,37.64,Blocked,None,1,0,1,0,None,0,29.965613,78.082615,8.98,3.6,1.2,524,P2
UKD-000085,Flood,Waterlogging,99,29,5,6,6,5,3.81,78.89,Blocked,Severe,0,0,0,1,Critical,1,29.873705,78.149,8.36,2.56,7.62,2156,P1
UKD-003822,Landslide,Trapped People,14,7,0,0,3,2,0.51,10.51,Open,Moderate,1,1,1,1,Low,0,30.264089,78.060404,3.4,0.74,3.58,3679,P2
UKD-002654,Flood,Trapped People,70,38,4,2,7,6,2.97,77.01,Partially Blocked,Severe,1,0,1,1,Moderate,0,30.327655,78.874696,9.94,7.53,15.68,144,P2
UKD-005546,Flood,Waterlogging,9,3,0,1,2,1,1.28,29.12,Open,Moderate,0,0,1,0,None,0,29.282803,79.44822,0.71,4.33,8.19,259,P3
UKD-002747,Landslide,Injured Person,9,4,1,0,2,0,0.29,5.48,Partially Blocked,Minor,1,1,1,1,Moderate,1,29.517712,80.345184,5.27,5.67,4.53,432,P2
UKD-002859,Flood,Flooded Road,21,0,1,0,3,1,1.54,34.06,Open,None,1,0,1,1,Low,0,29.102311,79.456988,1.96,1.57,3.29,559,P2
UKD-000997,Flood,Damaged House,92,17,2,1,4,10,2.54,63.79,Open,Severe,1,0,1,1,Critical,1,30.129752,78.699408,4.38,4.19,9.54,810,P1
UKD-000229,Landslide,Damaged House,18,12,0,2,1,4,0.53,13.08,Partially Blocked,Minor,0,0,0,1,Low,0,30.271149,78.87758,18.22,5.86,7.39,867,P1
UKD-003265,Landslide,Infrastructure Damage,31,8,1,1,5,5,0.32,6.46,Blocked,None,1,1,0,1,Low,0,29.420813,79.383232,7.79,13.57,14.35,1298,P2
UKD-004829,Cloudburst,Waterlogging,30,4,1,0,8,6,1.46,40.13,Partially Blocked,None,1,0,0,0,None,0,29.379005,79.46329,13.24,5.1,4.75,900,P3
UKD-003943,Flood,Waterlogging,18,2,0,0,2,1,1.34,29.5,Partially Blocked,None,1,1,1,0,None,0,30.225694,78.00681,3.37,2.79,8.93,3346,P2
UKD-005460,Flood,Flooded Road,8,0,0,0,2,1,1.75,43.64,Partially Blocked,Moderate,1,0,0,0,None,0,30.383132,78.198581,8.35,13.29,4.26,1603,P3
UKD-003833,Flood,Flooded Road,21,0,1,1,3,4,1.37,48.2,Open,None,1,1,1,1,Moderate,1,29.017224,79.539954,5.59,0.67,4.01,2417,P2
UKD-001653,Flood,Infrastructure Damage,87,52,5,2,10,8,3.64,65.52,Blocked,Minor,0,0,0,1,Low,1,30.061574,78.799142,17.03,6.89,3.82,310,P1
UKD-000080,Earthquake,Injured Person,64,27,8,0,12,6,0.1,2.76,Blocked,Severe,1,1,0,1,Moderate,0,30.449158,78.358378,13.72,5.61,19.63,157,P1
UKD-000965,Flood,Waterlogging,42,17,4,1,6,10,4.87,92.41,Blocked,Moderate,0,1,0,1,Moderate,0,30.127519,78.200462,1.68,5.66,2.54,1145,P1
UKD-000927,Flood,Evacuation Request,108,57,3,2,9,9,3.05,55.66,Blocked,Moderate,0,1,1,1,Critical,1,30.038833,78.106,7.06,1.58,4.89,2091,P1
UKD-000795,Landslide,Damaged House,159,72,4,3,15,3,0.69,14.53,Blocked,Severe,0,1,0,1,Critical,1,30.228522,78.032307,8.68,5.41,3.93,1107,P1
UKD-003380,Cloudburst,Flooded Road,17,4,2,1,3,2,1.9,44.63,Blocked,Minor,0,1,0,0,None,0,30.225856,78.023077,0.81,3.76,3.86,1259,P2
UKD-003165,Landslide,Evacuation Request,64,13,3,1,5,5,0.76,13.44,Partially Blocked,Severe,1,0,1,1,Critical,1,30.311787,78.076627,5.77,1.45,5.73,2420,P2
UKD-004658,Flood,Flooded Road,50,3,1,1,7,7,2.56,51.58,Partially Blocked,Minor,1,1,1,1,Low,1,30.390812,77.919013,4.76,4.43,0.73,2681,P3
UKD-003312,Cloudburst,Trapped People,39,14,2,1,7,5,1.78,31.38,Partially Blocked,None,1,1,1,1,Moderate,1,29.585416,80.167438,13.03,5.91,15.43,246,P2
UKD-003935,Flood,Flooded Road,24,0,1,1,4,2,2.16,44.74,Open,None,1,0,1,1,Low,1,29.952181,78.171196,7.4,2.21,3.13,1779,P2
UKD-001075,Landslide,Trapped People,82,42,4,0,10,1,0.82,13.08,Partially Blocked,Severe,1,0,1,1,Critical,1,29.380154,79.516172,6.6,1.58,4.58,553,P1
UKD-004841,Cloudburst,Flooded Road,13,0,0,0,2,2,0.78,18.45,Partially Blocked,None,1,1,1,0,None,0,28.911354,79.546817,0.97,2.84,2.52,4593,P3
UKD-004184,Flood,Evacuation Request,39,2,1,1,7,4,1.4,24.96,Open,Minor,1,1,1,0,None,0,29.877701,78.152959,10.66,3.83,5.2,755,P3
UKD-002025,Earthquake,Trapped People,38,15,2,1,4,6,0.13,1.85,Open,Moderate,1,0,1,0,None,0,30.019063,78.767611,1.15,7.37,6.24,275,P2
UKD-005678,Flood,Evacuation Request,88,54,2,2,9,7,3.53,61.24,Blocked,None,0,1,1,1,Low,1,30.482087,78.607667,10.9,8.9,10.78,298,P3
UKD-004635,Earthquake,Evacuation Request,8,1,0,0,1,0,0.03,0.54,Open,Minor,1,1,1,0,None,0,30.057866,78.196201,7.41,1.92,1.08,564,P3
UKD-001746,Flood,Damaged House,18,11,4,2,5,3,3.09,100.0,Blocked,Severe,0,0,1,1,Critical,1,30.043651,78.153358,3.86,3.16,5.97,3613,P1
UKD-003144,Landslide,Evacuation Request,6,1,1,0,1,0,0.31,6.13,Partially Blocked,Minor,1,0,1,1,Low,0,30.102294,78.787411,4.19,2.53,3.02,1157,P2
UKD-003264,Cloudburst,Injured Person,20,7,7,0,3,1,1.28,28.53,Partially Blocked,Minor,0,1,1,1,Moderate,0,29.381902,79.463109,1.99,7.99,6.26,687,P2
UKD-003122,Landslide,Damaged House,59,29,5,0,13,10,0.48,9.47,Blocked,Severe,1,1,1,1,Critical,1,29.349739,80.0378,2.55,18.15,30.0,116,P2
UKD-001452,Landslide,Trapped People,110,62,2,1,8,8,0.94,13.89,Blocked,Moderate,1,1,1,1,Critical,1,29.587318,79.681645,8.15,2.77,4.29,346,P1
UKD-000440,Flood,Flooded Road,59,20,4,3,19,3,4.79,79.31,Blocked,Severe,0,0,1,1,Critical,1,29.670751,79.688085,24.49,7.34,4.12,962,P1
UKD-003317,Flood,Evacuation Request,31,3,0,2,10,3,2.48,53.47,Open,Minor,1,0,1,0,None,0,30.358017,78.006279,0.64,6.69,2.95,4813,P2
UKD-004544,Flood,Infrastructure Damage,11,0,0,0,2,1,1.06,13.66,Partially Blocked,Minor,1,1,1,0,None,0,29.444963,80.066562,11.22,9.79,11.63,67,P3
UKD-002982,Flood,Evacuation Request,55,14,2,2,7,3,2.59,52.53,Partially Blocked,Moderate,1,0,0,1,Low,0,28.994737,79.482663,6.44,2.18,6.92,4640,P2
UKD-002081,Earthquake,Flooded Road,33,2,1,1,13,0,0.72,6.68,Open,None,1,1,0,1,Low,0,30.116554,78.06372,6.67,0.72,1.34,833,P2
UKD-004021,Flood,Trapped People,5,1,0,0,2,0,1.2,20.56,Open,None,1,1,1,0,None,0,30.369266,78.119847,11.55,2.8,4.23,5459,P3
UKD-001455,Flood,Flooded Road,96,32,2,3,3,3,4.92,71.45,Blocked,Moderate,0,0,1,1,Critical,1,30.340638,78.394979,6.52,4.95,13.0,209,P1
UKD-000255,Flood,Evacuation Request,144,50,4,2,15,3,3.6,64.38,Partially Blocked,Severe,0,0,1,1,Critical,1,30.341773,78.025409,6.69,4.04,4.4,702,P1
UKD-000466,Flood,Damaged House,71,41,0,1,7,6,3.05,59.19,Blocked,Moderate,0,0,1,1,Low,0,29.309154,80.055625,7.74,11.12,10.86,1018,P1
UKD-002118,Flood,Damaged House,17,4,0,0,2,0,1.44,29.36,Open,Minor,0,1,1,0,None,0,30.271895,78.605578,8.76,14.66,8.56,100,P2
UKD-000507,Flood,Waterlogging,57,6,1,5,7,3,4.71,71.01,Partially Blocked,Moderate,1,1,0,1,Critical,1,30.374969,77.962404,5.86,4.04,3.75,804,P1
UKD-004272,Flood,Flooded Road,40,11,6,0,7,5,3.72,78.58,Partially Blocked,Severe,1,1,1,1,Moderate,1,30.266602,78.052428,1.99,1.09,3.65,1215,P3
UKD-004289,Flood,Infrastructure Damage,8,1,0,0,2,3,0.67,20.74,Partially Blocked,None,1,0,1,1,Low,0,30.137299,78.671692,6.71,3.95,10.63,1460,P3
UKD-004214,Flood,Waterlogging,3,0,0,0,0,1,1.18,27.57,Open,None,0,1,1,0,None,0,29.861941,78.111631,1.39,2.76,2.53,1068,P3
UKD-000234,Earthquake,Injured Person,72,48,9,1,12,6,0.18,2.89,Blocked,Severe,0,0,1,1,Critical,1,28.973859,79.590732,6.56,1.61,0.52,564,P1
UKD-000554,Flood,Flooded Road,37,10,0,2,12,4,2.65,63.77,Partially Blocked,Minor,0,0,1,0,None,0,30.071795,78.19918,6.15,2.82,13.95,1384,P1
UKD-005315,Landslide,Infrastructure Damage,50,33,1,3,13,5,0.73,14.73,Blocked,Minor,0,0,0,1,Critical,1,29.536566,80.217768,10.75,15.6,9.95,117,P3
UKD-000545,Earthquake,Damaged House,25,9,3,3,5,4,0.12,1.74,Blocked,Severe,1,1,0,0,None,0,30.451158,79.287072,17.89,1.7,6.41,158,P1
UKD-003701,Flood,Missing Person,85,23,0,7,12,4,2.73,52.88,Partially Blocked,Minor,1,1,0,1,Moderate,1,29.710442,80.332918,2.38,18.18,8.8,125,P2
UKD-003541,Flood,Flooded Road,83,8,2,3,10,6,3.37,44.53,Partially Blocked,Minor,1,1,1,1,Critical,1,29.634454,79.701143,5.08,5.14,4.66,558,P2
UKD-002789,Flood,Waterlogging,6,0,0,1,1,1,2.13,33.4,Open,None,1,1,1,0,None,0,30.284106,77.924889,3.46,2.77,3.16,617,P2
UKD-002865,Cloudburst,Injured Person,15,5,3,0,4,2,1.35,25.54,Blocked,Severe,1,1,1,1,Low,0,29.902499,78.16819,7.5,4.31,3.08,610,P2
UKD-002084,Flood,Missing Person,18,2,1,4,4,0,1.59,38.05,Open,Severe,1,0,0,1,Moderate,1,30.34432,78.097723,5.75,3.03,7.67,972,P2
UKD-005543,Flood,Trapped People,36,8,0,1,6,6,1.41,36.99,Open,None,1,1,1,1,Low,0,29.88934,78.194146,3.31,2.38,4.55,3837,P3
UKD-000309,Earthquake,Missing Person,73,33,3,8,7,3,0.12,2.77,Partially Blocked,Severe,0,0,1,1,Moderate,1,30.020378,78.196329,0.61,3.12,11.09,3149,P1
UKD-000711,Flood,Flooded Road,48,13,6,3,7,8,4.08,82.4,Blocked,Severe,0,1,0,1,Critical,1,28.885488,79.479085,4.08,2.7,0.56,519,P1
UKD-004104,Flood,Trapped People,5,2,0,0,0,2,0.36,12.82,Open,Moderate,1,1,1,0,None,0,29.046333,79.595113,0.51,2.12,4.38,1356,P3
UKD-001581,Flood,Damaged House,200,41,2,2,5,7,4.06,55.44,Blocked,Severe,1,0,1,1,Low,0,30.889103,78.496469,12.08,8.77,8.31,283,P1
UKD-001311,Earthquake,Evacuation Request,42,15,3,2,6,3,0.12,2.92,Partially Blocked,None,1,1,1,1,Critical,1,30.377308,78.578515,20.23,8.45,15.5,268,P1
UKD-000626,Cloudburst,Trapped People,61,52,1,5,9,4,2.68,48.15,Blocked,Moderate,0,0,0,0,None,0,30.354254,77.942667,8.01,3.29,15.52,788,P1
UKD-000024,Earthquake,Infrastructure Damage,193,64,1,0,20,4,0.11,2.42,Blocked,Minor,0,0,1,1,Low,1,29.430791,79.410648,14.68,10.6,17.65,1235,P1
UKD-002532,Landslide,Infrastructure Damage,94,47,3,3,10,8,0.99,19.71,Partially Blocked,Moderate,0,0,0,1,Critical,1,29.461797,79.438509,5.97,3.53,16.1,100,P2
UKD-001871,Flood,Damaged House,14,4,0,0,4,2,1.91,38.52,Open,Moderate,1,0,0,1,Moderate,1,29.895339,78.051001,2.0,3.54,2.23,2362,P1
UKD-005111,Cloudburst,Evacuation Request,14,0,0,1,0,3,0.62,11.73,Open,None,1,1,1,0,None,0,30.328582,78.003896,3.14,6.26,2.92,861,P3
UKD-003489,Landslide,Trapped People,115,48,2,0,16,0,0.48,7.91,Partially Blocked,Minor,1,1,1,1,Low,0,29.830821,78.03518,6.63,8.32,3.5,3008,P2
UKD-001171,Landslide,Trapped People,28,21,2,4,10,1,0.48,13.07,Blocked,Severe,1,0,0,1,Moderate,0,30.341813,78.589371,21.79,3.57,6.87,140,P1
UKD-004746,Cloudburst,Trapped People,47,34,0,3,12,3,3.18,58.16,Partially Blocked,Moderate,0,0,0,1,Low,1,28.957659,79.566358,1.24,4.18,0.83,2773,P3
UKD-002119,Cloudburst,Evacuation Request,20,7,1,1,3,1,0.95,20.31,Blocked,None,1,1,1,1,Low,0,29.857656,78.120104,4.26,2.56,4.3,1240,P2
UKD-003019,Flood,Trapped People,36,31,1,3,7,10,2.43,49.73,Blocked,Minor,0,1,0,0,None,0,29.428207,79.42968,7.63,19.68,10.81,652,P2
UKD-001195,Flood,Flooded Road,77,24,3,2,11,4,4.95,67.64,Blocked,Moderate,0,1,1,1,Critical,1,29.555729,79.752767,5.29,4.13,10.89,920,P1
UKD-002246,Flood,Missing Person,58,22,0,6,10,1,2.13,33.14,Partially Blocked,Minor,0,1,0,0,None,0,30.370654,78.203422,9.22,2.6,13.38,1218,P2
UKD-002874,Cloudburst,Missing Person,92,32,0,7,17,11,2.08,44.17,Partially Blocked,Minor,1,1,1,0,None,0,30.414851,79.365538,8.17,6.87,10.28,599,P2
UKD-005640,Cloudburst,Infrastructure Damage,100,47,3,0,6,5,2.08,45.15,Partially Blocked,None,0,0,1,1,Moderate,1,30.090298,78.794503,5.61,1.96,6.31,959,P3
UKD-002550,Earthquake,Infrastructure Damage,113,43,0,2,6,3,0.1,2.29,Blocked,Moderate,1,0,1,0,None,0,28.897141,79.554439,4.57,8.18,3.78,1699,P2
UKD-003155,Flood,Flooded Road,76,16,4,5,15,6,3.91,76.83,Partially Blocked,Minor,0,1,0,1,Moderate,1,29.026393,79.58331,2.12,3.1,1.27,596,P2
UKD-000094,Landslide,Trapped People,97,77,3,5,6,1,0.93,14.09,Blocked,Severe,0,0,1,1,Moderate,1,30.340855,78.0159,5.37,1.28,1.43,6251,P1
UKD-002078,Flood,Flooded Road,70,15,0,2,4,4,2.53,55.93,Partially Blocked,None,0,1,0,1,Low,1,29.836892,78.236585,1.8,2.47,2.1,3879,P2
UKD-000470,Cloudburst,Damaged House,36,13,2,3,8,5,2.84,36.55,Partially Blocked,Moderate,0,1,1,1,Moderate,0,30.25807,78.055534,2.91,1.69,5.21,2622,P1
UKD-000788,Landslide,Infrastructure Damage,200,66,5,3,6,8,1.04,22.76,Blocked,Severe,0,0,1,1,Moderate,1,29.561188,79.747525,3.8,13.97,5.54,2175,P1
UKD-001700,Earthquake,Damaged House,200,41,2,1,11,5,0.13,2.58,Partially Blocked,Severe,0,0,1,1,Critical,1,29.393153,79.486733,3.07,6.57,2.79,610,P1
UKD-001838,Flood,Trapped People,92,74,4,3,14,4,4.07,74.36,Blocked,Severe,0,0,0,1,Moderate,1,30.811225,78.456083,30.0,5.77,3.61,698,P1
UKD-003064,Earthquake,Injured Person,34,8,6,1,11,4,0.07,1.77,Partially Blocked,Severe,1,1,1,1,Moderate,1,29.372746,79.433393,5.48,12.57,10.17,445,P2
UKD-001707,Flood,Flooded Road,22,7,0,0,7,2,2.44,76.56,Blocked,Minor,0,0,1,1,Low,1,30.447509,77.900966,4.36,0.85,2.58,3372,P1
UKD-003968,Cloudburst,Missing Person,11,1,0,2,4,1,1.29,30.07,Open,None,0,1,1,0,None,0,29.904616,78.179386,10.37,3.34,1.67,918,P2
UKD-003863,Earthquake,Infrastructure Damage,32,5,0,1,8,2,0.05,1.35,Partially Blocked,Minor,1,1,1,0,None,0,29.375557,79.45439,15.95,8.95,14.66,967,P2
UKD-003665,Flood,Waterlogging,13,0,0,0,1,1,1.43,42.49,Open,Minor,1,1,0,0,None,0,29.986384,78.153089,1.07,0.62,1.18,3069,P2
UKD-005892,Earthquake,Damaged House,23,1,0,0,5,2,0.07,1.04,Open,Moderate,1,1,1,1,Moderate,0,30.137541,78.93557,5.89,8.41,13.08,305,P3
UKD-003205,Landslide,Damaged House,24,3,3,2,12,4,0.25,5.11,Partially Blocked,Severe,1,0,1,1,Low,0,30.571243,78.701902,18.91,6.27,6.91,829,P2
UKD-000605,Cloudburst,Evacuation Request,167,75,3,1,7,9,3.0,60.32,Blocked,Severe,0,0,1,1,Critical,1,29.94817,78.020728,17.84,2.7,4.76,3916,P1
UKD-004943,Landslide,Trapped People,53,19,0,1,8,1,0.52,11.56,Partially Blocked,Moderate,1,0,0,0,None,0,29.520095,80.235392,8.17,12.82,18.03,210,P3
UKD-001551,Flood,Infrastructure Damage,152,71,4,4,12,1,3.58,66.45,Blocked,Severe,0,0,0,1,Critical,1,28.942412,79.472716,8.63,1.34,11.55,1918,P1
UKD-004709,Cloudburst,Flooded Road,8,0,0,0,0,1,1.53,22.18,Blocked,None,1,0,0,0,None,0,30.327563,78.817103,12.4,5.64,9.46,67,P3
UKD-004835,Cloudburst,Damaged House,16,2,0,1,0,3,0.78,14.54,Partially Blocked,None,1,1,1,0,None,0,30.450234,78.319792,16.62,7.25,6.03,238,P3
UKD-003186,Cloudburst,Evacuation Request,72,43,2,2,13,1,2.84,39.33,Blocked,Moderate,0,0,1,1,Low,0,29.414541,79.383844,6.54,5.55,7.04,347,P2
UKD-004387,Flood,Trapped People,22,9,2,1,3,3,1.82,38.42,Open,Moderate,0,0,1,1,Low,0,29.944185,78.171425,3.01,4.57,2.15,3320,P3
UKD-001587,Cloudburst,Flooded Road,93,29,1,0,9,6,3.95,84.29,Blocked,Moderate,0,0,1,1,Critical,1,29.121015,79.501675,5.08,2.83,4.13,1673,P1
UKD-003120,Cloudburst,Damaged House,50,16,1,3,15,2,1.89,27.91,Open,Moderate,0,0,1,1,Low,1,30.333178,78.042044,3.31,3.47,3.8,819,P2
UKD-003400,Earthquake,Infrastructure Damage,34,11,1,3,7,3,0.1,1.81,Partially Blocked,Moderate,1,1,1,1,Low,0,29.94476,78.167683,5.45,0.2,1.4,548,P2
UKD-000402,Landslide,Trapped People,67,35,2,0,5,2,0.84,14.92,Partially Blocked,Moderate,1,1,1,1,Critical,1,30.954571,78.479987,7.68,8.65,15.07,347,P1
UKD-000032,Landslide,Infrastructure Damage,79,16,3,2,8,6,0.48,14.52,Partially Blocked,Minor,1,0,1,0,None,0,30.353177,78.08321,0.64,0.61,10.33,1237,P1
UKD-001484,Cloudburst,Damaged House,72,59,3,3,13,4,3.33,78.34,Blocked,Severe,0,1,1,1,Critical,1,30.332735,79.138926,4.0,5.05,6.55,241,P1
UKD-002681,Earthquake,Infrastructure Damage,55,26,2,0,9,9,0.11,1.67,Partially Blocked,Minor,0,1,1,1,Moderate,1,29.261048,79.577963,13.03,5.98,19.29,937,P2
UKD-000600,Earthquake,Damaged House,33,19,1,2,10,2,0.18,3.24,Blocked,Minor,0,0,0,0,None,0,30.023073,78.036,6.68,2.12,24.39,1422,P1
UKD-003150,Landslide,Trapped People,91,40,5,2,11,15,0.48,13.32,Partially Blocked,Severe,1,0,0,1,Moderate,0,29.521806,80.176797,27.43,3.03,8.24,347,P2
UKD-005545,Flood,Evacuation Request,8,1,0,1,2,1,0.9,14.8,Open,Minor,1,1,1,1,Moderate,1,30.086717,78.24138,0.5,6.78,1.15,2363,P3
UKD-001861,Cloudburst,Damaged House,156,56,1,2,3,8,2.64,86.06,Partially Blocked,Minor,0,0,0,0,None,0,29.84152,79.727618,9.32,1.97,17.72,358,P1
UKD-000566,Landslide,Injured Person,61,35,9,0,5,0,0.92,15.08,Blocked,Moderate,1,0,0,1,Critical,1,30.168255,78.772014,6.61,4.66,7.69,599,P1
UKD-002214,Flood,Flooded Road,150,30,5,1,7,4,3.77,62.94,Blocked,Moderate,0,0,1,0,None,0,30.091697,78.832603,12.6,7.36,25.85,959,P2
UKD-001967,Cloudburst,Trapped People,14,11,1,2,1,3,1.52,28.36,Blocked,Moderate,0,1,1,0,None,0,29.393435,79.455375,8.43,2.3,6.3,626,P1
UKD-000866,Flood,Injured Person,52,23,9,1,5,10,4.63,58.1,Partially Blocked,Moderate,0,1,1,1,Critical,1,30.345986,78.015243,5.15,2.67,15.88,2678,P1
UKD-004608,Flood,Flooded Road,39,7,1,1,10,2,1.93,34.74,Partially Blocked,Minor,0,1,1,0,None,0,30.250329,77.926362,2.19,1.92,3.89,4053,P3
UKD-002451,Cloudburst,Evacuation Request,20,5,0,1,4,4,2.31,34.03,Blocked,Minor,1,0,0,0,None,0,30.239798,78.838119,17.59,2.16,8.66,596,P2
UKD-005693,Landslide,Missing Person,7,2,0,1,0,0,0.26,4.78,Partially Blocked,None,0,1,1,0,None,0,30.37595,79.148306,9.13,6.71,8.13,171,P3
UKD-000813,Earthquake,Trapped People,83,44,8,1,14,7,0.09,1.28,Open,Severe,0,0,0,0,None,0,30.254767,79.188331,4.58,18.35,2.68,438,P1
UKD-001478,Flood,Flooded Road,52,10,3,0,13,3,2.85,80.59,Partially Blocked,Moderate,0,0,1,1,Critical,1,29.629913,79.71715,20.82,15.1,5.61,1109,P1
UKD-004735,Cloudburst,Flooded Road,5,2,0,0,2,0,1.07,22.58,Open,None,0,1,1,0,None,0,30.183687,78.584241,21.05,4.57,3.78,139,P3
UKD-002272,Cloudburst,Trapped People,41,21,2,0,9,1,2.31,29.86,Partially Blocked,Moderate,1,1,0,1,Critical,1,29.440553,79.484212,4.78,5.53,3.53,528,P2
UKD-001039,Flood,Trapped People,7,5,0,0,2,0,2.81,54.21,Open,Minor,1,1,1,0,None,0,28.942066,79.468405,1.1,3.77,5.56,2249,P1
UKD-004527,Earthquake,Trapped People,41,23,2,2,11,5,0.07,1.06,Blocked,Minor,1,0,1,0,None,0,30.271217,78.009001,9.69,7.33,3.64,5801,P3
UKD-000081,Landslide,Injured Person,24,16,6,2,1,2,0.66,15.63,Blocked,Moderate,0,1,0,1,Moderate,1,30.442692,78.716964,9.22,4.98,7.18,195,P1
UKD-001205,Landslide,Damaged House,146,25,1,2,18,3,0.56,13.02,Partially Blocked,Moderate,1,0,0,1,Moderate,1,30.327554,79.371361,14.99,13.05,3.06,279,P1
UKD-003286,Flood,Damaged House,44,12,3,2,12,9,3.29,74.7,Partially Blocked,Minor,1,1,1,1,Moderate,0,30.343631,78.021514,6.05,7.06,5.99,2014,P2
UKD-001546,Flood,Damaged House,200,63,3,3,7,11,4.25,66.06,Blocked,Severe,0,0,1,1,Critical,1,29.555251,79.458929,6.7,2.64,7.16,955,P1
UKD-000178,Flood,Infrastructure Damage,28,1,1,1,8,3,0.98,31.25,Open,Moderate,1,1,1,1,Low,0,29.919255,78.079948,3.58,0.69,1.74,919,P1
UKD-002586,Cloudburst,Evacuation Request,124,35,1,2,17,2,2.93,59.69,Partially Blocked,Severe,1,0,0,1,Low,0,29.707378,79.806719,10.97,5.5,11.65,57,P2
UKD-005993,Flood,Evacuation Request,31,6,0,0,4,2,0.96,22.68,Partially Blocked,Moderate,1,1,1,0,None,0,30.116881,78.735261,30.0,9.92,7.86,299,P3
UKD-004864,Flood,Trapped People,61,42,0,0,13,6,2.84,70.77,Partially Blocked,Moderate,0,1,1,1,Moderate,1,30.262669,78.074786,4.63,6.19,5.63,1304,P3
UKD-001439,Landslide,Injured Person,61,38,10,0,14,9,0.64,17.19,Partially Blocked,None,0,0,1,1,Moderate,1,30.747117,78.519284,13.83,9.09,7.63,188,P1
UKD-000297,Earthquake,Missing Person,81,41,1,6,7,7,0.19,3.43,Partially Blocked,Moderate,0,0,1,1,Critical,1,30.405873,78.091922,7.15,6.44,5.61,1539,P1
UKD-003616,Cloudburst,Evacuation Request,67,26,4,2,12,7,1.9,45.35,Partially Blocked,Minor,0,1,0,1,Critical,1,29.002852,79.422806,1.5,1.35,0.5,2065,P2
UKD-003648,Flood,Flooded Road,29,3,2,0,6,5,3.01,69.54,Partially Blocked,Moderate,0,1,1,1,Low,0,29.902971,78.092962,5.47,1.98,11.0,1765,P2
UKD-000158,Landslide,Trapped People,80,63,5,6,8,8,0.91,14.05,Blocked,Moderate,0,0,1,1,Low,0,30.214881,78.086922,3.8,1.65,3.74,2477,P1
UKD-001028,Landslide,Missing Person,19,11,1,5,4,2,0.5,11.8,Blocked,Minor,1,1,0,1,Moderate,1,29.340259,79.470962,7.25,6.91,13.7,301,P1
UKD-000411,Flood,Evacuation Request,66,45,4,1,8,3,2.94,80.81,Blocked,Minor,0,0,1,1,Critical,1,30.3814,78.524222,11.09,2.61,15.62,818,P1
UKD-003959,Cloudburst,Damaged House,24,7,2,0,4,4,0.97,24.84,Partially Blocked,Moderate,0,1,1,1,Moderate,1,30.293275,78.097711,4.0,3.16,4.41,584,P2
UKD-005938,Flood,Flooded Road,28,2,0,1,4,1,2.04,51.13,Blocked,Moderate,0,1,1,0,None,0,30.796672,78.233421,1.82,9.54,30.0,358,P3
UKD-004957,Cloudburst,Waterlogging,26,5,1,0,2,3,2.04,39.85,Blocked,Minor,1,0,1,0,None,0,30.289479,77.95895,4.26,7.19,3.58,1636,P3
UKD-004757,Landslide,Evacuation Request,21,5,0,0,4,6,0.19,2.69,Partially Blocked,Minor,1,1,0,0,None,0,29.432,79.415812,14.82,6.21,1.51,1853,P3
UKD-005448,Cloudburst,Infrastructure Damage,9,4,0,0,3,1,0.43,9.55,Blocked,None,0,1,0,0,None,0,30.312216,79.214794,30.0,13.47,22.87,394,P3
UKD-002182,Landslide,Missing Person,70,41,5,8,10,9,0.56,16.82,Blocked,Moderate,0,1,0,1,Low,0,30.157784,78.037862,6.36,1.35,10.45,2666,P2
UKD-005809,Flood,Waterlogging,13,0,0,0,4,1,1.32,39.44,Open,None,1,0,1,0,None,0,30.36125,78.476693,5.39,2.99,16.33,127,P3
UKD-000811,Landslide,Infrastructure Damage,41,13,2,2,11,2,0.77,11.39,Partially Blocked,Severe,1,1,1,0,None,0,29.993563,78.811791,5.42,6.85,6.24,475,P1
UKD-004916,Earthquake,Evacuation Request,47,11,1,1,5,4,0.05,1.64,Open,Moderate,0,1,1,1,Low,1,29.079736,79.546775,7.77,1.22,4.61,1789,P3
UKD-004954,Cloudburst,Waterlogging,3,1,0,0,1,0,0.83,20.69,Open,Minor,1,1,1,0,None,0,30.235733,77.991526,2.35,1.38,4.73,2470,P3
UKD-003734,Landslide,Missing Person,13,3,0,2,2,1,0.47,9.45,Open,Minor,0,0,1,0,None,0,30.21734,78.737476,9.64,1.49,4.86,710,P2
UKD-005164,Flood,Missing Person,4,3,0,1,0,2,1.36,20.98,Partially Blocked,None,0,1,1,0,None,0,30.36386,77.990106,6.63,0.31,12.03,4969,P3
UKD-002978,Landslide,Flooded Road,20,2,0,1,5,1,0.86,20.75,Blocked,Minor,1,0,1,0,None,0,28.944836,79.420253,5.35,1.67,1.52,3050,P2
UKD-003796,Cloudburst,Injured Person,25,11,4,4,6,3,2.38,45.93,Partially Blocked,Moderate,0,1,1,1,Moderate,0,30.398391,79.436118,18.29,8.73,6.3,177,P2
UKD-002169,Earthquake,Missing Person,24,10,0,8,7,1,0.12,2.06,Partially Blocked,Minor,1,1,0,1,Moderate,1,30.35361,79.029878,2.36,6.56,11.18,142,P2
UKD-003078,Flood,Trapped People,155,84,5,5,14,8,2.84,56.35,Blocked,Severe,0,0,1,1,Moderate,1,29.954772,78.209302,6.74,2.64,3.83,1225,P2
UKD-001695,Flood,Flooded Road,18,2,0,1,3,4,2.61,66.12,Partially Blocked,Minor,1,0,1,0,None,0,30.270571,78.041463,10.37,1.27,3.72,1891,P1
UKD-001025,Landslide,Injured Person,10,6,4,1,4,2,0.76,21.19,Blocked,Severe,1,0,1,0,None,0,30.257956,78.807548,8.19,12.56,5.42,703,P1
UKD-003947,Flood,Trapped People,30,22,4,0,4,4,2.28,41.07,Blocked,Minor,1,1,1,1,Low,0,30.234742,78.013044,1.69,0.82,3.0,1616,P2
UKD-002125,Cloudburst,Missing Person,61,32,1,11,7,3,1.89,37.61,Partially Blocked,Minor,0,1,1,1,Low,1,30.195885,79.11793,18.22,4.43,11.52,263,P2
UKD-005295,Cloudburst,Damaged House,6,0,0,0,1,0,0.44,10.06,Partially Blocked,Minor,1,1,1,0,None,0,30.210385,79.167194,16.11,7.75,4.74,275,P3
UKD-002705,Cloudburst,Infrastructure Damage,156,55,3,3,9,6,2.93,50.25,Blocked,Moderate,1,1,0,0,None,0,30.614522,79.38474,7.83,4.0,9.78,122,P2
UKD-001034,Earthquake,Missing Person,135,48,6,6,12,4,0.19,2.86,Partially Blocked,Severe,0,1,0,1,Critical,1,30.625564,79.219671,8.14,8.0,6.3,105,P1
UKD-005872,Flood,Flooded Road,9,0,0,0,2,1,0.62,16.02,Open,None,1,1,1,0,None,0,28.882424,79.642873,5.26,2.52,1.24,462,P3
UKD-005365,Landslide,Damaged House,94,28,1,0,10,4,0.4,9.67,Open,Moderate,0,0,1,1,Low,0,30.491572,79.128724,25.32,7.84,8.66,115,P3
UKD-004160,Cloudburst,Waterlogging,12,1,3,2,2,1,1.94,31.13,Partially Blocked,Minor,1,0,0,0,None,0,30.191834,78.773903,6.69,7.34,8.89,836,P3
UKD-001701,Flood,Injured Person,37,15,8,3,7,2,2.17,49.22,Partially Blocked,None,0,0,1,1,Moderate,1,30.028025,78.15792,1.23,2.84,2.52,3477,P1
UKD-002914,Cloudburst,Flooded Road,8,0,1,1,0,1,1.02,22.28,Partially Blocked,None,1,0,1,1,Moderate,0,28.970718,79.545451,5.65,1.16,6.68,365,P2
UKD-004879,Landslide,Evacuation Request,59,28,4,2,8,11,0.7,15.22,Blocked,Severe,0,0,1,1,Critical,1,29.258242,79.507807,13.05,19.11,13.02,258,P3
UKD-003321,Earthquake,Infrastructure Damage,59,16,3,4,16,5,0.09,1.72,Partially Blocked,Severe,1,0,0,1,Low,0,29.989321,78.210984,13.91,7.31,7.88,2692,P2
UKD-005027,Earthquake,Damaged House,9,1,1,1,2,1,0.02,0.39,Open,Minor,0,0,1,0,None,0,30.170017,78.79779,14.21,10.78,4.07,558,P3
UKD-002583,Flood,Evacuation Request,4,0,0,0,0,1,0.5,8.81,Open,None,0,1,1,0,None,0,28.948585,79.595635,1.78,3.04,2.0,882,P2
UKD-005284,Earthquake,Trapped People,4,2,0,0,1,0,0.03,0.47,Partially Blocked,None,0,1,1,0,None,0,30.050482,78.210885,5.92,1.39,6.98,3081,P3
UKD-004251,Flood,Waterlogging,19,1,0,1,7,1,2.18,53.56,Blocked,Minor,1,1,1,1,Low,0,30.300517,77.91977,4.38,1.72,4.96,3005,P3
UKD-001187,Flood,Waterlogging,33,10,4,1,5,4,5.0,75.15,Blocked,Moderate,0,0,1,1,Critical,1,29.284348,79.403058,1.48,4.85,13.7,1999,P1
UKD-003738,Cloudburst,Evacuation Request,37,13,0,2,7,6,2.16,42.75,Partially Blocked,Minor,0,1,1,0,None,0,29.448384,79.386646,6.14,2.41,2.08,656,P2
UKD-000784,Landslide,Flooded Road,118,17,0,2,12,6,1.05,28.62,Partially Blocked,Minor,0,0,1,1,Low,0,30.010863,78.159395,4.6,0.8,1.3,1610,P1
UKD-004403,Landslide,Trapped People,61,41,3,1,16,4,0.66,12.19,Partially Blocked,Moderate,0,1,1,1,Critical,1,30.583259,79.102971,10.72,3.38,11.48,542,P3
UKD-000051,Flood,Flooded Road,116,30,3,2,17,12,3.99,77.67,Blocked,Moderate,0,1,0,1,Moderate,1,29.44579,79.321678,8.04,12.6,3.12,749,P1
UKD-000713,Landslide,Trapped People,122,89,2,2,17,4,0.64,18.08,Blocked,Moderate,0,1,1,1,Moderate,1,30.223328,79.04617,18.54,14.31,14.93,84,P1
UKD-002307,Flood,Flooded Road,6,0,0,0,0,1,1.62,36.88,Open,Minor,1,1,1,0,None,0,29.049118,79.456258,4.86,2.27,4.36,2138,P2
UKD-003868,Landslide,Evacuation Request,68,25,3,1,13,3,0.56,15.56,Partially Blocked,Severe,0,1,1,1,Moderate,1,30.353239,78.648193,7.14,14.25,8.19,351,P2
UKD-002447,Landslide,Infrastructure Damage,28,19,0,2,3,3,0.36,8.01,Blocked,Moderate,0,1,1,1,Low,0,30.177058,79.309834,9.26,5.26,9.08,330,P2
UKD-002241,Landslide,Trapped People,200,82,2,2,10,4,0.66,16.43,Blocked,Moderate,0,0,0,1,Low,1,30.415867,79.533379,28.17,6.11,7.08,445,P2
UKD-004604,Flood,Infrastructure Damage,6,1,1,0,2,1,0.6,10.96,Partially Blocked,Minor,1,1,1,1,Low,0,30.319816,77.921274,1.86,1.71,10.95,275,P3
UKD-004791,Landslide,Flooded Road,13,1,1,0,0,2,0.51,12.53,Open,None,1,0,1,1,Moderate,1,29.384258,79.368486,5.37,1.13,14.78,435,P3
UKD-003104,Flood,Damaged House,51,17,2,4,19,2,2.37,46.52,Partially Blocked,Moderate,1,1,1,1,Critical,1,29.366121,79.399451,24.1,2.75,4.68,728,P2
UKD-005567,Landslide,Trapped People,14,5,1,0,5,2,0.48,11.94,Partially Blocked,Minor,1,1,1,1,Low,0,30.405237,78.146882,3.84,1.87,3.31,953,P3
UKD-000677,Earthquake,Infrastructure Damage,39,8,1,1,10,3,0.1,1.5,Partially Blocked,Moderate,1,0,1,1,Low,0,29.432031,79.471299,3.14,8.59,11.62,283,P1
UKD-005557,Flood,Damaged House,49,17,0,1,7,11,1.48,43.49,Open,Minor,0,1,1,0,None,0,28.989783,79.464914,4.87,2.75,3.38,2731,P3
UKD-003640,Landslide,Infrastructure Damage,59,24,2,2,14,12,0.49,9.92,Blocked,Minor,1,0,1,1,Critical,1,30.517113,79.410706,10.11,13.44,5.15,193,P2
UKD-002695,Landslide,Evacuation Request,81,34,3,8,11,9,0.72,13.64,Partially Blocked,Moderate,0,1,0,1,Low,0,30.382141,78.018124,2.5,2.66,4.55,1054,P2
UKD-002996,Landslide,Missing Person,54,28,1,6,5,4,0.62,16.75,Blocked,Minor,1,1,0,1,Critical,1,30.298612,78.548569,15.25,5.77,28.7,169,P2
UKD-001563,Cloudburst,Evacuation Request,120,53,2,4,13,5,2.04,35.12,Partially Blocked,Minor,0,0,0,1,Low,0,30.053465,78.245506,1.56,5.18,0.77,3385,P1
UKD-003650,Landslide,Trapped People,44,16,5,0,11,10,0.73,11.64,Open,Moderate,1,0,1,1,Low,0,30.318871,78.025728,8.07,2.98,2.2,3067,P2
UKD-002466,Landslide,Missing Person,108,21,5,8,14,5,0.44,9.56,Partially Blocked,Severe,1,0,1,1,Critical,1,30.229194,78.050079,3.8,2.36,2.16,4182,P2
UKD-000347,Landslide,Infrastructure Damage,180,66,1,3,9,3,0.81,13.17,Blocked,Moderate,0,0,0,1,Moderate,1,29.895771,78.141613,22.87,6.58,2.42,805,P1
UKD-001497,Cloudburst,Flooded Road,77,14,2,2,6,1,4.17,83.42,Blocked,Minor,0,0,1,0,None,0,30.136522,78.771326,5.02,2.64,11.85,206,P1
UKD-002345,Landslide,Evacuation Request,119,48,3,1,15,5,0.54,13.68,Partially Blocked,Minor,0,1,0,1,Moderate,1,30.422843,78.398965,9.23,4.53,4.48,275,P2
UKD-003906,Cloudburst,Waterlogging,22,4,0,2,7,2,2.23,36.1,Open,Minor,0,1,1,1,Low,0,29.02427,79.553856,0.5,4.87,4.31,3291,P2
UKD-003659,Flood,Flooded Road,49,7,3,1,9,7,3.53,67.42,Partially Blocked,Moderate,1,0,1,1,Critical,1,30.303667,79.231468,11.18,18.06,30.0,560,P2
UKD-000623,Earthquake,Infrastructure Damage,68,41,1,1,8,10,0.11,2.72,Blocked,Minor,0,0,0,1,Low,0,30.257067,77.972631,6.89,3.76,7.12,3137,P1
UKD-004097,Earthquake,Infrastructure Damage,103,45,2,1,6,7,0.09,2.5,Blocked,Minor,1,0,1,1,Moderate,0,29.012945,79.417471,2.86,2.6,3.38,1815,P3
UKD-001401,Cloudburst,Waterlogging,45,5,3,1,11,0,2.61,58.82,Partially Blocked,Moderate,1,1,0,1,Low,1,30.181317,78.519455,14.51,9.13,13.17,88,P1
UKD-003298,Flood,Infrastructure Damage,23,6,1,0,4,1,1.51,45.16,Blocked,Minor,1,1,1,1,Low,0,30.294636,78.14161,4.46,9.14,7.05,2678,P2
UKD-003986,Flood,Damaged House,32,15,2,1,3,4,2.19,39.55,Blocked,Minor,0,1,1,1,Low,0,30.173262,79.124969,20.32,12.95,17.16,270,P2
UKD-005182,Flood,Flooded Road,18,5,1,0,3,2,2.47,44.54,Blocked,None,1,1,1,1,Low,1,29.572506,79.560587,13.69,4.25,7.92,1447,P3
UKD-004618,Cloudburst,Trapped People,19,6,1,1,7,0,1.55,25.33,Open,None,1,0,1,1,Low,0,29.477947,80.117169,30.0,9.53,17.11,223,P3
UKD-000325,Landslide,Evacuation Request,200,45,5,2,9,5,0.84,19.01,Blocked,Severe,1,0,0,1,Critical,1,29.469021,80.188049,17.98,19.69,20.36,582,P1
UKD-002998,Earthquake,Trapped People,8,6,0,0,1,0,0.1,1.97,Blocked,Moderate,0,1,0,0,None,0,29.439669,79.477102,8.9,4.16,10.6,661,P2
UKD-000038,Cloudburst,Damaged House,17,13,3,2,3,4,3.2,73.39,Blocked,Severe,0,0,1,1,Moderate,1,29.383905,79.615171,9.27,9.93,14.78,689,P1
UKD-005375,Landslide,Trapped People,23,15,0,0,5,0,0.53,10.18,Partially Blocked,Moderate,0,1,1,1,Low,0,30.367716,78.51724,27.07,1.81,8.25,254,P3
UKD-004185,Cloudburst,Trapped People,1,1,0,0,0,0,0.52,8.98,Partially Blocked,None,1,1,1,0,None,0,29.427912,80.178928,6.17,2.79,9.03,844,P3
UKD-000531,Flood,Injured Person,93,48,8,1,15,2,2.99,90.03,Blocked,Moderate,1,1,1,1,Moderate,1,29.923393,78.183699,4.38,7.02,5.44,1545,P1
UKD-002643,Landslide,Infrastructure Damage,80,38,5,4,5,6,0.7,12.6,Partially Blocked,Severe,0,0,0,1,Critical,1,29.340595,79.516713,5.28,7.17,9.56,321,P2
UKD-003681,Earthquake,Evacuation Request,20,2,1,0,5,1,0.09,1.33,Open,Moderate,1,0,1,1,Moderate,0,30.297618,78.034819,10.37,6.25,4.4,562,P2
UKD-002349,Flood,Flooded Road,51,13,3,1,14,7,3.78,94.0,Blocked,Moderate,0,0,1,1,Low,0,29.956426,78.082519,3.9,5.18,1.97,918,P2
UKD-002785,Earthquake,Injured Person,41,7,8,0,7,5,0.09,2.03,Open,Moderate,1,1,1,0,None,0,30.444872,78.106421,5.12,4.64,1.82,2378,P2
UKD-005493,Landslide,Evacuation Request,137,42,1,1,19,6,0.48,10.89,Partially Blocked,Minor,0,0,1,1,Moderate,0,30.427329,78.5175,7.54,12.6,15.31,250,P3
UKD-002226,Cloudburst,Missing Person,131,56,4,9,15,3,2.18,53.88,Blocked,Minor,0,1,1,1,Moderate,1,30.21608,79.513237,26.54,11.82,18.7,132,P2
UKD-001074,Cloudburst,Flooded Road,83,21,3,2,9,4,3.92,83.54,Blocked,Minor,0,0,0,1,Moderate,0,30.022855,78.037983,1.31,1.68,4.0,1335,P1
UKD-001198,Flood,Trapped People,21,13,0,1,4,1,3.78,59.8,Open,Minor,1,1,0,1,Moderate,1,30.433061,78.464392,6.55,2.23,6.69,174,P1
UKD-005139,Earthquake,Trapped People,45,20,0,1,7,3,0.11,2.41,Partially Blocked,Minor,1,0,1,0,None,0,30.236429,78.078486,4.89,2.76,2.02,9582,P3
UKD-000264,Earthquake,Waterlogging,101,38,5,6,8,3,0.76,18.81,Blocked,Severe,0,0,0,1,Critical,1,29.849695,78.211224,9.91,1.54,3.13,1124,P1
UKD-001730,Cloudburst,Missing Person,58,34,4,5,11,10,2.89,40.05,Blocked,Moderate,0,1,1,1,Moderate,0,29.498794,79.365858,14.99,0.91,9.98,553,P1
UKD-005329,Cloudburst,Flooded Road,38,16,1,3,11,6,2.77,50.2,Blocked,None,0,1,1,1,Moderate,0,30.173682,78.027379,10.22,5.29,1.23,1837,P3
UKD-000908,Flood,Evacuation Request,56,39,1,6,7,6,3.11,61.14,Blocked,Minor,0,0,1,1,Critical,1,28.99141,79.571735,13.47,6.72,4.34,2178,P1
UKD-001336,Earthquake,Damaged House,91,51,1,3,10,3,0.18,3.77,Partially Blocked,Moderate,0,0,0,1,Critical,1,30.004813,78.122296,3.41,2.32,3.47,1458,P1
UKD-001394,Flood,Missing Person,89,55,4,7,16,1,3.45,55.58,Blocked,None,0,1,1,1,Critical,1,30.155923,78.669685,10.27,7.11,13.57,745,P1
UKD-000961,Cloudburst,Trapped People,94,62,2,3,6,3,2.27,49.68,Partially Blocked,Severe,0,0,0,1,Moderate,0,30.185208,78.889264,3.49,6.71,3.99,641,P1
UKD-000240,Landslide,Injured Person,66,45,11,3,7,4,1.01,20.6,Blocked,Severe,0,1,1,1,Moderate,0,30.03829,79.855779,11.03,4.41,10.92,277,P1
UKD-000200,Earthquake,Trapped People,93,79,1,3,20,11,0.14,3.58,Blocked,Severe,0,1,1,1,Critical,1,30.54828,78.475733,4.5,7.1,5.77,315,P1
UKD-002418,Flood,Flooded Road,200,28,1,0,7,9,5.0,100.0,Blocked,Moderate,0,0,1,0,None,0,29.366571,79.456272,3.53,5.39,5.82,551,P2
UKD-005470,Earthquake,Injured Person,5,0,1,0,1,2,0.02,0.4,Open,Minor,1,1,1,1,Low,0,30.451614,78.136385,9.91,0.74,4.27,923,P3
UKD-004311,Flood,Injured Person,2,0,1,0,2,0,0.29,7.3,Open,Minor,1,1,1,1,Low,0,29.311277,80.133111,18.89,8.38,17.18,275,P3
UKD-004715,Flood,Waterlogging,8,1,0,1,1,0,2.94,61.55,Partially Blocked,Minor,0,1,1,1,Low,0,30.346762,78.313825,13.32,4.35,25.11,96,P3
UKD-005791,Flood,Evacuation Request,43,19,1,2,6,9,3.22,71.16,Partially Blocked,Moderate,0,0,1,0,None,0,30.423258,78.549489,30.0,2.74,8.86,78,P3
UKD-000326,Landslide,Missing Person,84,58,6,9,12,4,0.73,15.85,Blocked,Severe,0,0,0,1,Low,1,30.214751,78.996692,3.31,20.0,13.92,135,P1
UKD-002678,Flood,Flooded Road,62,8,3,1,7,8,1.92,49.92,Partially Blocked,None,1,0,1,0,None,0,30.228786,77.911215,2.31,2.4,3.71,2028,P2
UKD-005824,Landslide,Damaged House,15,7,0,0,3,2,0.23,4.39,Open,None,0,0,1,0,None,0,30.051872,78.779968,2.89,3.87,7.84,437,P3
UKD-004419,Cloudburst,Trapped People,6,2,0,0,2,1,0.56,11.77,Open,None,1,1,1,1,Moderate,0,30.501758,78.369492,4.08,8.42,4.58,156,P3
UKD-000102,Landslide,Infrastructure Damage,76,48,1,0,9,4,0.73,10.85,Blocked,Moderate,0,0,1,1,Moderate,1,30.346439,78.926486,16.67,7.63,18.94,188,P1
UKD-001738,Landslide,Infrastructure Damage,51,22,6,1,14,2,0.98,16.64,Blocked,Severe,1,0,1,1,Critical,1,30.481686,79.5972,14.49,9.04,23.53,581,P1
UKD-005262,Landslide,Damaged House,5,1,0,1,0,1,0.37,8.86,Partially Blocked,Moderate,1,1,1,1,Moderate,0,30.199327,78.007319,8.64,2.85,5.14,1045,P3
UKD-000878,Landslide,Infrastructure Damage,16,10,2,0,2,2,0.83,17.86,Blocked,Moderate,0,1,0,1,Moderate,0,30.272947,78.819731,19.79,14.69,6.67,2479,P1
UKD-005893,Cloudburst,Trapped People,3,1,0,0,3,0,0.86,16.81,Partially Blocked,None,1,1,1,0,None,0,31.042692,78.561,6.25,3.45,9.4,402,P3
UKD-000409,Earthquake,Injured Person,29,10,10,1,4,2,0.09,2.46,Open,Minor,0,1,1,1,Moderate,1,30.12022,78.72437,6.08,5.3,8.0,479,P1
UKD-003746,Earthquake,Injured Person,33,13,11,3,8,3,0.09,2.24,Partially Blocked,Moderate,0,1,0,1,Moderate,0,30.296289,78.582702,20.72,3.64,9.53,467,P2
UKD-001245,Flood,Evacuation Request,5,2,0,1,3,1,2.17,38.69,Open,None,0,1,1,0,None,0,29.030495,79.516769,6.54,1.55,0.99,1632,P1
UKD-002288,Cloudburst,Damaged House,73,32,1,3,12,5,1.68,37.35,Partially Blocked,Moderate,0,1,0,1,Moderate,0,28.994562,79.49316,5.55,4.91,3.08,1456,P2
UKD-001355,Cloudburst,Damaged House,51,14,5,1,10,8,2.15,46.31,Blocked,Minor,1,0,0,1,Moderate,1,29.641586,80.161623,30.0,13.22,12.51,145,P1
UKD-002858,Landslide,Trapped People,26,18,1,0,4,0,0.26,8.3,Blocked,Moderate,1,0,1,1,Moderate,0,30.413068,78.585154,23.08,4.51,16.18,663,P2
UKD-000894,Flood,Flooded Road,10,3,0,0,3,1,3.05,54.39,Blocked,Minor,1,0,1,0,None,0,29.539618,79.608162,12.46,3.26,3.96,201,P1
UKD-001182,Flood,Evacuation Request,34,20,3,3,2,1,2.62,55.16,Blocked,Minor,0,1,1,1,Low,0,30.228794,78.865729,5.29,11.11,24.55,852,P1
UKD-004656,Landslide,Missing Person,28,13,3,12,8,2,0.41,9.25,Blocked,Minor,0,0,0,1,Moderate,0,30.431315,78.383644,15.91,4.23,2.43,436,P3
UKD-005323,Flood,Injured Person,6,0,1,0,0,1,0.83,11.91,Open,None,1,1,1,1,Low,0,30.273805,78.901922,16.8,3.18,10.8,4407,P3
UKD-003699,Earthquake,Injured Person,13,5,2,1,2,0,0.08,1.76,Open,Minor,0,1,1,1,Low,0,29.785625,78.154577,4.17,1.18,10.89,1722,P2
UKD-004467,Flood,Evacuation Request,68,30,4,1,7,5,2.43,46.38,Partially Blocked,Minor,0,1,1,1,Moderate,0,29.537883,79.677925,12.41,6.54,7.05,232,P3
UKD-004326,Earthquake,Infrastructure Damage,11,3,1,0,0,0,0.03,0.65,Partially Blocked,None,0,1,1,1,Low,0,28.859567,79.609884,6.36,1.48,3.49,1697,P3
UKD-000731,Flood,Flooded Road,160,29,7,2,5,11,3.05,86.41,Blocked,None,0,0,1,1,Critical,1,30.324702,79.397717,24.19,8.71,24.69,92,P1
UKD-001033,Cloudburst,Flooded Road,124,9,3,4,3,4,3.23,48.69,Open,Minor,0,1,0,0,None,0,30.563239,78.483281,15.02,8.12,10.96,285,P1
UKD-003067,Landslide,Evacuation Request,58,7,1,2,5,6,0.42,8.15,Partially Blocked,None,1,1,1,0,None,0,30.256929,77.918693,4.74,3.74,0.5,939,P2
UKD-005659,Landslide,Damaged House,17,2,2,0,4,1,0.35,5.44,Open,Moderate,1,1,1,1,Low,0,30.133247,79.642258,8.53,6.18,11.77,304,P3
UKD-004897,Flood,Damaged House,58,37,3,3,16,12,2.23,69.08,Blocked,Moderate,0,0,1,1,Moderate,0,28.908031,79.587855,9.26,0.2,8.4,1598,P3
UKD-000978,Flood,Missing Person,200,50,7,9,15,11,3.11,96.74,Partially Blocked,Moderate,0,0,1,1,Moderate,1,30.158303,78.918044,30.0,10.49,14.66,588,P1
UKD-004970,Landslide,Missing Person,7,2,0,1,2,0,0.13,3.25,Partially Blocked,None,1,0,1,0,None,0,29.328914,79.405615,11.13,14.03,5.98,1467,P3
UKD-002623,Cloudburst,Damaged House,54,24,0,3,9,5,3.26,78.34,Partially Blocked,Minor,0,0,0,1,Moderate,0,30.083554,78.871143,7.78,2.9,0.5,403,P2
UKD-001226,Landslide,Trapped People,116,75,5,4,16,3,0.62,16.06,Partially Blocked,Severe,0,1,1,1,Low,1,30.687449,78.384936,15.34,14.42,13.69,54,P1
UKD-001210,Flood,Damaged House,200,50,9,8,14,3,3.28,74.48,Open,Severe,0,1,0,1,Critical,1,29.014251,79.619879,7.23,0.89,0.5,631,P1
UKD-005481,Flood,Missing Person,38,21,4,7,4,7,2.51,58.49,Blocked,Minor,1,0,1,1,Low,1,29.926106,78.26021,10.03,3.03,9.69,5930,P3
UKD-000587,Flood,Evacuation Request,29,12,2,3,6,2,2.94,62.32,Partially Blocked,Minor,1,0,1,0,None,0,30.227645,78.659954,5.4,12.12,13.57,514,P1
UKD-005455,Flood,Waterlogging,28,3,0,0,12,1,1.31,43.09,Partially Blocked,None,1,1,1,0,None,0,29.869572,78.164762,2.45,3.75,2.25,1046,P3
UKD-002821,Landslide,Infrastructure Damage,70,31,1,1,13,6,0.53,9.51,Partially Blocked,Moderate,0,1,1,1,Critical,1,30.123256,78.923647,9.74,11.5,8.34,135,P2
UKD-005756,Flood,Trapped People,7,3,0,0,2,1,1.74,49.46,Open,Minor,1,0,1,1,Low,0,30.127647,78.804105,5.54,3.93,3.89,617,P3
UKD-002719,Cloudburst,Flooded Road,61,13,2,7,9,4,4.34,92.54,Blocked,Moderate,1,0,0,1,Moderate,1,29.534119,79.705838,4.35,11.18,9.71,955,P2
UKD-005625,Earthquake,Waterlogging,43,7,0,0,11,8,0.62,14.73,Partially Blocked,Moderate,0,1,1,0,None,0,30.467744,78.373029,7.13,2.72,22.04,217,P3
UKD-001761,Cloudburst,Evacuation Request,99,30,1,0,16,11,2.95,72.55,Partially Blocked,Moderate,1,1,0,1,Critical,1,30.379657,78.979309,7.66,4.3,8.79,135,P1
UKD-003050,Landslide,Injured Person,80,21,3,1,4,4,0.48,8.58,Partially Blocked,Moderate,1,1,1,0,None,0,28.857127,79.428709,8.17,2.05,1.47,521,P2
UKD-001870,Flood,Damaged House,115,41,2,3,7,6,4.76,74.07,Open,Moderate,0,1,0,0,None,0,30.257804,78.020059,3.28,1.06,8.58,3972,P1
UKD-001545,Flood,Trapped People,51,38,2,5,8,3,3.49,85.07,Blocked,Severe,1,0,0,1,Critical,1,30.340174,77.966824,2.83,5.34,3.28,1848,P1
UKD-000473,Earthquake,Damaged House,7,1,0,0,1,2,0.12,2.03,Blocked,Moderate,0,0,1,0,None,0,29.652722,79.726522,15.1,3.75,7.79,1039,P1
UKD-005240,Landslide,Flooded Road,3,0,0,0,1,0,1.12,12.77,Partially Blocked,Severe,1,1,1,0,None,0,30.048787,78.125984,3.43,4.62,2.72,1560,P3
UKD-001159,Earthquake,Damaged House,61,36,4,1,16,1,0.15,2.34,Blocked,Severe,0,0,1,1,Critical,1,29.593115,79.581695,9.44,5.75,8.15,636,P1
UKD-000133,Landslide,Infrastructure Damage,8,3,0,0,1,1,0.27,7.61,Blocked,Minor,0,1,1,1,Moderate,1,30.567116,79.410877,13.4,20.0,15.34,125,P1
UKD-001537,Landslide,Injured Person,21,12,5,4,8,3,0.92,18.59,Blocked,Severe,0,1,0,1,Low,1,30.575783,78.836591,12.47,7.76,4.66,501,P1
UKD-002489,Flood,Waterlogging,34,6,4,1,5,1,2.55,46.95,Partially Blocked,Moderate,0,1,1,1,Low,1,30.363458,77.954305,11.52,1.76,2.4,1789,P2
UKD-001633,Cloudburst,Trapped People,107,87,0,3,12,8,3.49,44.33,Blocked,Minor,0,0,1,1,Low,1,29.962484,78.241628,5.76,9.6,5.85,2937,P1
UKD-001322,Landslide,Evacuation Request,152,58,5,8,10,7,1.05,20.45,Blocked,Severe,0,0,0,1,Moderate,1,30.103583,78.045415,3.44,5.99,5.31,1325,P1
UKD-005428,Cloudburst,Evacuation Request,10,1,0,1,5,1,0.71,15.83,Partially Blocked,None,1,1,1,0,None,0,30.199708,78.408029,15.02,9.86,10.54,110,P3
UKD-001189,Cloudburst,Missing Person,26,16,7,5,6,1,3.31,55.91,Partially Blocked,Severe,0,1,0,1,Moderate,0,30.081371,79.643708,16.73,20.0,7.52,168,P1
UKD-004379,Cloudburst,Infrastructure Damage,43,3,2,0,10,5,1.0,27.81,Open,None,1,1,1,1,Moderate,1,29.789531,78.150413,3.46,1.29,1.46,753,P3
UKD-003972,Landslide,Infrastructure Damage,132,61,0,0,8,5,0.55,11.11,Blocked,None,0,1,1,1,Low,0,30.357326,77.911862,1.12,1.37,4.55,5064,P2
UKD-004817,Flood,Flooded Road,26,4,1,5,3,1,1.18,24.4,Partially Blocked,Minor,1,1,0,1,Low,1,30.409696,77.920989,5.36,2.98,1.8,1889,P3
UKD-000682,Flood,Missing Person,53,34,5,5,8,5,2.41,50.56,Blocked,Severe,0,0,1,1,Low,0,30.062107,78.796214,11.12,7.09,2.66,1153,P1
UKD-001778,Flood,Missing Person,164,50,9,7,17,10,4.62,95.14,Partially Blocked,Severe,1,0,0,1,Moderate,1,29.695507,79.684321,10.12,4.8,1.62,249,P1
UKD-004406,Earthquake,Damaged House,42,25,5,2,12,3,0.1,2.5,Partially Blocked,Minor,0,1,1,1,Moderate,1,30.247831,78.046314,5.88,2.36,7.26,1489,P3
UKD-004601,Earthquake,Evacuation Request,14,2,1,0,5,2,0.04,1.12,Open,Minor,1,1,1,0,None,0,29.932041,78.31711,1.37,4.46,2.52,818,P3
UKD-004563,Flood,Flooded Road,11,1,1,0,2,2,1.06,26.84,Blocked,None,0,1,1,1,Moderate,0,30.17979,78.768888,10.59,7.13,11.43,663,P3
UKD-002903,Flood,Damaged House,52,34,4,0,5,18,1.59,35.06,Blocked,Severe,0,0,1,1,Low,1,30.251287,78.004854,0.5,3.57,6.1,1004,P2
UKD-005687,Cloudburst,Flooded Road,10,2,0,0,3,0,1.81,37.68,Partially Blocked,Moderate,0,1,1,0,None,0,30.265632,78.017108,4.24,5.41,0.5,1437,P3
UKD-003552,Earthquake,Trapped People,20,10,1,3,5,4,0.1,1.84,Partially Blocked,Moderate,0,0,0,1,Moderate,1,29.621653,80.063128,8.24,3.99,12.7,143,P2
UKD-005643,Landslide,Trapped People,6,1,0,0,2,2,0.12,2.47,Open,None,1,1,1,0,None,0,30.30319,78.016431,6.38,2.33,3.25,1821,P3
UKD-001375,Landslide,Trapped People,23,20,1,2,7,1,0.85,13.93,Blocked,Moderate,0,0,1,1,Critical,1,30.353968,78.100651,0.99,3.08,13.64,2245,P1
UKD-001946,Landslide,Infrastructure Damage,46,23,1,1,2,4,0.71,12.27,Partially Blocked,Moderate,0,1,1,1,Critical,1,30.253655,78.551879,2.5,4.77,6.19,131,P1
UKD-000169,Landslide,Missing Person,20,10,5,8,0,5,0.82,16.25,Blocked,Severe,1,0,0,1,Critical,1,30.26526,78.576103,6.18,8.83,2.22,349,P1
UKD-004072,Flood,Flooded Road,50,2,1,1,8,6,1.38,36.96,Open,None,1,1,1,1,Low,1,30.300212,78.028945,5.58,2.56,0.62,2668,P3
UKD-004748,Earthquake,Trapped People,31,15,1,2,8,3,0.04,1.08,Blocked,Minor,1,1,1,1,Low,0,29.456894,79.340574,2.93,5.44,9.94,487,P3
UKD-000502,Cloudburst,Flooded Road,59,3,6,2,19,4,3.29,58.94,Open,Severe,1,0,1,0,None,0,30.384572,78.985658,12.49,14.77,21.21,166,P1
UKD-001804,Earthquake,Missing Person,32,8,1,8,8,4,0.06,1.55,Open,Moderate,1,1,0,0,None,0,30.638896,79.446574,12.09,11.02,26.64,134,P1
UKD-000882,Cloudburst,Trapped People,62,53,0,2,13,5,3.36,44.24,Blocked,Moderate,0,1,0,0,None,0,29.450613,79.48148,2.36,6.07,6.37,643,P1
UKD-000707,Landslide,Damaged House,68,47,6,5,11,4,0.62,15.41,Blocked,Severe,0,0,1,1,Moderate,1,29.380891,79.374388,6.11,5.19,8.89,658,P1
UKD-003367,Landslide,Infrastructure Damage,40,14,0,5,9,8,0.35,9.1,Partially Blocked,Minor,0,0,0,0,None,0,29.505063,79.554243,4.7,5.03,7.37,653,P2
UKD-002324,Flood,Missing Person,38,26,2,7,6,4,3.76,69.26,Blocked,Minor,0,0,0,1,Moderate,1,29.942467,78.04666,2.92,5.02,2.86,1786,P2
UKD-002894,Earthquake,Damaged House,33,14,2,0,2,2,0.09,2.33,Blocked,Severe,1,1,1,1,Moderate,1,29.807511,78.23429,3.96,2.69,9.38,1934,P2
UKD-003817,Flood,Evacuation Request,57,34,3,1,8,8,1.6,39.51,Blocked,None,0,1,1,1,Low,1,29.013884,79.506242,1.46,7.98,1.7,3813,P2
UKD-002560,Flood,Flooded Road,38,2,3,2,5,4,1.85,55.51,Open,Moderate,1,0,1,1,Critical,1,28.941403,79.620383,3.18,2.52,3.41,4130,P2
UKD-000231,Landslide,Injured Person,1,1,1,0,1,0,0.57,9.41,Blocked,Moderate,1,0,1,1,Low,0,30.429489,79.090134,26.99,12.64,1.51,149,P1
UKD-005092,Flood,Waterlogging,10,1,0,1,2,1,1.95,54.04,Partially Blocked,Minor,0,0,0,0,None,0,29.470396,80.234026,2.92,8.99,6.48,302,P3
UKD-001555,Landslide,Evacuation Request,16,2,0,0,2,1,0.43,9.6,Open,Severe,1,1,0,1,Low,1,30.022693,78.173373,3.65,5.0,2.35,2725,P1
UKD-004240,Earthquake,Trapped People,9,1,0,0,2,1,0.01,0.27,Open,Minor,1,1,1,0,None,0,30.238824,77.97695,4.29,2.89,2.44,1895,P3
UKD-005095,Landslide,Injured Person,3,0,2,0,0,0,0.09,2.09,Open,Minor,1,1,0,1,Low,0,29.313529,79.533068,3.54,5.17,8.72,535,P3
UKD-004787,Landslide,Evacuation Request,6,0,0,0,0,0,0.07,1.81,Partially Blocked,Minor,1,1,1,0,None,0,29.432943,79.359394,4.3,3.56,6.25,384,P3
UKD-003602,Flood,Damaged House,72,28,1,3,6,2,3.19,50.84,Blocked,Moderate,1,1,0,1,Moderate,0,30.494936,79.338937,5.29,20.0,17.26,202,P2
UKD-005218,Flood,Waterlogging,3,0,0,0,0,0,1.76,40.16,Blocked,None,0,1,1,0,None,0,30.531545,79.372796,30.0,10.99,7.96,284,P3
UKD-005076,Cloudburst,Evacuation Request,24,7,0,1,4,0,1.06,31.25,Partially Blocked,Moderate,1,0,1,1,Low,1,29.885845,79.755561,12.5,10.2,14.3,479,P3
UKD-000018,Landslide,Evacuation Request,47,11,5,3,15,5,0.52,8.7,Partially Blocked,Minor,1,1,0,1,Critical,1,29.832604,78.197945,3.46,0.21,1.95,1281,P1
UKD-005176,Earthquake,Damaged House,94,45,3,0,6,9,0.14,2.75,Partially Blocked,Minor,0,1,1,1,Moderate,1,29.93435,79.605531,3.98,10.7,22.95,173,P3
UKD-002869,Landslide,Trapped People,142,36,2,0,18,10,0.61,13.94,Open,Moderate,1,1,1,1,Moderate,1,29.96038,78.132444,5.23,1.81,4.6,1316,P2
UKD-001655,Landslide,Missing Person,22,12,3,5,2,4,0.95,16.78,Blocked,Minor,0,0,1,1,Moderate,1,30.085881,78.796871,4.24,1.74,12.73,764,P1
UKD-001130,Cloudburst,Flooded Road,78,23,6,4,6,8,4.25,79.83,Blocked,Severe,0,0,1,1,Moderate,1,29.591131,79.61375,10.78,4.59,9.08,1085,P1
UKD-002330,Cloudburst,Flooded Road,24,4,2,2,4,2,1.87,33.64,Blocked,Severe,1,0,0,1,Low,0,29.574452,79.610846,8.34,13.51,4.49,1887,P2
UKD-001091,Flood,Evacuation Request,200,71,2,2,6,3,4.26,78.4,Blocked,Moderate,0,0,0,1,Critical,1,29.53837,79.679151,12.22,8.78,12.2,885,P1
UKD-005604,Cloudburst,Infrastructure Damage,34,18,2,2,12,4,1.32,27.87,Blocked,Minor,0,1,1,1,Moderate,0,28.868037,79.495378,4.81,1.04,4.85,4631,P3
UKD-004459,Landslide,Infrastructure Damage,2,0,0,0,0,0,0.17,5.02,Partially Blocked,None,1,0,1,0,None,0,29.308148,79.398932,6.02,2.83,1.68,478,P3
UKD-001499,Earthquake,Trapped People,74,43,2,2,9,6,0.08,1.81,Blocked,Moderate,1,1,0,1,Low,0,28.988756,79.442889,24.59,2.42,13.7,2794,P1
UKD-003034,Earthquake,Evacuation Request,124,48,0,2,11,2,0.09,2.63,Partially Blocked,Moderate,0,1,0,1,Moderate,0,30.618576,78.405917,23.27,8.11,17.78,297,P2
UKD-001882,Flood,Injured Person,41,18,3,2,6,5,2.23,43.01,Blocked,None,1,0,1,0,None,0,30.347302,78.119296,2.85,2.85,4.37,1547,P1
UKD-002663,Flood,Evacuation Request,47,23,1,1,11,4,2.86,58.08,Partially Blocked,Minor,0,0,1,1,Moderate,1,29.834367,78.065676,5.96,2.63,5.36,2446,P2
UKD-005114,Landslide,Trapped People,127,80,4,3,5,4,0.69,10.37,Blocked,Moderate,0,1,1,1,Moderate,1,30.435738,79.22805,9.14,8.29,7.88,390,P3
UKD-003414,Flood,Waterlogging,30,5,3,5,4,6,3.86,56.91,Partially Blocked,Severe,1,0,1,1,Moderate,1,29.918935,78.342114,4.6,4.14,4.87,579,P2
UKD-000697,Flood,Injured Person,34,20,5,3,20,2,3.71,64.22,Partially Blocked,Minor,0,0,1,1,Critical,1,29.591666,79.614906,28.18,1.63,15.81,394,P1
UKD-004424,Cloudburst,Damaged House,54,18,1,4,4,8,1.31,30.22,Partially Blocked,None,0,1,0,0,None,0,30.309172,78.948525,14.22,2.39,9.9,298,P3
UKD-003485,Earthquake,Infrastructure Damage,54,27,1,1,10,3,0.06,1.46,Partially Blocked,Minor,0,1,1,1,Low,0,29.896524,78.293957,2.96,3.46,2.54,3577,P2
UKD-000536,Cloudburst,Waterlogging,26,9,2,4,5,1,3.91,84.21,Open,Severe,0,0,0,1,Low,0,29.433135,79.470947,1.25,4.29,5.15,491,P1
UKD-002628,Earthquake,Evacuation Request,58,4,1,1,16,4,0.05,1.24,Open,None,1,1,1,1,Low,0,30.250561,78.72411,1.99,11.57,1.67,2072,P2
UKD-003164,Flood,Flooded Road,27,2,0,0,2,10,1.99,32.43,Partially Blocked,None,1,1,1,0,None,0,30.178319,78.681801,10.55,3.12,4.4,812,P2
UKD-003493,Flood,Evacuation Request,200,68,3,4,10,4,4.55,78.5,Blocked,None,0,1,1,1,Critical,1,29.071405,79.444915,7.21,9.28,2.96,1232,P2
UKD-003654,Earthquake,Infrastructure Damage,57,7,3,3,6,6,0.1,1.34,Open,Moderate,1,0,0,1,Moderate,1,29.272287,80.080447,12.96,4.98,16.95,400,P2
UKD-002595,Earthquake,Evacuation Request,21,10,0,1,1,0,0.08,1.1,Partially Blocked,Minor,0,1,0,0,None,0,29.365444,79.44847,2.37,3.33,6.08,759,P2
UKD-005718,Flood,Flooded Road,1,0,0,0,1,0,1.14,24.22,Open,None,1,1,1,0,None,0,29.454471,79.411143,1.65,6.49,2.17,407,P3
UKD-005511,Flood,Flooded Road,6,0,1,0,1,1,1.44,24.17,Partially Blocked,None,1,1,1,1,Moderate,1,28.866355,79.475509,3.58,2.17,4.34,4896,P3
UKD-001048,Landslide,Trapped People,146,83,4,0,5,9,0.82,14.67,Blocked,Severe,0,0,1,1,Moderate,0,29.862145,78.3094,4.36,1.68,5.34,1648,P1
UKD-005685,Cloudburst,Evacuation Request,23,4,1,2,1,7,1.23,30.39,Partially Blocked,Moderate,1,0,0,1,Moderate,0,29.037722,79.475321,4.85,3.16,13.61,2402,P3
UKD-005019,Flood,Infrastructure Damage,61,20,4,0,15,5,2.81,43.31,Blocked,Severe,1,1,0,0,None,0,30.326496,78.060631,2.59,2.55,10.2,1402,P3
UKD-000015,Landslide,Infrastructure Damage,130,56,2,2,6,5,0.73,15.87,Blocked,Minor,0,1,1,0,None,0,30.648809,79.321049,29.03,7.92,11.11,180,P1
UKD-003743,Earthquake,Injured Person,28,11,14,2,11,3,0.11,2.28,Blocked,Severe,1,0,1,1,Critical,1,30.340276,79.572437,3.27,20.0,10.28,492,P2
UKD-004308,Flood,Waterlogging,2,1,0,0,0,0,1.54,41.28,Blocked,Moderate,1,1,1,1,Low,0,28.93595,79.485511,1.82,8.75,2.27,1075,P3
UKD-005874,Flood,Evacuation Request,17,0,1,2,0,2,1.66,22.05,Open,None,1,0,1,1,Low,1,28.938159,79.456187,5.15,4.83,3.05,2000,P3
UKD-002348,Cloudburst,Trapped People,59,35,2,0,18,9,1.7,42.36,Open,Severe,0,1,1,1,Low,0,30.823724,78.683303,15.29,6.66,21.56,100,P2
UKD-005691,Landslide,Evacuation Request,1,0,0,0,0,0,0.06,1.32,Partially Blocked,None,0,1,1,0,None,0,30.360868,78.114374,12.82,2.31,6.38,1659,P3
UKD-001565,Landslide,Missing Person,49,24,3,7,7,4,0.74,14.2,Partially Blocked,Moderate,0,1,0,1,Moderate,0,30.434813,78.528757,20.08,20.0,10.21,274,P1
UKD-005620,Flood,Injured Person,6,2,1,0,0,0,0.76,12.04,Open,Minor,0,1,1,1,Moderate,0,29.975131,78.001552,4.29,1.03,4.76,1685,P3
UKD-001865,Earthquake,Waterlogging,80,16,6,1,10,6,0.76,19.0,Blocked,Severe,1,1,1,1,Critical,1,30.174861,78.792953,10.87,12.87,15.04,1184,P1
UKD-003095,Landslide,Evacuation Request,71,19,2,1,6,7,0.45,6.7,Partially Blocked,None,1,1,1,0,None,0,30.360676,77.935488,1.6,2.25,8.8,2552,P2
UKD-000066,Earthquake,Infrastructure Damage,88,21,1,1,12,2,0.07,1.92,Partially Blocked,Moderate,1,1,1,1,Low,0,30.41695,78.136509,8.37,7.3,6.0,2273,P1
UKD-003404,Flood,Flooded Road,54,7,3,1,4,8,3.45,71.44,Open,Moderate,1,1,1,0,None,0,30.793632,78.542163,4.79,17.02,17.48,108,P2
UKD-005410,Landslide,Missing Person,5,0,0,1,2,0,0.07,2.0,Open,Moderate,1,1,1,0,None,0,30.319983,78.138342,8.26,3.59,0.53,1037,P3
UKD-005855,Earthquake,Trapped People,40,28,3,0,7,10,0.07,1.7,Partially Blocked,None,0,1,1,0,None,0,30.316126,77.932284,1.93,4.6,4.65,9486,P3
UKD-002411,Landslide,Trapped People,79,63,7,3,6,4,0.61,16.31,Blocked,Severe,0,1,0,1,Critical,1,29.459728,80.226253,13.02,6.04,11.53,361,P2
UKD-005770,Flood,Trapped People,25,12,0,0,7,2,1.82,29.89,Partially Blocked,Moderate,0,1,1,1,Low,0,30.135574,78.853634,8.73,8.3,3.9,1141,P3
UKD-002842,Landslide,Evacuation Request,177,61,4,0,8,6,0.64,12.73,Blocked,Severe,0,1,1,1,Critical,1,29.365214,80.204548,16.84,7.89,14.86,1726,P2
UKD-002009,Flood,Infrastructure Damage,37,5,1,0,12,4,1.88,32.38,Open,None,1,1,1,1,Moderate,1,30.355417,78.469491,10.63,8.98,7.23,287,P2
UKD-001273,Landslide,Injured Person,39,24,9,2,11,5,0.77,15.85,Blocked,Severe,0,1,1,1,Moderate,1,30.47186,78.411951,10.41,4.95,17.23,372,P1
UKD-004946,Flood,Flooded Road,200,23,5,4,5,7,3.56,57.11,Blocked,Severe,0,0,1,1,Low,0,30.26517,78.432122,11.61,9.52,3.72,170,P3
UKD-001895,Flood,Injured Person,21,6,8,1,3,6,4.06,69.46,Open,Severe,0,1,1,1,Critical,1,30.23672,78.016722,6.15,4.22,4.84,3063,P1
UKD-004318,Landslide,Trapped People,72,38,5,6,2,7,0.41,10.06,Partially Blocked,Severe,1,0,0,1,Moderate,1,30.71326,78.482596,6.6,10.44,16.21,381,P3
UKD-001972,Flood,Injured Person,27,11,5,1,3,3,2.37,46.4,Blocked,Moderate,1,0,1,1,Moderate,1,30.027132,78.262605,9.12,5.3,4.43,2232,P1
UKD-004096,Landslide,Trapped People,53,40,1,1,13,10,0.6,12.99,Blocked,Moderate,0,0,0,1,Low,0,30.520745,78.798564,14.64,13.08,11.88,569,P3
UKD-000089,Flood,Evacuation Request,37,25,8,0,10,4,4.26,63.5,Blocked,Minor,0,0,1,1,Critical,1,28.923319,79.512757,7.51,2.76,4.46,644,P1
UKD-003091,Cloudburst,Waterlogging,15,3,0,0,5,2,3.51,74.59,Blocked,Minor,1,0,1,1,Low,1,30.163623,78.000491,5.58,7.87,4.57,1581,P2
UKD-004884,Flood,Waterlogging,53,15,2,3,9,11,3.45,60.33,Blocked,None,0,1,0,1,Critical,1,29.952521,78.143246,8.01,0.78,5.0,3360,P3
UKD-001500,Cloudburst,Infrastructure Damage,81,54,1,2,18,6,3.07,76.62,Blocked,Moderate,0,1,0,1,Critical,1,29.992153,78.006384,6.79,4.57,4.84,1315,P1
UKD-002900,Flood,Waterlogging,31,0,4,1,1,4,1.86,38.36,Open,None,1,0,0,1,Low,0,30.000687,78.116736,2.88,2.23,0.5,1292,P2
UKD-001408,Earthquake,Trapped People,19,15,2,2,2,1,0.1,2.24,Partially Blocked,Severe,0,0,1,1,Moderate,0,30.235828,78.942193,24.7,11.97,7.95,354,P1
UKD-003460,Cloudburst,Infrastructure Damage,137,38,3,3,2,8,2.15,50.48,Blocked,None,1,1,1,1,Moderate,1,30.255358,79.10121,17.14,13.8,16.61,270,P2
UKD-003671,Flood,Flooded Road,79,15,1,2,15,3,2.37,40.45,Partially Blocked,None,0,0,1,0,None,0,29.865599,78.06538,6.5,3.57,5.47,4765,P2
UKD-004699,Flood,Flooded Road,72,12,2,0,8,11,3.28,51.35,Blocked,Moderate,1,1,1,1,Low,0,30.474506,79.27034,24.86,18.06,4.99,111,P3
UKD-005778,Landslide,Missing Person,68,29,4,7,15,10,0.45,11.35,Blocked,Moderate,1,1,1,0,None,0,29.338825,79.479643,6.4,2.48,9.4,410,P3
UKD-004504,Landslide,Infrastructure Damage,2,0,0,1,0,0,0.16,2.55,Open,None,1,1,1,0,None,0,30.337577,78.591309,3.58,16.13,27.22,227,P3
UKD-000764,Earthquake,Trapped People,32,21,0,2,9,5,0.13,2.88,Open,None,0,0,1,1,Moderate,1,30.316095,77.986721,3.95,0.23,5.42,2203,P1
UKD-001663,Flood,Damaged House,21,7,0,1,4,2,1.78,39.33,Open,Minor,0,1,0,0,None,0,29.010728,79.316135,3.5,1.34,9.45,951,P1
UKD-000421,Cloudburst,Injured Person,32,8,11,4,2,2,2.72,40.16,Partially Blocked,Severe,1,1,0,1,Critical,1,28.981019,79.535321,4.21,2.52,3.23,1602,P1
UKD-003015,Earthquake,Trapped People,72,52,2,2,9,5,0.08,2.2,Partially Blocked,Minor,0,1,1,1,Critical,1,29.870976,78.083832,3.97,0.55,8.43,3659,P2
UKD-002585,Cloudburst,Flooded Road,51,10,1,4,12,4,2.5,54.07,Blocked,None,0,0,1,1,Low,0,30.421293,77.98829,4.26,2.86,2.81,8355,P2
UKD-000374,Earthquake,Damaged House,38,6,4,2,5,2,0.09,1.78,Open,Moderate,1,1,1,1,Moderate,0,29.989758,78.205068,1.0,1.26,0.67,1007,P1
UKD-005032,Cloudburst,Infrastructure Damage,48,13,2,1,7,4,1.0,22.98,Blocked,Moderate,1,1,1,1,Low,1,29.013645,79.438346,6.8,6.23,4.38,3270,P3
UKD-004535,Flood,Evacuation Request,41,4,1,3,11,1,1.86,28.23,Open,None,1,0,1,1,Critical,1,29.987061,78.036493,2.44,3.14,0.5,5509,P3
UKD-002374,Earthquake,Injured Person,25,1,6,1,7,1,0.1,1.92,Partially Blocked,Moderate,1,0,1,1,Critical,1,29.546148,79.590013,8.63,4.58,3.36,1574,P2
UKD-002768,Landslide,Trapped People,32,16,5,1,4,11,0.69,13.58,Open,Minor,1,1,1,1,Critical,1,30.099022,78.71669,3.43,9.62,30.0,528,P2
UKD-003362,Flood,Infrastructure Damage,21,10,2,0,1,3,2.6,33.22,Blocked,Moderate,0,0,1,1,Moderate,1,29.401826,79.533305,26.67,2.79,1.76,236,P2
UKD-001833,Landslide,Trapped People,127,89,4,2,12,6,0.77,15.87,Blocked,Severe,0,0,1,1,Critical,1,30.898723,78.503573,16.94,5.39,18.4,103,P1
UKD-001621,Flood,Missing Person,57,39,4,9,6,3,4.19,93.66,Blocked,None,0,0,1,1,Moderate,1,29.668504,80.301522,11.99,14.1,15.94,583,P1
UKD-003276,Flood,Infrastructure Damage,57,17,2,2,8,11,2.05,53.2,Partially Blocked,Minor,1,0,1,1,Low,1,29.023704,79.531391,4.16,1.02,10.96,2163,P2
UKD-000539,Flood,Flooded Road,99,9,4,0,9,6,2.24,44.5,Partially Blocked,Severe,1,1,1,1,Low,0,29.096446,79.402652,5.35,8.63,11.67,1701,P1
UKD-003551,Cloudburst,Damaged House,27,13,2,2,8,4,2.4,37.02,Blocked,None,1,0,1,1,Low,0,29.627048,79.619328,7.28,5.25,15.53,319,P2
UKD-000756,Cloudburst,Injured Person,7,5,2,0,2,0,2.07,35.9,Blocked,Moderate,0,1,0,1,Critical,0,30.387785,78.102108,12.3,1.04,1.77,1471,P1
UKD-003607,Cloudburst,Waterlogging,19,5,3,0,7,1,3.27,60.69,Blocked,Moderate,0,1,1,0,None,0,30.762306,78.454173,13.0,3.14,4.63,168,P2
UKD-000535,Flood,Evacuation Request,25,3,2,0,2,2,1.65,22.11,Open,Minor,1,1,1,1,Low,0,29.00367,79.471552,3.66,3.81,2.71,1042,P1
UKD-001449,Earthquake,Damaged House,187,66,6,4,9,7,0.18,2.87,Blocked,Severe,0,0,1,1,Moderate,1,30.402206,77.992613,8.79,3.41,3.39,918,P1
UKD-000916,Cloudburst,Trapped People,53,42,3,1,20,8,3.07,43.93,Blocked,Minor,0,0,1,1,Moderate,1,29.801977,78.210871,8.35,5.98,1.83,853,P1
UKD-003128,Landslide,Missing Person,186,28,1,12,6,4,0.6,11.55,Partially Blocked,Minor,1,1,0,1,Moderate,1,29.443101,79.373611,3.42,4.53,11.53,798,P2
UKD-004940,Flood,Waterlogging,2,0,0,0,1,0,0.88,23.46,Partially Blocked,Minor,1,1,1,0,None,0,29.69376,80.241263,8.15,7.53,15.15,324,P3
UKD-005418,Earthquake,Damaged House,37,2,3,2,6,7,0.05,1.38,Open,Minor,1,1,1,0,None,0,29.83477,78.15427,6.71,1.06,7.92,1603,P3
UKD-000182,Cloudburst,Evacuation Request,128,53,7,2,8,8,2.61,60.09,Partially Blocked,Severe,0,0,1,1,Low,0,30.083224,78.227276,4.08,0.52,2.43,557,P1
UKD-001770,Landslide,Missing Person,137,54,4,6,10,6,0.85,16.53,Partially Blocked,Severe,0,0,1,1,Moderate,0,30.330545,78.090717,2.83,0.75,4.99,4153,P1
UKD-004610,Landslide,Missing Person,70,33,0,5,12,4,0.58,7.2,Partially Blocked,None,0,1,1,0,None,0,30.828803,78.357015,30.0,7.91,19.09,414,P3
UKD-002830,Flood,Trapped People,28,25,3,3,4,4,2.39,56.81,Partially Blocked,Minor,0,1,0,0,None,0,28.916829,79.561698,4.9,2.9,2.55,2291,P2
UKD-003314,Earthquake,Damaged House,14,3,0,0,1,3,0.04,1.2,Partially Blocked,Moderate,1,1,1,0,None,0,29.984189,78.126349,3.16,5.15,1.06,978,P2
UKD-005458,Flood,Damaged House,11,3,0,0,0,2,1.13,24.49,Partially Blocked,Minor,1,1,1,0,None,0,29.009162,79.538128,8.21,1.96,4.85,579,P3
UKD-001193,Flood,Injured Person,60,19,3,1,9,4,3.31,74.14,Open,Moderate,0,1,1,0,None,0,28.950188,79.422006,6.94,1.3,1.23,1135,P1
UKD-004082,Flood,Waterlogging,2,0,0,0,0,0,0.94,13.63,Open,Minor,1,1,1,0,None,0,29.981359,78.157327,3.26,1.25,2.4,1085,P3
UKD-002128,Earthquake,Trapped People,16,7,2,1,7,2,0.07,1.59,Open,Moderate,1,1,0,0,None,0,30.417435,78.024085,13.49,2.26,5.6,688,P2
UKD-005396,Flood,Waterlogging,27,4,2,3,4,3,3.29,71.53,Partially Blocked,Minor,0,1,1,1,Low,0,30.405537,79.398163,6.29,6.74,24.65,349,P3
UKD-000477,Cloudburst,Flooded Road,70,18,5,3,8,1,3.54,74.66,Blocked,Severe,0,0,0,1,Moderate,1,30.369837,78.12045,10.32,4.6,6.25,4257,P1
UKD-004921,Flood,Flooded Road,7,2,0,0,1,1,1.84,27.96,Blocked,None,1,1,1,0,None,0,30.315218,77.967785,1.55,2.58,1.17,2295,P3
UKD-001324,Landslide,Infrastructure Damage,37,10,2,0,7,6,0.46,10.83,Partially Blocked,Moderate,1,1,1,1,Moderate,1,30.34249,78.178079,0.74,1.61,3.69,1749,P1
UKD-000260,Flood,Waterlogging,94,14,2,2,10,8,4.84,84.21,Open,Minor,1,0,1,1,Critical,1,29.356675,79.508593,12.18,2.4,1.62,684,P1
UKD-000280,Landslide,Trapped People,163,87,5,3,14,4,0.7,14.68,Blocked,Moderate,0,1,1,1,Critical,1,30.172975,78.398985,26.19,8.62,7.34,543,P1
UKD-000562,Landslide,Trapped People,77,65,7,2,8,5,0.81,12.91,Blocked,Severe,0,1,0,1,Moderate,1,30.278095,78.100337,4.23,1.33,12.09,948,P1
UKD-004285,Cloudburst,Flooded Road,156,14,3,0,13,6,3.02,59.88,Open,Minor,0,1,1,1,Critical,1,29.779678,79.870668,7.51,8.3,2.47,458,P3
UKD-000199,Earthquake,Missing Person,90,26,2,5,9,3,0.12,2.17,Partially Blocked,Severe,1,0,1,1,Low,0,29.702481,79.631474,16.23,0.72,9.17,1712,P1
UKD-003930,Flood,Evacuation Request,74,46,7,3,10,7,3.12,52.6,Blocked,Severe,0,0,0,1,Moderate,1,30.800009,78.37268,12.18,5.68,16.74,64,P2
UKD-004378,Landslide,Missing Person,8,0,0,1,3,1,0.16,4.47,Open,None,1,1,0,0,None,0,28.876198,79.525025,2.24,1.12,1.69,6297,P3
UKD-002276,Flood,Waterlogging,52,8,1,1,12,2,3.31,57.73,Partially Blocked,Minor,0,1,1,0,None,0,28.942277,79.535241,2.64,1.73,1.88,1147,P2
UKD-001741,Flood,Flooded Road,152,26,6,2,2,3,3.77,78.62,Blocked,Severe,0,0,1,1,Critical,1,29.662016,80.293497,23.26,5.43,17.97,90,P1
UKD-001892,Landslide,Infrastructure Damage,44,19,1,1,11,6,0.55,16.63,Blocked,Moderate,1,1,1,1,Moderate,1,30.877934,78.559947,7.61,16.07,19.57,203,P1
UKD-001860,Earthquake,Infrastructure Damage,112,70,6,5,8,6,0.19,3.27,Blocked,Severe,0,0,0,1,Moderate,1,30.450548,79.410956,11.38,8.95,4.15,102,P1
UKD-004615,Cloudburst,Infrastructure Damage,44,29,1,1,6,3,2.11,40.57,Blocked,Moderate,0,1,1,1,Critical,1,28.928803,79.623812,2.98,5.87,2.57,1100,P3
UKD-005904,Landslide,Injured Person,7,0,4,0,0,0,0.24,3.41,Open,Moderate,1,1,1,1,Moderate,0,30.221992,77.962318,3.3,3.09,8.93,3124,P3
UKD-003027,Cloudburst,Flooded Road,7,1,0,0,1,2,2.2,39.38,Partially Blocked,None,1,0,1,0,None,0,30.662994,78.306885,12.44,5.21,10.69,86,P2
UKD-001384,Earthquake,Infrastructure Damage,130,20,3,1,9,6,0.1,2.2,Partially Blocked,Minor,1,0,1,1,Low,0,29.969616,78.285686,5.26,4.25,5.31,1385,P1
UKD-002092,Flood,Flooded Road,39,5,0,2,8,5,2.28,44.53,Blocked,Moderate,1,1,0,0,None,0,29.510987,79.730954,15.74,4.27,6.83,782,P2
UKD-003077,Flood,Evacuation Request,126,40,3,2,5,6,3.42,61.43,Partially Blocked,Moderate,0,1,1,1,Low,0,29.6032,79.491708,4.96,4.44,2.94,382,P2
UKD-004334,Landslide,Waterlogging,48,8,2,0,7,6,1.09,18.95,Partially Blocked,Minor,1,0,1,1,Critical,1,30.367326,78.028032,1.93,3.52,0.5,2415,P3
UKD-003199,Earthquake,Damaged House,10,0,0,0,1,1,0.02,0.54,Open,Minor,1,1,1,0,None,0,30.303217,78.021308,2.06,4.25,3.07,2279,P2
UKD-001600,Flood,Flooded Road,34,3,1,1,12,4,3.3,72.03,Open,Moderate,0,1,0,1,Low,0,29.049625,79.393027,7.39,1.67,0.74,2593,P1
UKD-002575,Flood,Trapped People,10,4,1,1,4,1,2.63,56.2,Partially Blocked,Moderate,1,0,0,1,Low,0,29.356953,79.405623,5.24,2.73,20.95,962,P2
UKD-001727,Flood,Missing Person,101,32,4,11,15,8,2.86,79.79,Partially Blocked,Minor,1,1,1,0,None,0,29.344185,79.429055,13.07,10.56,18.73,1665,P1
UKD-003238,Flood,Flooded Road,117,8,3,3,8,4,4.12,88.78,Open,Severe,1,1,1,0,None,0,30.272558,78.103704,0.79,1.09,7.71,2466,P2
UKD-005247,Landslide,Damaged House,11,0,0,1,1,1,0.33,5.98,Open,Minor,1,1,1,0,None,0,30.473975,78.562211,7.42,11.1,12.43,201,P3
UKD-005694,Landslide,Flooded Road,5,0,0,0,0,0,0.37,16.85,Open,None,1,1,1,0,None,0,28.908353,79.602398,1.29,1.67,2.88,1722,P3
UKD-004667,Earthquake,Injured Person,36,19,10,3,8,8,0.11,2.52,Blocked,Minor,0,1,1,1,Critical,1,29.448344,79.56004,13.42,11.92,26.52,729,P3
UKD-004793,Flood,Damaged House,3,0,0,0,1,0,0.69,15.34,Open,Minor,1,1,1,0,None,0,30.343043,78.004999,5.49,4.92,1.46,2405,P3
UKD-001224,Landslide,Missing Person,106,77,7,9,7,7,0.82,18.59,Blocked,Severe,0,0,0,1,Low,0,30.352945,78.433261,26.98,13.35,16.64,265,P1
UKD-001298,Flood,Damaged House,200,44,2,2,11,2,2.78,48.1,Partially Blocked,Moderate,0,1,1,1,Moderate,1,30.49873,79.064312,19.41,11.39,18.81,211,P1
UKD-002776,Flood,Flooded Road,34,4,2,3,4,6,2.15,52.23,Partially Blocked,Moderate,0,0,1,1,Moderate,1,29.037597,79.604922,18.26,1.54,4.32,3851,P2
UKD-000016,Landslide,Injured Person,118,77,13,1,5,4,0.74,13.98,Blocked,Severe,0,0,0,1,Critical,1,29.436215,80.248084,21.18,6.11,10.08,719,P1
UKD-005426,Earthquake,Trapped People,29,9,0,0,8,4,0.04,1.24,Open,Minor,1,1,1,1,Low,0,29.933208,78.110173,6.13,2.82,4.39,2123,P3
UKD-000352,Earthquake,Evacuation Request,30,4,0,2,3,1,0.11,2.16,Open,Moderate,1,1,0,1,Low,0,30.093024,78.112802,3.89,0.78,6.9,2249,P1
UKD-005405,Earthquake,Trapped People,50,21,0,0,4,4,0.06,1.16,Open,Moderate,0,1,1,1,Low,0,29.615894,79.930754,26.92,8.82,16.16,101,P3
UKD-001363,Earthquake,Infrastructure Damage,66,23,1,1,11,2,0.16,2.6,Blocked,Severe,1,0,1,1,Moderate,1,30.241166,78.173608,13.47,3.18,5.06,10000,P1
UKD-002171,Cloudburst,Flooded Road,42,4,4,2,3,5,2.23,58.73,Open,Severe,1,0,1,1,Moderate,1,30.354909,79.111121,6.22,11.95,30.0,256,P2
UKD-002032,Landslide,Trapped People,58,33,3,1,10,4,0.59,14.1,Open,Moderate,0,0,1,1,Moderate,1,29.542656,80.036277,4.9,5.25,2.91,395,P2
UKD-003814,Landslide,Damaged House,77,43,1,3,19,4,0.52,7.69,Blocked,Moderate,0,0,0,1,Moderate,0,30.310143,78.741512,14.8,20.0,11.38,523,P2
UKD-001023,Flood,Evacuation Request,200,73,2,0,8,0,3.86,62.04,Blocked,None,0,0,0,1,Moderate,1,30.11123,78.817205,5.56,3.61,3.48,1194,P1
UKD-000372,Flood,Flooded Road,116,34,1,1,1,6,3.65,97.32,Blocked,Moderate,0,1,1,1,Critical,1,30.002932,78.202398,8.34,1.09,16.59,1263,P1
UKD-002245,Earthquake,Trapped People,46,36,1,2,7,1,0.08,2.4,Blocked,Moderate,0,1,1,1,Moderate,1,30.120516,78.857621,3.88,4.24,4.35,554,P2
UKD-002314,Cloudburst,Evacuation Request,96,43,0,2,8,1,1.72,35.37,Partially Blocked,Moderate,0,1,0,1,Moderate,0,28.948902,79.426606,3.0,4.49,1.96,1444,P2
UKD-005861,Flood,Waterlogging,58,6,0,2,8,2,2.66,52.57,Partially Blocked,None,1,0,1,0,None,0,30.407052,77.977415,5.65,4.43,3.51,1589,P3
UKD-003797,Cloudburst,Infrastructure Damage,96,25,4,0,13,10,3.32,71.26,Open,Minor,1,0,1,1,Critical,1,29.909274,78.066562,5.15,6.01,10.98,4355,P2
UKD-003800,Earthquake,Evacuation Request,52,6,3,1,5,6,0.07,1.3,Partially Blocked,Minor,1,0,1,1,Low,0,30.354326,78.038265,4.46,2.98,11.6,615,P2
UKD-005805,Earthquake,Evacuation Request,55,9,1,6,11,8,0.1,1.81,Open,Moderate,1,0,0,1,Moderate,0,29.732414,79.667483,7.75,4.53,6.78,1207,P3
UKD-000743,Landslide,Flooded Road,133,13,2,0,5,1,1.51,24.73,Blocked,Moderate,1,1,0,1,Moderate,0,30.019629,78.78416,8.27,2.58,4.22,748,P1
UKD-001269,Landslide,Infrastructure Damage,82,26,2,1,7,8,0.59,17.11,Partially Blocked,Moderate,1,1,0,0,None,0,31.005566,78.394208,10.04,6.8,19.03,342,P1
UKD-002601,Earthquake,Infrastructure Damage,116,61,1,1,6,2,0.13,2.73,Blocked,Moderate,0,1,1,1,Moderate,1,30.023964,78.026829,2.85,6.92,3.76,1486,P2
UKD-001618,Flood,Injured Person,155,58,10,1,16,7,3.62,60.5,Partially Blocked,Severe,0,0,0,1,Critical,1,29.926744,78.216759,0.7,5.33,5.3,2426,P1
UKD-000806,Landslide,Damaged House,68,41,0,0,6,1,0.73,12.89,Blocked,Moderate,0,0,1,1,Moderate,0,29.480901,80.137991,28.14,11.05,17.03,135,P1
UKD-004797,Flood,Waterlogging,12,2,2,0,5,0,1.99,45.18,Partially Blocked,Moderate,0,1,1,1,Low,0,30.332971,78.002857,3.94,0.76,4.03,1157,P3
UKD-000684,Flood,Evacuation Request,163,63,5,4,15,6,3.02,44.22,Blocked,Severe,0,0,0,1,Moderate,1,29.350917,79.384249,3.97,3.91,7.41,1306,P1
UKD-004984,Cloudburst,Flooded Road,19,1,0,2,2,2,0.92,34.26,Open,None,1,1,0,0,None,0,30.202696,78.009833,6.38,2.1,1.65,1803,P3
UKD-003560,Flood,Damaged House,33,15,2,0,7,5,1.52,34.22,Partially Blocked,Moderate,0,1,1,1,Low,0,29.878066,78.097897,1.0,0.93,1.46,1788,P2
UKD-003853,Landslide,Infrastructure Damage,18,8,1,0,1,1,0.33,7.86,Blocked,Moderate,0,0,1,0,None,0,30.492294,79.27772,24.82,12.13,18.09,166,P2
UKD-003806,Cloudburst,Trapped People,2,1,1,0,1,0,1.49,35.8,Partially Blocked,Moderate,1,1,1,1,Low,0,30.264954,78.016957,1.04,1.29,4.6,2458,P2
UKD-005564,Flood,Damaged House,67,22,0,1,6,4,1.73,31.36,Blocked,None,1,1,1,1,Low,0,29.059931,79.604261,6.89,3.2,2.38,2741,P3
UKD-004707,Flood,Waterlogging,4,0,1,0,2,0,2.42,39.63,Open,None,1,1,1,1,Low,0,30.37999,78.375184,3.62,1.64,23.67,312,P3
UKD-004370,Landslide,Infrastructure Damage,13,4,2,2,3,2,0.32,6.41,Partially Blocked,Minor,0,1,0,1,Low,0,29.919916,78.120952,3.06,1.81,2.28,1607,P3
UKD-005013,Landslide,Evacuation Request,94,72,4,2,16,7,0.65,21.71,Blocked,Minor,0,1,0,1,Critical,1,30.362276,78.044311,0.5,1.93,10.83,1018,P3
UKD-003857,Cloudburst,Injured Person,63,41,11,4,5,5,3.67,67.08,Blocked,Severe,0,0,0,1,Critical,1,30.257165,78.461552,10.35,15.61,8.25,102,P2
UKD-003860,Cloudburst,Flooded Road,5,0,0,0,2,0,0.53,17.51,Open,Minor,1,1,1,0,None,0,30.418188,78.553628,20.34,4.21,12.91,301,P2
UKD-000009,Flood,Damaged House,58,35,6,6,4,7,4.16,56.76,Blocked,Severe,0,1,0,1,Critical,1,28.965658,79.46658,6.07,4.48,6.74,3425,P1
UKD-001863,Landslide,Injured Person,4,1,1,0,1,0,0.27,4.51,Open,Minor,1,1,0,1,Low,0,30.327438,79.343854,16.8,5.74,21.38,374,P1
UKD-002820,Cloudburst,Waterlogging,32,8,1,1,8,3,1.53,42.81,Blocked,Minor,0,1,1,1,Moderate,0,28.950822,79.520874,5.82,11.64,1.78,1475,P2
UKD-001352,Landslide,Evacuation Request,140,64,6,3,14,4,1.13,14.09,Blocked,Severe,0,0,0,1,Moderate,1,29.592812,80.253258,29.7,11.53,18.9,267,P1
UKD-000577,Earthquake,Missing Person,16,10,1,2,6,1,0.12,2.29,Blocked,Severe,0,0,0,1,Critical,1,29.94878,79.28201,18.71,3.88,24.99,231,P1
UKD-000627,Cloudburst,Trapped People,46,37,2,1,3,8,2.24,29.43,Blocked,Moderate,0,0,1,0,None,0,30.294976,78.830244,12.43,2.26,14.04,316,P1
UKD-003619,Landslide,Flooded Road,91,16,1,0,8,10,1.2,24.63,Partially Blocked,Minor,0,1,1,1,Low,1,29.937401,78.185171,3.41,1.07,2.53,6479,P2
UKD-005532,Cloudburst,Injured Person,6,2,1,0,1,0,0.5,10.44,Partially Blocked,None,1,1,1,1,Low,0,29.954375,78.272224,6.74,2.51,2.22,821,P3
UKD-000427,Flood,Trapped People,35,28,4,3,9,5,3.1,94.3,Blocked,Severe,0,1,0,1,Critical,1,28.958487,79.491949,6.75,5.47,16.05,2249,P1
UKD-000034,Cloudburst,Trapped People,30,7,0,2,3,5,1.18,20.65,Open,None,1,1,1,1,Low,0,30.587904,78.319558,12.23,8.54,9.38,228,P1
UKD-001047,Flood,Missing Person,52,43,5,9,8,7,4.43,76.14,Blocked,Severe,0,1,1,1,Critical,1,30.314291,78.040237,18.22,3.23,3.73,1344,P1
UKD-000045,Cloudburst,Flooded Road,36,8,4,2,8,4,2.44,44.54,Partially Blocked,Minor,0,1,0,1,Low,0,30.132094,78.673561,4.18,2.18,6.77,465,P1
UKD-003340,Landslide,Missing Person,93,49,8,8,13,4,0.94,19.36,Blocked,Severe,0,0,0,1,Moderate,1,30.115154,78.883698,11.85,11.37,8.85,641,P2
UKD-001045,Earthquake,Infrastructure Damage,111,51,4,2,13,9,0.12,2.13,Blocked,Minor,0,1,1,1,Moderate,0,30.196706,78.735335,5.5,8.54,3.78,1624,P1
UKD-001102,Landslide,Injured Person,36,21,5,0,9,4,1.01,18.14,Partially Blocked,Minor,0,0,1,1,Moderate,1,30.803169,78.443321,3.56,13.01,16.94,227,P1
UKD-001050,Earthquake,Injured Person,27,12,10,1,4,3,0.18,3.26,Partially Blocked,Severe,1,0,1,1,Critical,1,29.933572,78.361441,3.63,0.85,7.18,1290,P1
UKD-001884,Flood,Trapped People,66,56,9,2,3,7,4.43,65.17,Blocked,Severe,0,1,0,1,Critical,1,29.889471,78.31255,2.81,5.02,2.67,1139,P1
UKD-004472,Flood,Flooded Road,3,1,0,0,0,2,0.96,26.48,Partially Blocked,Minor,0,1,1,0,None,0,30.003173,78.752238,13.23,4.24,15.12,1335,P3
UKD-004634,Earthquake,Evacuation Request,57,11,1,4,12,8,0.11,1.77,Open,Moderate,1,1,1,1,Low,0,30.554633,78.882488,8.74,20.0,14.12,129,P3
UKD-001744,Flood,Damaged House,90,45,4,5,2,8,3.41,75.69,Blocked,Severe,1,1,0,1,Critical,1,30.318243,78.188894,1.73,4.78,12.84,2177,P1
UKD-002578,Cloudburst,Evacuation Request,82,32,3,4,16,11,2.66,43.71,Blocked,Minor,1,0,1,1,Critical,1,29.890091,79.801619,30.0,20.0,9.05,213,P2
UKD-000064,Cloudburst,Trapped People,119,62,0,1,10,4,2.28,45.92,Blocked,None,1,1,1,0,None,0,30.443657,77.970513,6.31,2.58,13.16,2073,P1
UKD-004354,Cloudburst,Missing Person,54,20,3,9,7,4,1.82,32.64,Open,Minor,0,1,1,1,Moderate,1,29.900261,78.141734,1.91,0.31,5.77,1637,P3
UKD-003071,Landslide,Trapped People,116,37,1,1,8,3,0.45,6.98,Open,None,1,1,1,1,Moderate,0,30.228585,78.785432,12.58,3.77,5.59,955,P2
UKD-005330,Earthquake,Damaged House,40,22,1,0,7,5,0.05,1.2,Partially Blocked,Minor,0,1,0,1,Low,0,30.438798,79.358618,24.28,7.4,25.86,165,P3
UKD-002618,Earthquake,Trapped People,81,34,6,2,16,3,0.11,1.38,Open,Severe,1,1,1,0,None,0,29.514649,79.579636,2.16,3.35,0.95,145,P2
UKD-001120,Earthquake,Missing Person,200,46,5,10,11,5,0.18,3.48,Partially Blocked,None,0,0,0,1,Low,0,30.322511,78.037816,15.26,3.67,4.58,2876,P1
UKD-002500,Flood,Flooded Road,48,2,1,2,12,6,3.22,63.97,Open,Moderate,1,1,1,1,Low,1,30.257611,78.023228,11.55,6.3,1.2,2511,P2
UKD-003393,Cloudburst,Flooded Road,34,6,5,2,7,1,2.84,65.63,Blocked,Moderate,0,0,1,1,Moderate,1,30.388964,78.491655,25.8,10.88,4.27,68,P2
UKD-000706,Earthquake,Injured Person,34,15,14,4,4,5,0.11,2.6,Partially Blocked,Minor,0,0,1,1,Moderate,0,30.78152,78.469377,22.05,4.51,15.97,149,P1
UKD-004987,Flood,Waterlogging,17,3,2,0,4,2,2.66,58.34,Partially Blocked,Minor,0,0,1,0,None,0,30.290684,78.967194,12.98,8.89,5.13,167,P3
UKD-004963,Landslide,Injured Person,3,3,1,0,0,1,0.41,6.81,Blocked,Minor,0,1,1,1,Low,1,30.560997,78.559921,16.23,4.41,10.9,96,P3
UKD-003269,Landslide,Trapped People,89,48,2,8,5,5,0.58,16.11,Partially Blocked,Severe,1,0,0,0,None,0,30.376749,78.743917,9.11,7.4,11.54,196,P2
UKD-004011,Flood,Waterlogging,12,1,0,0,4,2,1.07,26.1,Open,Minor,0,0,1,1,Moderate,1,29.371841,79.461431,18.3,2.71,8.8,288,P3
UKD-001613,Landslide,Infrastructure Damage,200,50,2,3,17,4,0.74,17.49,Partially Blocked,Moderate,0,0,0,1,Critical,1,30.382076,78.973233,12.89,6.36,4.69,159,P1
UKD-004223,Landslide,Infrastructure Damage,9,3,0,0,1,1,0.11,2.61,Partially Blocked,Minor,1,1,1,0,None,0,28.952102,79.563844,1.36,4.96,5.12,1956,P3
UKD-001974,Landslide,Infrastructure Damage,115,50,5,2,10,11,0.64,15.7,Blocked,Severe,1,1,0,1,Critical,1,30.343719,77.944466,2.99,3.63,1.02,3351,P1
UKD-004816,Landslide,Trapped People,9,1,0,0,1,1,0.11,3.1,Blocked,None,1,1,0,0,None,0,30.172365,78.938754,18.37,16.3,7.15,93,P3
UKD-005560,Flood,Missing Person,21,4,3,5,5,4,1.66,37.33,Partially Blocked,Severe,1,1,1,1,Low,0,29.994315,78.181301,7.51,1.44,4.19,445,P3
UKD-003933,Earthquake,Damaged House,200,63,8,1,10,4,0.13,2.61,Blocked,Severe,0,0,1,1,Critical,1,29.524764,79.585395,6.96,7.33,12.16,526,P2
UKD-001316,Flood,Damaged House,200,32,1,0,10,6,2.1,65.52,Blocked,Moderate,1,0,1,0,None,0,30.360651,79.377411,9.83,15.4,6.18,93,P1
UKD-005688,Flood,Waterlogging,5,0,0,0,0,2,1.82,31.72,Open,Minor,1,1,1,0,None,0,30.373833,78.444239,10.9,7.61,7.52,990,P3
UKD-005695,Flood,Trapped People,11,3,0,0,1,3,1.56,26.52,Partially Blocked,Moderate,1,1,1,0,None,0,28.82692,79.460846,9.67,5.54,2.87,2271,P3
UKD-002799,Earthquake,Missing Person,155,68,9,10,2,6,0.17,3.32,Blocked,Severe,0,0,1,1,Moderate,0,30.73219,78.244366,2.76,9.25,7.5,185,P2
UKD-005783,Flood,Missing Person,7,4,0,2,3,0,1.11,28.25,Blocked,Minor,0,1,0,0,None,0,29.991229,78.008003,9.07,4.33,1.8,3555,P3
UKD-003837,Flood,Flooded Road,38,10,3,2,5,5,3.06,46.73,Blocked,Minor,0,0,1,1,Moderate,0,30.311654,77.96416,1.71,3.84,5.1,1296,P2
UKD-004763,Flood,Waterlogging,2,0,0,0,2,0,0.58,17.41,Partially Blocked,Minor,1,1,1,0,None,0,30.018053,78.154055,3.44,2.03,2.11,1596,P3
UKD-000748,Flood,Trapped People,200,76,2,4,12,9,3.59,95.15,Partially Blocked,Moderate,0,0,0,1,Moderate,1,29.088863,79.558621,5.92,1.03,6.2,1709,P1
UKD-004242,Flood,Trapped People,3,2,0,0,0,0,0.62,10.91,Open,None,1,1,1,0,None,0,29.966579,78.053819,1.91,4.74,3.0,1263,P3
UKD-000474,Landslide,Trapped People,16,15,1,2,2,3,0.88,22.29,Blocked,Severe,0,1,1,1,Critical,1,30.47427,78.551368,21.05,8.81,9.56,134,P1
UKD-003444,Cloudburst,Evacuation Request,25,4,4,1,4,2,1.14,29.75,Partially Blocked,None,1,1,1,1,Low,0,30.071825,78.445324,16.88,3.67,6.21,187,P2
UKD-005674,Landslide,Evacuation Request,42,5,1,3,6,6,0.35,5.96,Partially Blocked,Minor,1,1,0,1,Low,1,30.447671,77.892518,0.9,5.48,1.8,1118,P3
UKD-000298,Flood,Trapped People,130,85,3,2,10,2,4.24,83.97,Blocked,Severe,0,0,1,1,Critical,1,30.32356,78.031122,10.04,2.59,1.52,866,P1
UKD-000304,Cloudburst,Damaged House,133,63,2,5,9,5,2.28,59.11,Blocked,Severe,0,0,0,0,None,0,30.28121,78.055623,5.77,3.32,4.81,3110,P1
UKD-002477,Flood,Missing Person,113,14,1,7,5,11,2.1,49.84,Partially Blocked,Moderate,1,1,1,1,Moderate,1,30.36453,78.112543,3.68,2.85,2.81,1932,P2
UKD-002378,Landslide,Damaged House,22,4,2,2,5,3,0.33,6.27,Open,Severe,0,0,1,1,Moderate,1,30.520814,78.4162,8.17,2.12,27.38,118,P2
UKD-003535,Flood,Damaged House,13,1,0,1,2,1,0.93,19.39,Partially Blocked,Moderate,0,1,1,0,None,0,29.358444,80.066739,2.39,5.3,3.97,1726,P2
UKD-003310,Cloudburst,Damaged House,37,23,1,0,4,8,1.8,25.91,Blocked,Minor,0,0,1,1,Moderate,1,30.292381,78.57346,21.63,9.93,12.56,342,P2
UKD-003870,Landslide,Infrastructure Damage,49,14,0,1,10,4,0.29,4.92,Partially Blocked,None,1,1,0,1,Low,1,30.139528,78.958524,13.6,19.13,10.54,62,P2
UKD-004129,Earthquake,Missing Person,5,0,0,1,1,2,0.02,0.42,Open,Moderate,1,1,1,0,None,0,29.444811,79.577058,4.05,6.94,8.32,492,P3
UKD-003617,Cloudburst,Missing Person,23,2,4,7,3,2,2.03,46.42,Open,Moderate,1,0,0,1,Low,1,30.310352,77.967247,1.42,3.43,4.6,1556,P2
UKD-002686,Flood,Waterlogging,19,0,0,0,3,2,1.49,32.91,Open,Minor,1,1,1,1,Low,0,30.275795,78.073546,2.4,2.77,4.21,7812,P2
UKD-000241,Earthquake,Evacuation Request,200,36,3,3,12,3,0.18,2.76,Partially Blocked,Moderate,1,0,0,1,Critical,1,30.171693,77.920205,20.41,5.58,4.24,2949,P1
UKD-005738,Earthquake,Evacuation Request,25,5,2,1,5,5,0.07,1.28,Blocked,Minor,1,1,1,1,Moderate,1,28.979886,79.535863,3.2,1.88,3.25,815,P3
UKD-002293,Landslide,Trapped People,156,64,3,4,7,7,0.81,16.46,Blocked,None,1,0,0,1,Critical,1,29.485383,79.466366,7.4,1.25,8.25,1349,P2
UKD-001672,Earthquake,Evacuation Request,189,41,1,1,12,7,0.13,2.31,Open,Moderate,0,1,0,1,Low,0,30.17556,78.788795,18.95,1.6,3.09,512,P1
UKD-002100,Flood,Injured Person,29,10,10,2,8,1,2.35,59.44,Partially Blocked,Moderate,0,1,1,1,Low,0,30.345578,78.044381,8.25,3.53,6.48,3690,P2
UKD-005061,Flood,Flooded Road,10,0,1,1,3,2,1.7,22.44,Open,Minor,1,1,1,1,Low,0,29.518019,79.646081,3.44,2.74,7.32,369,P3
UKD-001176,Flood,Trapped People,12,4,0,0,2,2,1.1,30.89,Open,Minor,0,1,1,0,None,0,30.259394,78.039102,1.6,2.74,2.81,2416,P1
UKD-003934,Landslide,Missing Person,91,18,2,11,9,8,0.55,10.21,Open,Severe,1,0,0,0,None,0,30.293711,78.058607,3.21,7.01,3.44,3608,P2
UKD-004384,Flood,Injured Person,19,8,5,2,9,5,1.96,42.88,Partially Blocked,Minor,0,1,1,1,Low,1,28.959223,79.635547,4.18,3.11,13.03,1027,P3
UKD-003083,Flood,Evacuation Request,118,48,2,3,8,6,4.13,76.35,Blocked,Moderate,1,1,1,1,Critical,0,30.277318,77.964388,2.26,5.0,5.19,1602,P2
UKD-002863,Cloudburst,Evacuation Request,47,17,2,2,19,10,2.27,45.9,Partially Blocked,None,0,1,0,0,None,0,29.926704,78.799188,11.08,4.54,8.22,1181,P2
UKD-005592,Flood,Injured Person,2,0,1,0,1,1,0.44,9.62,Open,Minor,1,1,1,1,Low,0,29.981275,78.145203,2.15,1.4,0.5,4871,P3
UKD-005711,Landslide,Trapped People,22,13,1,1,6,1,0.79,13.58,Open,Moderate,0,0,1,1,Low,0,30.376406,78.09368,8.47,3.41,5.92,8565,P3
UKD-005177,Flood,Flooded Road,20,0,1,0,4,0,1.95,31.62,Open,None,1,1,1,0,None,0,30.361452,78.424558,5.09,4.05,4.23,105,P3
UKD-001648,Landslide,Infrastructure Damage,90,60,5,5,3,8,0.75,14.12,Blocked,Moderate,0,1,0,1,Critical,1,30.341372,78.491442,7.6,2.15,25.52,123,P1
UKD-003415,Flood,Damaged House,7,2,1,0,1,1,1.81,52.3,Open,Severe,1,0,1,1,Moderate,1,30.14118,78.866066,7.5,6.23,3.65,1206,P2
UKD-000334,Cloudburst,Evacuation Request,49,21,2,1,7,3,1.96,43.3,Partially Blocked,Minor,0,0,1,0,None,0,30.337,79.437745,5.4,15.9,4.38,426,P1
UKD-002603,Landslide,Trapped People,43,39,1,0,12,1,0.44,8.67,Blocked,Moderate,0,0,0,1,Moderate,1,30.145593,78.603709,6.76,20.0,12.73,232,P2
UKD-005868,Landslide,Evacuation Request,10,0,1,1,2,2,0.16,4.28,Open,Moderate,1,1,0,1,Moderate,1,29.296309,80.240908,7.84,12.88,18.92,491,P3
UKD-002158,Earthquake,Missing Person,103,15,6,3,8,5,0.11,1.49,Open,Severe,1,0,1,0,None,0,30.22489,78.859545,5.44,2.39,11.76,1317,P2
UKD-001162,Landslide,Injured Person,27,20,5,1,8,3,0.85,20.86,Blocked,Moderate,0,0,1,1,Critical,1,29.601014,80.357584,4.09,4.05,11.08,264,P1
UKD-003575,Earthquake,Evacuation Request,98,64,3,2,9,7,0.13,3.13,Blocked,Moderate,0,1,1,1,Moderate,1,29.441124,79.46462,19.91,4.51,6.41,1334,P2
UKD-004477,Flood,Damaged House,73,28,4,0,5,11,2.51,63.58,Open,Severe,0,1,1,1,Low,1,30.881366,78.47933,8.84,14.66,8.48,131,P3
UKD-004582,Landslide,Damaged House,23,7,0,1,2,3,0.24,4.05,Open,Minor,0,1,1,0,None,0,30.536813,78.620015,6.87,5.25,30.0,82,P3
UKD-004951,Cloudburst,Evacuation Request,20,3,1,0,1,2,1.07,19.06,Open,None,1,1,0,0,None,0,30.346671,78.013155,3.52,0.89,2.06,1322,P3
UKD-003003,Landslide,Trapped People,35,26,5,2,3,6,0.39,8.14,Partially Blocked,Severe,0,0,0,0,None,0,30.295224,78.056013,2.63,0.8,6.76,2405,P2
UKD-000248,Earthquake,Trapped People,21,16,5,0,2,2,0.13,1.94,Blocked,Severe,0,0,1,1,Critical,1,28.998059,79.515176,3.3,2.51,4.27,1082,P1
UKD-004877,Flood,Damaged House,11,1,1,0,1,3,2.07,42.28,Open,Moderate,1,0,1,1,Moderate,1,30.337134,79.292973,20.35,3.02,8.63,117,P3
UKD-003530,Flood,Infrastructure Damage,21,9,2,1,2,5,2.7,55.43,Partially Blocked,Moderate,1,1,1,0,None,0,28.966323,79.557572,3.33,4.27,2.56,2653,P2
UKD-000801,Flood,Infrastructure Damage,93,29,4,1,11,3,4.63,85.26,Partially Blocked,Severe,1,1,1,1,Low,0,29.922735,78.225863,7.61,5.72,1.65,1559,P1
UKD-001685,Flood,Flooded Road,65,6,1,0,13,10,2.28,39.27,Open,Moderate,1,1,1,1,Low,0,30.181986,78.791508,9.71,8.25,4.43,1753,P1
UKD-004682,Landslide,Damaged House,6,0,0,0,3,1,0.07,1.34,Open,None,1,1,1,0,None,0,30.647173,78.408741,7.27,9.64,6.06,82,P3
UKD-004197,Earthquake,Evacuation Request,2,1,0,1,1,0,0.03,0.81,Partially Blocked,None,0,1,0,1,Low,0,30.343607,78.064837,15.19,5.3,2.3,1009,P3
UKD-001922,Flood,Evacuation Request,34,19,7,4,3,0,3.03,64.21,Blocked,Severe,0,0,0,1,Low,0,29.052934,79.490148,6.77,2.6,6.45,1873,P1
UKD-002210,Landslide,Infrastructure Damage,144,55,6,3,9,7,0.48,8.95,Blocked,Severe,0,0,0,1,Moderate,0,30.364197,77.976806,5.37,2.34,4.88,1664,P2
UKD-001222,Flood,Flooded Road,13,2,3,0,3,0,3.87,66.97,Partially Blocked,Moderate,1,0,1,1,Low,0,30.693869,78.423471,19.53,1.29,13.92,141,P1
UKD-004004,Landslide,Trapped People,36,19,2,7,4,7,0.48,10.81,Partially Blocked,Minor,1,1,0,1,Moderate,0,30.098916,78.764784,0.77,2.05,8.56,1046,P3
UKD-001514,Flood,Evacuation Request,70,29,6,2,5,4,3.21,73.61,Blocked,Minor,1,1,0,1,Moderate,0,29.416911,79.512588,9.59,9.32,17.15,1657,P1
UKD-004352,Landslide,Injured Person,20,13,9,0,6,6,0.71,15.77,Blocked,Severe,0,1,1,0,None,0,29.536098,79.568402,13.92,1.88,22.02,361,P3
UKD-001254,Flood,Trapped People,64,33,3,1,10,4,1.92,32.49,Partially Blocked,Severe,1,0,1,1,Moderate,1,30.870115,78.642255,6.44,8.86,17.45,337,P1
UKD-005331,Flood,Flooded Road,4,0,0,0,1,0,1.26,31.07,Partially Blocked,None,0,0,1,0,None,0,29.927742,78.131284,12.01,5.64,4.64,2908,P3
UKD-005170,Flood,Waterlogging,7,0,0,0,3,0,0.98,22.22,Open,Minor,1,1,1,0,None,0,29.866892,78.236846,7.37,0.68,2.87,2366,P3
UKD-000599,Flood,Flooded Road,16,3,3,0,1,2,3.47,89.68,Partially Blocked,Severe,0,0,1,1,Low,0,30.080007,78.24791,4.83,1.86,4.59,932,P1
UKD-001610,Cloudburst,Injured Person,1,0,1,0,0,0,1.65,29.89,Open,None,0,1,0,1,Low,0,30.27605,78.069624,4.35,2.16,3.62,2306,P1
UKD-000316,Landslide,Infrastructure Damage,81,25,4,4,8,2,0.77,17.36,Partially Blocked,Minor,1,1,0,1,Critical,1,30.675138,78.628049,20.36,9.91,16.01,240,P1
UKD-005243,Landslide,Injured Person,18,3,3,4,0,1,0.39,5.93,Open,Minor,1,1,0,1,Low,1,30.366259,78.081727,2.35,1.16,6.22,2200,P3
UKD-002277,Earthquake,Damaged House,79,7,2,2,17,6,0.1,1.87,Open,Severe,1,0,1,1,Critical,0,29.453277,79.431357,1.77,7.29,12.59,1071,P2
UKD-000150,Flood,Trapped People,46,32,6,1,9,5,3.66,66.13,Blocked,Moderate,0,0,1,1,Critical,1,28.984918,79.488614,9.42,4.98,8.81,759,P1
UKD-004734,Cloudburst,Missing Person,41,13,1,6,9,9,1.07,22.51,Blocked,Minor,1,1,0,1,Low,0,30.305264,78.073731,3.07,11.03,9.12,442,P3
UKD-001845,Landslide,Damaged House,8,3,0,1,2,2,0.53,6.62,Partially Blocked,Moderate,0,0,0,0,None,0,30.017198,78.696737,4.95,8.1,6.65,656,P1
UKD-000291,Flood,Waterlogging,34,6,2,1,3,1,5.0,84.18,Partially Blocked,Minor,1,1,0,1,Low,0,30.190448,77.945149,3.56,9.54,8.02,2072,P1
UKD-000454,Earthquake,Damaged House,18,7,1,0,4,1,0.16,3.29,Partially Blocked,Minor,0,1,1,1,Moderate,0,29.859744,79.700809,7.69,3.65,9.73,236,P1
UKD-005962,Earthquake,Evacuation Request,9,0,0,0,2,1,0.02,0.42,Open,Minor,1,1,1,0,None,0,29.350947,79.494288,9.19,8.58,4.48,375,P3
UKD-004809,Flood,Injured Person,5,2,1,0,0,2,0.87,18.79,Partially Blocked,None,1,1,1,1,Moderate,1,30.730511,78.609367,27.13,16.41,13.97,219,P3
UKD-003397,Earthquake,Flooded Road,38,2,2,4,7,10,0.83,10.01,Open,Moderate,1,1,0,0,None,0,29.307714,79.452951,1.86,1.62,3.27,602,P2
UKD-000692,Cloudburst,Missing Person,116,34,3,10,10,7,2.33,52.63,Partially Blocked,Moderate,1,0,0,0,None,0,30.346995,79.079898,14.33,12.78,8.98,890,P1
UKD-001145,Flood,Injured Person,59,26,6,2,6,12,3.83,61.66,Partially Blocked,Moderate,0,1,0,1,Critical,1,29.884758,78.151344,10.07,3.5,4.18,545,P1
UKD-001635,Flood,Evacuation Request,58,37,5,2,9,5,3.94,77.55,Partially Blocked,Severe,0,0,0,1,Critical,1,28.944482,79.389214,7.09,1.84,7.19,1157,P1
UKD-004193,Flood,Infrastructure Damage,37,14,1,0,12,2,2.67,54.02,Blocked,None,1,1,0,1,Low,0,30.227045,77.997834,5.83,4.11,5.97,2448,P3
UKD-001781,Flood,Evacuation Request,106,56,4,5,14,8,4.49,77.89,Blocked,Severe,0,0,0,1,Moderate,0,30.325292,78.021649,4.38,3.69,4.39,2066,P1
UKD-004971,Flood,Flooded Road,3,0,0,0,0,1,1.36,22.23,Open,None,1,0,1,0,None,0,28.80303,79.520028,7.71,1.31,0.5,467,P3
UKD-003652,Flood,Flooded Road,21,2,0,0,2,2,2.88,50.46,Partially Blocked,Minor,0,0,1,0,None,0,30.291712,78.704855,10.76,6.4,9.42,468,P2
UKD-000656,Landslide,Waterlogging,9,0,0,0,4,0,0.46,12.74,Partially Blocked,Minor,1,0,1,0,None,0,30.5767,78.315679,6.77,18.1,2.0,240,P1
UKD-003136,Cloudburst,Missing Person,125,20,1,12,11,7,1.86,29.59,Partially Blocked,Moderate,1,1,1,0,None,0,29.524791,79.367908,3.9,1.99,5.57,1794,P2
UKD-001903,Cloudburst,Damaged House,200,32,1,3,10,3,2.48,47.18,Open,Moderate,1,0,0,0,None,0,30.238322,77.968954,5.33,3.53,7.91,1192,P1
UKD-004428,Cloudburst,Evacuation Request,42,5,3,1,10,6,0.7,13.44,Open,Minor,1,1,1,1,Low,0,30.302625,78.015575,1.97,0.39,4.27,7755,P3
UKD-001040,Flood,Infrastructure Damage,53,40,1,3,14,3,3.43,62.52,Blocked,Minor,0,0,1,1,Low,1,30.328843,78.004894,3.16,5.93,4.36,1824,P1
UKD-004630,Cloudburst,Evacuation Request,4,0,0,0,1,1,0.49,10.16,Open,Minor,1,1,1,0,None,0,28.953404,79.528809,3.34,4.68,3.81,1234,P3
UKD-001412,Cloudburst,Waterlogging,69,18,9,2,10,4,3.98,67.65,Blocked,Severe,0,0,1,1,Moderate,0,30.395465,78.739978,8.09,8.56,23.39,219,P1
UKD-005748,Landslide,Trapped People,9,4,0,0,2,1,0.31,3.82,Open,Moderate,1,0,1,0,None,0,30.188718,78.751893,0.55,7.01,9.72,933,P3
UKD-001673,Flood,Trapped People,200,66,5,1,7,8,3.61,48.41,Partially Blocked,Severe,0,0,1,1,Moderate,1,29.354949,79.417755,3.38,6.24,6.95,1334,P1
UKD-005096,Landslide,Damaged House,7,1,0,0,0,0,0.18,3.72,Open,Moderate,1,1,0,1,Low,0,29.583487,79.549194,10.16,5.74,17.02,1291,P3
UKD-001371,Cloudburst,Injured Person,101,65,10,4,9,5,2.68,49.52,Blocked,Severe,0,0,0,1,Critical,1,30.375653,78.128318,5.85,1.73,4.37,1793,P1
UKD-005083,Landslide,Evacuation Request,40,6,0,2,5,7,0.38,6.78,Partially Blocked,Minor,1,1,0,0,None,0,30.17744,78.649482,8.08,11.07,5.26,463,P3
UKD-003134,Earthquake,Infrastructure Damage,36,14,0,2,3,5,0.06,1.57,Blocked,Minor,1,0,1,0,None,0,30.343736,78.030236,2.3,2.29,4.24,588,P2
UKD-002381,Cloudburst,Evacuation Request,49,16,2,0,15,0,1.74,43.9,Partially Blocked,Moderate,1,1,1,1,Low,0,30.301973,78.50601,14.1,20.0,15.99,340,P2
UKD-003721,Flood,Flooded Road,14,1,0,0,1,1,2.35,59.84,Open,Minor,0,1,0,0,None,0,29.871371,78.113808,7.7,7.39,3.37,2022,P2
UKD-004092,Landslide,Damaged House,33,11,5,2,11,5,0.38,5.05,Partially Blocked,Moderate,0,1,0,1,Low,0,29.563976,80.19601,16.58,6.2,3.96,334,P3
UKD-005007,Landslide,Injured Person,13,0,2,0,1,0,0.54,9.77,Open,None,1,1,1,1,Low,0,31.041454,78.325093,14.35,16.32,16.23,228,P3
UKD-001624,Earthquake,Damaged House,127,50,3,1,10,2,0.18,3.44,Partially Blocked,Minor,0,0,0,1,Critical,1,30.766412,78.5447,6.67,1.48,16.63,319,P1
UKD-003670,Cloudburst,Infrastructure Damage,18,10,0,1,4,1,2.66,84.47,Blocked,Moderate,0,0,1,1,Moderate,1,30.712164,78.463855,10.05,3.7,30.0,187,P2
UKD-000382,Flood,Flooded Road,141,17,1,1,11,4,4.39,100.0,Partially Blocked,Moderate,1,0,1,1,Low,0,29.647165,79.77157,17.51,2.2,7.55,439,P1
UKD-003115,Landslide,Trapped People,44,18,1,3,8,0,0.53,8.65,Partially Blocked,Moderate,1,1,1,1,Moderate,1,29.404934,79.570388,16.2,4.76,13.08,144,P2
UKD-001821,Landslide,Evacuation Request,102,28,4,1,10,3,0.57,15.47,Partially Blocked,Severe,1,0,0,1,Critical,1,29.554554,79.632458,3.94,8.2,28.89,1310,P1
UKD-003631,Flood,Evacuation Request,32,8,1,2,11,3,2.25,36.47,Blocked,Minor,1,0,0,0,None,0,29.983604,78.13473,4.61,3.36,2.0,1566,P2
UKD-000423,Flood,Evacuation Request,41,15,4,3,15,4,3.48,66.39,Partially Blocked,Moderate,1,1,1,1,Critical,1,30.044283,78.24027,0.5,5.05,3.16,1659,P1
UKD-000809,Landslide,Missing Person,32,23,3,8,11,2,0.95,19.31,Blocked,Severe,0,1,1,1,Low,0,30.601399,78.548398,20.34,13.6,4.95,131,P1
UKD-001380,Flood,Trapped People,31,24,2,3,4,2,3.99,68.77,Blocked,Minor,1,1,0,1,Low,0,29.453041,79.404603,3.1,2.58,3.99,500,P1
UKD-001670,Flood,Trapped People,107,72,4,2,16,14,2.28,65.33,Partially Blocked,Severe,0,0,0,1,Low,0,30.352628,77.960613,7.73,0.76,5.48,2032,P1
UKD-002099,Earthquake,Trapped People,93,36,5,0,11,7,0.1,1.56,Partially Blocked,Severe,1,1,1,1,Low,0,30.406594,78.549328,5.63,5.09,9.98,291,P2
UKD-005526,Earthquake,Injured Person,12,1,4,0,3,0,0.08,1.34,Partially Blocked,Severe,1,0,1,1,Low,0,29.938083,78.13284,1.63,5.13,3.74,1116,P3
UKD-000125,Flood,Missing Person,20,9,3,4,2,1,2.32,65.54,Blocked,Minor,0,1,1,1,Critical,1,28.853474,79.435659,5.21,3.78,1.45,1750,P1
UKD-000103,Earthquake,Injured Person,137,50,9,4,13,8,0.18,3.39,Partially Blocked,Moderate,0,0,1,1,Critical,1,29.964832,78.320918,6.44,1.54,14.77,4559,P1
UKD-004059,Earthquake,Trapped People,21,9,0,1,2,1,0.06,1.66,Partially Blocked,Minor,0,1,0,1,Low,0,30.367124,78.052215,1.61,2.71,3.15,1983,P3
UKD-001733,Earthquake,Trapped People,52,43,4,3,9,5,0.11,3.28,Blocked,Severe,0,1,1,1,Critical,1,29.441773,79.600259,6.36,5.25,14.57,1651,P1
UKD-003036,Landslide,Evacuation Request,24,4,0,0,3,3,0.13,3.09,Open,None,0,1,1,0,None,0,30.888703,78.339181,7.0,16.2,16.56,231,P2
UKD-002916,Cloudburst,Damaged House,47,16,6,3,9,6,1.12,23.3,Partially Blocked,Minor,0,1,0,1,Low,0,29.707987,79.995405,9.72,7.73,12.85,168,P2
UKD-000487,Landslide,Missing Person,28,17,7,9,10,1,0.75,16.44,Partially Blocked,Severe,0,0,1,1,Moderate,0,29.479411,80.40776,28.48,3.95,12.05,196,P1
UKD-001129,Cloudburst,Trapped People,102,44,0,3,10,3,1.99,35.61,Partially Blocked,Minor,1,0,0,1,Moderate,1,30.842251,78.509393,9.8,14.1,7.27,113,P1
UKD-003618,Cloudburst,Evacuation Request,78,48,4,0,4,8,2.44,39.79,Blocked,Moderate,0,0,1,1,Critical,1,28.986691,79.437022,2.39,2.73,1.64,619,P2
UKD-001515,Cloudburst,Flooded Road,86,28,3,3,6,5,3.58,77.76,Blocked,Severe,0,0,1,1,Moderate,1,29.677977,80.083112,23.35,1.71,7.52,104,P1
UKD-000136,Landslide,Trapped People,80,41,0,2,15,1,0.54,8.48,Blocked,Minor,1,1,1,1,Moderate,1,29.339181,79.515275,12.72,3.27,15.73,1336,P1
UKD-002599,Landslide,Infrastructure Damage,33,7,1,0,4,7,0.31,5.39,Partially Blocked,Moderate,1,1,1,0,None,0,30.186474,78.796369,11.38,20.0,4.9,487,P2
UKD-002003,Earthquake,Trapped People,24,18,1,1,4,0,0.1,1.77,Partially Blocked,Minor,0,0,1,1,Low,1,29.966503,78.133261,3.94,5.22,5.65,874,P2
UKD-002834,Landslide,Injured Person,9,6,1,0,3,2,1.0,18.98,Partially Blocked,Moderate,0,1,1,1,Low,1,30.507259,78.378264,13.88,8.66,5.21,441,P2
UKD-001818,Flood,Trapped People,85,67,3,4,11,1,2.53,57.39,Blocked,Minor,0,1,1,1,Moderate,1,29.999649,78.216372,1.53,1.56,8.22,1339,P1
UKD-000753,Flood,Trapped People,47,31,1,2,12,9,2.49,64.5,Blocked,Moderate,1,1,1,0,None,0,29.999723,78.195917,2.44,1.56,1.58,991,P1
UKD-004002,Earthquake,Evacuation Request,8,1,0,0,1,0,0.03,0.38,Open,None,0,1,1,0,None,0,30.107744,79.168247,26.19,5.77,7.79,295,P3
UKD-005028,Landslide,Infrastructure Damage,13,5,1,1,3,1,0.44,11.81,Blocked,None,0,0,0,1,Low,0,30.272819,78.793511,7.57,7.36,2.04,129,P3
UKD-001104,Flood,Infrastructure Damage,88,69,3,2,14,4,3.38,64.85,Blocked,Moderate,0,1,1,1,Moderate,1,30.23936,77.970288,5.55,4.3,8.91,3736,P1
UKD-005371,Flood,Infrastructure Damage,14,4,2,1,1,0,1.78,35.68,Partially Blocked,Minor,0,1,1,1,Low,0,29.653086,79.725795,30.0,1.36,15.06,1161,P3
UKD-002317,Flood,Flooded Road,30,9,1,2,4,1,4.09,86.54,Partially Blocked,Minor,0,0,1,1,Low,0,29.91857,78.100579,7.68,5.26,3.86,2841,P2
UKD-001919,Flood,Damaged House,67,25,5,2,8,7,3.66,53.71,Open,Severe,0,0,1,1,Moderate,0,30.303189,79.220806,17.59,5.55,6.98,284,P1
UKD-001544,Cloudburst,Trapped People,70,48,8,4,8,2,3.56,50.12,Partially Blocked,Severe,0,0,1,1,Critical,1,28.93953,79.562346,1.56,0.81,2.96,1006,P1
UKD-003668,Cloudburst,Missing Person,31,16,2,9,7,0,1.57,36.17,Blocked,None,0,0,1,1,Moderate,1,30.404276,78.033087,10.83,7.04,8.63,685,P2
UKD-004442,Flood,Waterlogging,80,12,0,2,9,9,3.74,47.7,Partially Blocked,Moderate,0,1,1,1,Low,0,29.869328,78.178129,0.5,4.72,4.07,940,P3
UKD-003707,Flood,Damaged House,178,46,4,2,17,4,2.17,52.77,Blocked,Moderate,0,0,0,1,Moderate,0,29.933329,78.806592,13.17,6.78,11.34,1205,P2
UKD-001177,Flood,Evacuation Request,70,37,2,0,9,6,3.62,43.78,Blocked,Moderate,0,0,1,1,Critical,1,30.180724,78.760397,10.53,2.65,11.35,1905,P1
UKD-001560,Earthquake,Missing Person,163,70,3,8,9,11,0.16,3.03,Blocked,Severe,0,0,1,1,Critical,1,30.176333,78.772893,3.52,5.65,4.61,432,P1
UKD-005664,Earthquake,Damaged House,17,1,1,0,3,1,0.03,0.63,Open,Minor,1,1,1,1,Low,0,29.766482,79.72032,5.69,12.57,3.15,324,P3
UKD-000145,Earthquake,Evacuation Request,3,0,0,0,0,3,0.08,1.3,Partially Blocked,Minor,0,0,0,0,None,0,28.842947,79.481457,2.01,2.97,0.96,4001,P1
UKD-000381,Flood,Flooded Road,25,9,1,3,0,5,3.63,100.0,Blocked,Moderate,0,0,0,1,Moderate,1,30.146314,78.684896,10.0,11.34,8.89,1315,P1
UKD-001434,Flood,Flooded Road,118,31,6,2,11,3,4.87,100.0,Blocked,Severe,0,1,1,1,Critical,1,29.974875,78.089125,4.91,4.1,6.34,2078,P1
UKD-001096,Earthquake,Infrastructure Damage,102,62,5,4,8,3,0.18,3.83,Blocked,Moderate,0,0,0,1,Low,1,30.372338,78.036672,4.24,9.56,16.08,1300,P1
UKD-005414,Cloudburst,Injured Person,5,0,1,0,1,0,0.73,21.67,Open,None,1,1,0,1,Low,1,30.443758,79.299583,7.03,12.39,3.14,87,P3
UKD-000122,Landslide,Trapped People,69,49,7,2,9,5,0.9,13.29,Partially Blocked,Severe,0,0,0,1,Critical,1,29.369392,79.380164,2.31,3.25,12.71,803,P1
UKD-005566,Flood,Injured Person,4,3,1,0,0,0,0.43,11.07,Blocked,None,0,1,1,1,Low,0,28.855298,79.473055,11.84,1.84,5.39,614,P3
UKD-000612,Flood,Flooded Road,66,9,4,4,11,0,5.0,100.0,Open,Moderate,1,1,0,1,Low,0,30.291949,78.513028,14.58,8.33,21.4,529,P1
UKD-004825,Earthquake,Damaged House,76,27,7,0,10,3,0.1,1.57,Open,Severe,0,0,1,1,Moderate,1,30.296294,78.924156,5.51,3.1,3.33,669,P3
UKD-001942,Landslide,Injured Person,39,15,5,1,13,8,0.59,14.04,Partially Blocked,Minor,1,0,0,1,Critical,1,30.360371,79.134494,5.05,15.75,13.18,126,P1
UKD-000419,Landslide,Injured Person,74,40,5,3,18,7,0.95,18.37,Blocked,Moderate,0,0,1,1,Critical,1,29.613996,80.135092,11.27,11.73,27.7,104,P1
UKD-002253,Flood,Injured Person,4,2,1,2,0,0,2.09,45.99,Partially Blocked,Minor,0,1,1,1,Critical,1,29.931219,78.260189,1.12,1.56,1.3,1952,P2
UKD-001351,Earthquake,Infrastructure Damage,44,29,4,3,9,4,0.11,1.51,Blocked,Severe,0,1,0,1,Critical,1,30.376444,77.951539,5.41,2.98,8.47,1785,P1
UKD-002304,Earthquake,Injured Person,29,18,8,1,3,5,0.09,2.29,Partially Blocked,Severe,0,1,1,1,Moderate,0,29.003223,79.566705,0.89,2.77,5.89,1296,P2
UKD-005434,Earthquake,Infrastructure Damage,4,0,0,0,0,0,0.03,0.54,Open,None,1,1,1,0,None,0,29.951562,78.148522,5.73,1.78,1.59,1365,P3
UKD-004259,Landslide,Infrastructure Damage,28,10,0,0,3,8,0.2,4.86,Blocked,Minor,1,1,1,1,Low,1,29.613682,79.707711,3.8,6.77,4.99,600,P3
UKD-001979,Earthquake,Trapped People,188,76,6,1,17,9,0.19,4.29,Partially Blocked,Severe,0,1,1,1,Low,0,30.401344,78.026435,2.88,1.33,5.04,4546,P1
UKD-004480,Earthquake,Damaged House,6,0,0,0,1,0,0.02,0.61,Open,Minor,1,1,1,0,None,0,30.338183,77.987746,7.08,1.25,5.92,1101,P3
UKD-001303,Landslide,Damaged House,18,9,1,1,3,1,0.66,13.04,Blocked,Moderate,1,0,0,1,Moderate,1,30.368537,77.959264,3.68,4.32,2.7,7627,P1
UKD-003056,Landslide,Missing Person,27,10,1,6,2,1,0.67,10.98,Blocked,Moderate,1,1,1,1,Moderate,0,30.571676,78.231088,7.48,8.59,9.94,102,P2
UKD-000249,Landslide,Damaged House,47,11,2,2,4,8,0.57,12.11,Partially Blocked,Moderate,1,0,0,1,Low,0,30.456587,78.61223,15.51,14.37,28.73,106,P1
UKD-001398,Flood,Trapped People,92,79,5,6,2,6,4.86,88.87,Blocked,Severe,0,0,1,1,Moderate,1,29.917151,78.165776,22.31,2.91,1.49,1449,P1
UKD-004029,Landslide,Waterlogging,10,0,0,1,6,1,0.81,16.77,Open,Minor,1,1,0,0,None,0,30.278476,78.062546,11.07,2.71,4.37,2000,P3
UKD-000448,Cloudburst,Infrastructure Damage,24,7,1,0,3,3,1.55,33.5,Partially Blocked,None,1,1,1,1,Low,0,29.476988,79.57342,5.15,2.17,13.68,1010,P1
UKD-001426,Cloudburst,Waterlogging,85,28,2,2,8,5,3.08,88.47,Blocked,Minor,0,1,0,1,Moderate,0,29.466806,79.502711,1.99,1.76,21.54,801,P1
UKD-004687,Flood,Flooded Road,20,7,3,0,1,0,2.41,43.49,Blocked,Minor,0,0,1,1,Moderate,1,30.181008,78.043986,4.36,2.0,2.36,3987,P3
UKD-001200,Flood,Injured Person,30,19,10,2,7,8,4.13,84.18,Blocked,Severe,0,1,0,1,Critical,1,29.37754,79.573294,9.59,20.0,4.04,377,P1
UKD-001422,Earthquake,Trapped People,50,12,4,1,15,14,0.08,1.82,Open,Minor,1,0,1,0,None,0,28.945331,79.526739,3.21,0.69,5.01,2863,P1
UKD-004558,Flood,Waterlogging,81,16,4,0,13,5,2.67,71.3,Partially Blocked,Severe,0,1,1,1,Critical,1,28.86715,79.653133,7.26,0.72,3.11,2309,P3
UKD-003765,Landslide,Trapped People,137,85,4,1,7,7,0.68,15.37,Blocked,Severe,0,0,1,1,Low,0,29.92305,78.126985,10.04,4.78,5.8,1740,P2
UKD-003917,Landslide,Damaged House,41,12,0,1,11,4,0.56,12.77,Open,Moderate,0,1,1,1,Moderate,0,29.627178,80.430589,7.24,3.25,13.02,211,P2
UKD-004474,Flood,Flooded Road,85,24,1,1,5,5,2.59,60.97,Blocked,Minor,1,0,1,1,Moderate,1,30.467739,79.131314,11.53,10.18,17.63,524,P3
UKD-004665,Cloudburst,Damaged House,15,4,0,0,2,4,0.73,17.43,Partially Blocked,Minor,1,1,1,0,None,0,29.834081,78.216939,3.17,1.31,8.42,2217,P3
UKD-004728,Flood,Infrastructure Damage,13,3,1,0,3,1,1.72,33.1,Open,None,1,1,1,0,None,0,30.196602,77.937331,6.21,1.11,3.37,528,P3
UKD-004114,Earthquake,Damaged House,39,3,6,2,10,7,0.06,1.23,Open,Severe,1,0,1,1,Moderate,1,30.304968,77.884836,5.83,0.2,2.8,1932,P3
UKD-003510,Landslide,Injured Person,38,24,8,1,6,6,0.64,16.24,Blocked,Moderate,0,0,0,1,Moderate,0,29.422793,79.479112,2.83,9.77,8.52,615,P2
UKD-002886,Earthquake,Evacuation Request,79,20,2,1,6,2,0.09,1.64,Open,Severe,0,0,1,1,Moderate,0,29.962964,78.094181,0.93,2.35,1.37,1866,P2
UKD-001536,Flood,Flooded Road,13,3,4,1,3,1,3.06,55.17,Blocked,Moderate,0,0,1,1,Moderate,1,29.479191,79.506799,10.8,1.63,12.98,584,P1
UKD-000415,Earthquake,Damaged House,194,70,3,5,11,2,0.14,2.62,Blocked,Severe,0,0,1,1,Critical,1,30.675261,78.400284,28.8,8.99,9.97,231,P1
UKD-004586,Earthquake,Trapped People,41,14,0,2,7,1,0.05,0.77,Partially Blocked,Minor,1,1,1,0,None,0,29.498515,80.028493,5.64,5.26,11.51,456,P3
UKD-001721,Landslide,Trapped People,18,7,2,1,1,3,0.39,9.09,Partially Blocked,Severe,1,1,1,1,Low,0,30.28538,78.019088,5.24,0.61,7.19,2969,P1
UKD-000655,Flood,Damaged House,26,17,5,1,9,0,3.38,49.02,Blocked,Severe,0,1,1,1,Critical,1,30.218476,78.489483,14.92,7.01,11.47,403,P1
UKD-003561,Landslide,Infrastructure Damage,38,5,1,0,5,6,0.27,8.16,Partially Blocked,None,1,1,1,1,Low,0,30.367459,79.258034,12.17,2.68,12.7,172,P2
UKD-001003,Cloudburst,Trapped People,42,30,1,5,8,8,2.01,49.29,Blocked,Moderate,1,0,0,1,Critical,1,30.35309,78.024677,6.46,4.41,6.74,1511,P1
UKD-004455,Cloudburst,Flooded Road,16,6,1,1,5,0,3.28,67.02,Blocked,Moderate,0,0,1,1,Low,0,30.406019,78.358356,23.53,18.92,13.73,128,P3
UKD-003373,Landslide,Damaged House,112,70,7,4,2,4,0.87,16.98,Blocked,Severe,0,0,0,1,Critical,1,30.89004,78.62411,17.1,8.2,17.96,184,P2
UKD-003974,Flood,Trapped People,141,68,4,2,19,5,2.53,67.94,Partially Blocked,Moderate,0,0,1,1,Low,1,30.449046,77.994303,2.67,1.79,5.26,2551,P2
UKD-005913,Landslide,Infrastructure Damage,17,5,2,1,3,0,0.37,5.35,Partially Blocked,Moderate,1,0,1,1,Moderate,0,30.366625,78.032744,1.44,4.75,8.75,1341,P3
UKD-001488,Cloudburst,Flooded Road,135,28,1,4,14,5,2.79,67.22,Blocked,None,0,1,1,1,Moderate,1,30.747704,78.393305,14.63,3.7,14.12,223,P1
UKD-000590,Cloudburst,Trapped People,154,81,3,1,10,1,2.47,74.65,Partially Blocked,Severe,0,0,1,1,Moderate,1,30.352103,78.018373,3.03,2.05,8.09,1775,P1
UKD-002087,Landslide,Damaged House,26,6,0,1,4,4,0.32,6.09,Blocked,Minor,1,0,1,0,None,0,30.483371,79.259182,21.59,20.0,28.77,272,P2
UKD-003609,Flood,Trapped People,106,49,1,2,17,11,2.4,58.37,Open,Minor,1,1,1,1,Low,0,30.806455,78.450904,18.35,1.32,2.73,519,P2
UKD-004517,Flood,Trapped People,2,1,0,0,1,0,0.97,17.29,Partially Blocked,None,1,1,1,0,None,0,30.556596,79.367932,9.48,9.81,6.34,232,P3
UKD-001601,Flood,Trapped People,20,5,0,0,2,1,1.58,38.54,Partially Blocked,Minor,1,1,1,0,None,0,30.105175,78.944538,1.12,9.09,3.73,96,P1
UKD-005290,Earthquake,Infrastructure Damage,19,2,2,0,5,1,0.04,1.3,Blocked,None,1,1,1,1,Low,0,30.111977,78.835284,9.12,2.97,11.22,930,P3
UKD-002837,Flood,Waterlogging,25,0,1,4,6,2,2.76,56.84,Open,Minor,1,0,0,1,Moderate,1,30.308116,79.458155,20.84,20.0,7.49,402,P2
UKD-002358,Cloudburst,Damaged House,58,40,2,2,3,2,2.51,58.14,Blocked,Minor,0,1,1,1,Low,0,30.30308,78.528761,23.64,8.48,11.63,81,P2
UKD-000995,Landslide,Trapped People,27,18,3,1,11,3,0.71,11.48,Open,Minor,0,1,1,1,Critical,1,30.487485,78.51675,10.06,7.95,12.76,252,P1
UKD-002198,Cloudburst,Injured Person,13,6,1,1,4,1,1.59,24.88,Blocked,Minor,0,1,1,1,Low,0,29.281518,79.413799,2.3,3.81,10.99,912,P2
UKD-001880,Flood,Flooded Road,126,26,3,2,12,4,4.19,99.11,Blocked,Moderate,0,0,1,1,Critical,1,28.927516,79.535208,3.55,5.29,3.53,1391,P1
UKD-004565,Landslide,Evacuation Request,38,12,0,2,4,8,0.56,9.2,Partially Blocked,None,1,1,0,0,None,0,29.502126,79.409959,14.79,7.65,13.53,256,P3
UKD-001372,Landslide,Damaged House,69,13,2,0,10,8,0.59,9.67,Partially Blocked,Severe,1,1,1,1,Critical,1,30.468754,78.314135,8.33,12.25,21.06,89,P1
UKD-001874,Flood,Flooded Road,105,36,7,1,11,3,3.77,81.71,Blocked,Severe,0,0,1,1,Critical,1,29.871098,78.109645,3.02,3.65,3.06,2884,P1
UKD-000209,Earthquake,Injured Person,59,22,8,0,12,6,0.11,1.78,Blocked,Minor,1,0,1,1,Critical,1,29.996602,78.131417,9.99,6.49,4.0,2560,P1
UKD-004813,Flood,Evacuation Request,31,5,1,2,14,3,2.05,35.03,Open,Moderate,1,1,1,1,Low,1,29.926937,78.192396,5.18,0.38,3.62,1995,P3
UKD-004241,Flood,Damaged House,4,1,0,0,0,1,0.79,12.79,Open,Minor,0,1,1,0,None,0,30.172703,78.765273,29.03,2.16,9.14,390,P3
UKD-000426,Landslide,Infrastructure Damage,9,4,0,0,1,3,0.72,9.79,Blocked,Minor,0,1,1,1,Low,0,30.588864,79.386952,20.81,2.68,16.79,187,P1
UKD-005787,Landslide,Infrastructure Damage,151,39,1,0,8,6,0.7,12.09,Blocked,Moderate,1,0,0,0,None,0,29.844352,78.130834,3.61,0.51,3.04,1446,P3
UKD-001407,Landslide,Missing Person,115,67,6,11,10,6,0.75,17.98,Blocked,Severe,0,0,0,1,Critical,1,30.262407,78.107097,7.34,2.86,8.83,947,P1
UKD-005649,Flood,Waterlogging,26,1,0,1,5,1,2.0,36.71,Open,Minor,1,1,1,1,Moderate,1,29.865032,78.107071,5.42,1.05,3.21,4187,P3
UKD-001109,Cloudburst,Evacuation Request,94,45,2,1,14,13,4.07,49.68,Blocked,Minor,1,0,1,1,Low,0,30.26265,78.867352,11.61,5.35,8.09,667,P1
UKD-005273,Cloudburst,Damaged House,15,5,1,2,5,1,1.42,27.2,Open,Moderate,0,1,1,1,Low,0,30.014763,78.666448,8.74,13.94,6.25,672,P3
UKD-000111,Landslide,Damaged House,16,5,0,0,4,2,0.45,8.93,Blocked,Moderate,1,0,1,0,None,0,30.150036,78.055041,13.13,5.01,4.94,1845,P1
UKD-003075,Flood,Waterlogging,5,0,0,0,2,1,0.95,25.86,Open,Minor,1,1,1,0,None,0,29.964273,78.132935,9.74,6.73,1.93,6009,P2
UKD-005826,Cloudburst,Injured Person,5,0,1,0,0,0,0.78,15.28,Open,Minor,1,1,1,1,Low,0,30.475115,78.041512,4.38,1.88,2.92,342,P3
UKD-002264,Earthquake,Evacuation Request,66,21,3,7,16,8,0.09,1.8,Open,Moderate,0,1,0,1,Low,0,30.326136,79.376567,10.12,14.03,12.92,432,P2
UKD-002549,Cloudburst,Trapped People,26,10,1,2,7,2,1.86,25.05,Partially Blocked,Minor,1,0,0,1,Low,0,29.334392,79.455416,12.89,2.01,2.2,1195,P2
UKD-002035,Earthquake,Missing Person,173,20,5,8,9,6,0.15,1.81,Partially Blocked,Minor,1,1,0,1,Moderate,1,30.4073,78.629104,12.21,20.0,4.49,99,P2
UKD-001173,Earthquake,Damaged House,95,32,6,4,11,2,0.15,3.14,Partially Blocked,Severe,0,0,0,1,Moderate,1,30.317803,78.054897,5.86,2.29,1.22,4403,P1
UKD-003769,Flood,Damaged House,23,2,0,1,5,4,2.56,50.63,Open,Minor,1,0,1,1,Moderate,0,30.21897,78.69621,6.41,6.56,8.59,396,P2
UKD-002446,Flood,Evacuation Request,6,0,0,0,1,0,1.24,37.25,Open,None,1,1,1,1,Low,0,29.303004,80.048472,29.85,1.08,12.96,908,P2
UKD-003183,Flood,Damaged House,74,31,1,1,5,3,2.38,36.46,Open,Moderate,0,1,1,0,None,0,29.346824,79.51948,4.37,7.13,6.9,1549,P2
UKD-002946,Earthquake,Trapped People,17,11,2,1,10,1,0.08,1.05,Open,Severe,1,1,1,0,None,0,28.954836,79.447222,3.95,0.69,5.85,1328,P2
UKD-004592,Earthquake,Damaged House,18,4,1,0,6,2,0.08,1.37,Partially Blocked,Minor,1,1,1,1,Critical,1,30.333175,78.00298,1.47,1.39,3.19,1656,P3
UKD-004590,Landslide,Flooded Road,91,24,8,2,4,7,1.45,30.4,Partially Blocked,Severe,0,0,1,1,Critical,1,30.345342,77.993307,12.04,1.41,4.57,3803,P3
UKD-003612,Landslide,Infrastructure Damage,31,10,2,2,7,6,0.69,14.34,Blocked,Moderate,1,0,0,0,None,0,30.767204,78.287429,6.0,15.43,7.23,384,P2
UKD-003938,Landslide,Damaged House,49,17,0,1,12,4,0.4,10.25,Partially Blocked,Minor,0,1,1,1,Low,1,30.477136,78.515271,9.61,9.89,10.62,410,P2
UKD-002147,Flood,Trapped People,18,11,2,2,4,1,3.02,62.15,Partially Blocked,Minor,0,0,1,1,Low,0,28.99266,79.487314,6.49,3.34,2.22,926,P2
UKD-005752,Landslide,Evacuation Request,29,1,1,1,3,1,0.19,2.88,Open,None,1,1,1,1,Low,0,29.68241,79.701256,7.8,4.02,9.87,165,P3
UKD-001469,Flood,Missing Person,129,62,1,6,11,3,3.23,53.55,Blocked,None,0,1,1,1,Low,0,30.103294,78.844973,3.59,12.54,4.0,388,P1
UKD-000438,Landslide,Injured Person,32,21,8,4,2,4,0.69,9.91,Blocked,Minor,0,1,0,1,Critical,1,30.192888,79.130027,5.51,5.45,8.4,145,P1
UKD-005788,Landslide,Flooded Road,8,3,0,0,2,0,0.76,14.55,Partially Blocked,None,0,0,1,1,Low,0,30.373023,78.463424,14.49,6.39,7.53,149,P3
UKD-001058,Flood,Evacuation Request,200,43,6,3,9,9,4.0,66.22,Open,Severe,0,0,1,1,Critical,1,30.274382,77.966592,6.45,0.86,4.84,2610,P1
UKD-002796,Flood,Missing Person,60,16,2,8,12,5,2.36,46.38,Partially Blocked,Minor,1,1,1,1,Critical,1,30.385461,78.689453,11.58,10.43,18.6,178,P2
UKD-000108,Cloudburst,Flooded Road,54,8,3,0,14,11,2.5,59.91,Blocked,Minor,1,0,1,1,Critical,1,28.901981,79.53523,2.69,4.42,2.49,620,P1
UKD-003553,Landslide,Evacuation Request,47,23,0,2,5,8,0.54,17.21,Partially Blocked,None,0,0,1,0,None,0,30.532857,78.575881,8.99,9.2,9.04,201,P2
UKD-000030,Cloudburst,Infrastructure Damage,50,28,2,2,8,3,1.94,51.83,Blocked,None,0,1,1,1,Low,0,30.289603,78.103533,4.53,1.71,5.77,3516,P1
UKD-002233,Cloudburst,Evacuation Request,79,30,1,1,2,6,1.58,40.01,Blocked,Moderate,1,0,1,1,Low,1,30.328056,78.095945,3.02,2.13,0.97,1156,P2
UKD-000890,Flood,Trapped People,52,35,1,7,9,10,3.97,83.13,Open,Moderate,0,1,0,1,Low,0,28.965092,79.446839,1.43,5.13,1.49,1027,P1
UKD-003066,Flood,Flooded Road,42,6,2,1,7,2,2.62,46.14,Partially Blocked,Minor,1,0,1,1,Moderate,1,30.340756,78.063267,2.01,0.43,4.48,1582,P2
UKD-001631,Earthquake,Trapped People,198,90,2,3,7,2,0.14,2.1,Blocked,Moderate,0,1,1,1,Moderate,1,29.932891,78.209467,6.86,3.02,5.18,1461,P1
UKD-000752,Flood,Infrastructure Damage,75,30,1,2,13,7,2.42,75.14,Open,Minor,0,0,0,1,Critical,1,30.372269,78.71166,17.41,8.81,1.87,143,P1
UKD-002359,Flood,Damaged House,160,44,0,1,8,3,3.33,64.6,Blocked,Minor,1,0,1,1,Low,0,29.593435,79.645186,5.5,3.33,9.97,294,P2
UKD-000585,Flood,Waterlogging,15,1,0,1,2,1,2.19,58.2,Partially Blocked,None,1,0,1,0,None,0,28.885059,79.571441,4.03,10.34,4.76,2139,P1
UKD-001935,Flood,Damaged House,176,68,2,5,5,4,4.71,66.49,Blocked,Severe,0,1,0,1,Critical,1,30.341907,78.045854,3.98,2.65,7.39,1470,P1
UKD-004983,Earthquake,Damaged House,80,29,3,2,5,12,0.07,2.18,Blocked,Severe,1,1,0,1,Moderate,1,30.297599,77.922076,5.99,3.09,8.03,2327,P3
UKD-002351,Cloudburst,Flooded Road,138,23,2,0,14,8,3.09,53.28,Partially Blocked,Minor,0,0,1,1,Moderate,1,30.066284,78.733769,9.68,8.82,24.99,1835,P2
UKD-005606,Cloudburst,Trapped People,14,11,1,0,2,4,1.63,24.59,Blocked,None,0,1,1,1,Critical,1,30.312722,78.065795,6.25,1.3,11.02,1547,P3
UKD-005215,Flood,Infrastructure Damage,16,3,0,0,4,3,1.13,25.36,Partially Blocked,None,0,0,1,0,None,0,30.225786,78.005638,1.77,2.96,5.88,3211,P3
UKD-003847,Earthquake,Damaged House,43,10,2,2,7,6,0.11,2.07,Partially Blocked,Severe,1,0,1,1,Moderate,0,30.316448,78.090502,12.33,2.45,7.16,2094,P2
UKD-005119,Flood,Flooded Road,10,1,0,1,0,0,1.54,33.7,Blocked,Minor,0,1,1,0,None,0,30.375483,78.076468,11.02,0.87,9.18,2503,P3
UKD-005949,Flood,Trapped People,8,5,0,0,0,1,0.57,13.29,Partially Blocked,None,1,1,1,0,None,0,29.991786,78.122821,2.35,2.15,3.37,3873,P3
UKD-002318,Landslide,Waterlogging,71,12,3,1,12,4,1.05,17.42,Blocked,Moderate,1,1,1,1,Low,0,29.836596,78.062079,13.28,1.24,6.26,4163,P2
UKD-001345,Flood,Flooded Road,1,0,0,0,0,0,1.85,32.78,Partially Blocked,None,1,1,1,0,None,0,29.357877,79.373757,4.79,9.53,1.39,1291,P1
UKD-003442,Earthquake,Injured Person,23,2,5,1,2,5,0.05,1.29,Open,None,1,1,1,1,Low,0,30.336741,78.054939,3.07,3.23,3.82,1583,P2
UKD-004636,Earthquake,Damaged House,36,3,1,1,4,2,0.07,1.1,Open,Moderate,1,1,0,1,Low,0,30.294331,78.119846,3.68,0.73,0.76,3999,P3
UKD-005871,Cloudburst,Damaged House,16,1,1,0,3,3,0.59,12.47,Open,None,1,1,1,1,Low,0,30.230032,78.282103,22.09,12.29,11.66,89,P3
UKD-000970,Cloudburst,Trapped People,200,84,1,4,14,13,2.39,46.92,Blocked,Minor,0,0,1,1,Critical,1,29.042908,79.520141,9.78,1.1,16.02,1691,P1
UKD-000180,Earthquake,Infrastructure Damage,58,45,2,3,11,1,0.12,2.34,Blocked,Moderate,0,1,0,1,Critical,1,29.375432,80.128252,12.36,14.37,4.16,2338,P1
UKD-002795,Landslide,Evacuation Request,5,0,0,0,0,0,0.17,3.37,Open,Minor,1,1,1,0,None,0,29.45539,80.17419,15.72,2.33,7.56,104,P2
UKD-001508,Cloudburst,Damaged House,94,60,6,2,13,6,2.56,48.84,Blocked,Severe,0,0,0,0,None,0,29.779974,80.219793,5.2,4.93,5.0,194,P1
UKD-004047,Cloudburst,Evacuation Request,4,0,0,0,0,0,0.96,29.6,Partially Blocked,Minor,0,1,0,0,None,0,30.211798,79.071098,8.8,20.0,0.83,298,P3
UKD-002139,Flood,Flooded Road,112,23,2,1,15,4,3.3,48.96,Blocked,Moderate,0,0,0,0,None,0,29.848717,78.090465,0.52,1.93,4.68,1099,P2
UKD-005829,Flood,Damaged House,25,4,1,0,4,0,0.95,24.09,Open,None,1,1,1,1,Low,0,29.667625,80.17308,13.57,18.85,10.13,294,P3
UKD-003488,Landslide,Injured Person,53,36,6,0,4,5,0.73,13.84,Blocked,Moderate,0,1,1,1,Moderate,1,30.419445,79.128808,25.6,20.0,30.0,416,P2
UKD-004537,Earthquake,Trapped People,9,5,0,0,0,0,0.03,0.72,Partially Blocked,None,1,1,1,0,None,0,29.841329,78.151381,2.53,1.02,3.79,3267,P3
UKD-005287,Flood,Evacuation Request,10,3,0,0,2,1,0.59,9.77,Partially Blocked,None,0,1,1,0,None,0,29.99647,78.188033,3.25,5.22,5.15,406,P3
UKD-005496,Flood,Waterlogging,40,2,2,1,11,1,2.34,60.8,Open,Moderate,1,1,1,1,Low,1,28.961599,79.543628,9.48,5.29,8.32,756,P3
UKD-001868,Landslide,Infrastructure Damage,28,14,2,1,3,5,0.81,16.31,Blocked,Minor,1,1,1,1,Moderate,1,29.44168,79.687208,12.43,3.24,24.22,375,P1
UKD-000091,Landslide,Infrastructure Damage,45,29,4,2,7,7,0.83,17.5,Blocked,Minor,0,1,1,1,Critical,1,30.426274,78.059131,9.84,6.28,3.72,761,P1
UKD-002816,Flood,Flooded Road,61,12,1,1,16,6,1.75,35.47,Partially Blocked,Moderate,0,1,1,1,Low,0,28.971175,79.568738,2.29,4.71,1.76,2596,P2
UKD-003410,Landslide,Trapped People,77,68,2,2,14,9,0.59,14.44,Blocked,Moderate,0,1,0,1,Low,0,29.967559,78.172727,8.83,10.78,3.5,1875,P2
UKD-002406,Cloudburst,Missing Person,18,10,3,5,4,4,1.96,27.55,Blocked,Severe,0,0,1,1,Low,0,30.646664,78.334935,11.33,1.99,3.66,315,P2
UKD-002472,Landslide,Trapped People,178,73,1,6,8,9,0.63,14.63,Partially Blocked,Moderate,0,0,1,1,Low,0,28.979641,79.554074,3.6,2.85,1.84,3468,P2
UKD-000625,Landslide,Damaged House,84,14,6,2,6,9,0.55,8.6,Partially Blocked,Severe,1,0,1,1,Critical,1,30.345763,77.96028,3.89,1.63,3.47,1265,P1
UKD-000070,Flood,Damaged House,36,16,3,2,8,11,3.46,63.86,Partially Blocked,Minor,0,0,1,1,Moderate,1,28.969045,79.526734,0.67,6.31,2.6,3537,P1
UKD-003625,Earthquake,Trapped People,45,28,5,3,13,3,0.13,2.18,Open,Severe,0,1,0,1,Critical,1,29.413143,79.435792,5.95,3.4,1.49,1513,P2
UKD-001506,Landslide,Evacuation Request,200,60,2,4,13,10,0.48,13.04,Blocked,None,0,1,0,1,Low,0,30.476706,79.248904,13.45,9.94,9.54,322,P1
UKD-003492,Landslide,Injured Person,15,8,2,3,3,0,0.91,22.89,Blocked,Minor,0,0,0,1,Critical,1,30.19528,78.114529,2.51,2.86,6.65,862,P2
UKD-005138,Flood,Waterlogging,3,0,0,0,0,0,0.85,31.23,Open,None,1,1,1,0,None,0,29.403101,79.499831,8.11,6.31,3.06,777,P3
UKD-004670,Flood,Damaged House,5,0,0,0,1,0,0.71,14.34,Open,Minor,1,1,1,0,None,0,29.868035,78.273776,3.26,4.47,9.45,892,P3
UKD-000765,Landslide,Damaged House,101,50,4,2,11,11,0.63,12.0,Partially Blocked,Severe,0,0,1,1,Moderate,1,30.260947,77.8571,4.2,1.71,1.79,1333,P1
UKD-000294,Flood,Trapped People,34,32,0,1,6,7,3.08,79.13,Blocked,Minor,0,1,1,1,Low,0,30.372084,78.065234,6.15,1.04,1.62,406,P1
UKD-004353,Landslide,Infrastructure Damage,5,0,0,0,4,0,0.25,3.5,Partially Blocked,Minor,1,1,0,1,Moderate,0,30.261925,77.915781,2.8,2.29,3.0,3186,P3
UKD-000446,Flood,Trapped People,12,8,2,0,3,1,3.07,59.96,Blocked,Minor,0,0,1,1,Moderate,0,29.371648,79.468671,6.96,3.61,4.93,959,P1
UKD-000469,Landslide,Trapped People,100,92,4,2,10,3,1.12,20.43,Blocked,Severe,0,0,1,1,Low,0,30.247072,78.078042,8.92,1.51,9.26,3200,P1
UKD-003436,Cloudburst,Waterlogging,98,22,5,1,12,4,3.46,65.55,Blocked,Moderate,1,1,1,1,Moderate,0,29.439371,79.345564,5.33,5.72,10.23,1159,P2
UKD-001220,Cloudburst,Evacuation Request,129,37,1,3,6,2,2.99,84.63,Partially Blocked,Moderate,1,1,1,1,Moderate,1,29.332061,79.458838,8.33,6.97,3.7,614,P1
UKD-000433,Earthquake,Damaged House,58,33,0,2,10,4,0.1,2.09,Blocked,Moderate,1,1,0,1,Moderate,1,29.491012,79.712726,2.39,5.23,8.46,446,P1
UKD-003188,Landslide,Damaged House,29,12,5,1,8,2,0.52,14.68,Partially Blocked,Severe,1,1,1,1,Critical,1,30.369613,77.941967,0.5,6.75,1.74,2624,P2
UKD-001489,Cloudburst,Waterlogging,24,2,1,1,6,3,2.7,45.88,Blocked,Moderate,1,1,1,0,None,0,30.069768,78.224603,15.48,0.43,9.79,2569,P1
UKD-003548,Landslide,Missing Person,40,4,2,10,5,3,0.63,9.57,Open,Moderate,1,1,1,1,Low,0,29.102486,79.527118,0.95,1.54,3.78,1996,P2
UKD-003752,Landslide,Trapped People,73,31,2,1,10,2,0.61,12.37,Open,Minor,1,0,1,0,None,0,30.331385,78.143114,8.92,3.78,4.05,3225,P2
UKD-000578,Flood,Flooded Road,101,24,1,0,10,4,3.71,96.6,Blocked,Moderate,0,0,1,1,Critical,1,30.349002,79.277935,26.16,20.0,2.43,176,P1
UKD-002174,Cloudburst,Evacuation Request,91,43,4,1,12,5,2.13,27.18,Partially Blocked,None,0,0,1,1,Moderate,1,29.367918,79.473971,4.65,7.42,22.28,612,P2
UKD-000246,Landslide,Injured Person,20,8,1,0,0,3,0.53,11.41,Blocked,None,1,1,1,1,Low,0,30.448828,78.398434,21.62,13.31,24.22,201,P1
UKD-004191,Flood,Waterlogging,5,0,0,0,0,4,0.89,22.93,Open,None,1,1,0,0,None,0,29.039497,79.464938,3.58,3.73,2.59,2191,P3
UKD-000368,Earthquake,Trapped People,66,54,1,0,8,6,0.15,2.32,Partially Blocked,Moderate,0,0,0,1,Critical,1,30.273428,78.052347,5.95,1.98,3.04,3716,P1
UKD-004569,Landslide,Infrastructure Damage,159,57,1,1,9,3,0.43,11.03,Blocked,Moderate,0,0,0,0,None,0,30.279475,77.894727,4.6,1.22,5.74,3679,P3
UKD-002901,Cloudburst,Damaged House,23,14,3,4,7,3,2.42,58.16,Blocked,Severe,0,0,0,0,None,0,29.9132,78.072488,3.83,2.89,12.75,2374,P2
UKD-001612,Flood,Trapped People,174,52,6,2,8,9,3.47,81.79,Partially Blocked,Moderate,1,0,1,1,Critical,1,29.900301,78.074341,6.27,6.32,9.95,2931,P1
UKD-002846,Flood,Infrastructure Damage,106,44,3,4,7,4,3.28,86.28,Partially Blocked,Severe,1,0,0,1,Moderate,0,30.346075,77.978378,0.89,5.37,10.68,2987,P2
UKD-003785,Cloudburst,Flooded Road,15,1,0,1,4,2,1.96,36.86,Blocked,Moderate,0,0,1,0,None,0,30.416989,78.061503,8.73,1.75,1.03,1005,P2
UKD-004210,Flood,Flooded Road,53,17,2,0,5,3,2.5,57.26,Blocked,Moderate,0,1,1,1,Moderate,1,28.968469,79.408652,1.76,10.79,2.04,1491,P3
UKD-005501,Earthquake,Infrastructure Damage,11,1,1,0,2,1,0.05,0.78,Blocked,Minor,1,1,1,1,Critical,1,30.298767,78.098184,6.43,3.12,8.99,7732,P3
UKD-001243,Flood,Evacuation Request,115,35,2,3,14,2,3.16,60.38,Open,Minor,0,0,1,1,Critical,1,30.321887,77.970511,4.04,3.56,6.42,857,P1
UKD-002371,Landslide,Evacuation Request,19,4,1,0,4,3,0.26,6.77,Partially Blocked,Minor,1,1,1,1,Low,0,30.159837,78.702498,8.23,3.93,6.74,1441,P2
UKD-004270,Earthquake,Damaged House,17,0,2,0,3,0,0.03,0.69,Open,Severe,1,1,1,1,Low,1,30.086361,78.750505,11.27,1.9,1.79,543,P3
UKD-004473,Cloudburst,Flooded Road,3,1,0,0,0,0,0.82,25.02,Blocked,Minor,1,1,1,1,Low,0,30.384246,78.080228,13.4,3.19,3.16,7856,P3
UKD-004386,Landslide,Evacuation Request,17,2,1,0,4,3,0.16,3.1,Blocked,Moderate,1,1,1,1,Critical,1,30.393307,79.019212,7.55,20.0,3.94,151,P3
UKD-000556,Landslide,Trapped People,97,86,0,1,9,1,0.81,11.6,Blocked,Moderate,0,1,1,0,None,0,30.501059,79.272124,15.31,1.36,7.18,154,P1
UKD-002164,Landslide,Evacuation Request,66,25,2,3,10,8,0.28,9.37,Blocked,Minor,1,0,0,0,None,0,30.291244,78.000216,6.77,8.02,5.05,1822,P2
UKD-005969,Earthquake,Damaged House,37,4,1,2,7,6,0.07,0.99,Open,None,1,1,0,1,Moderate,0,30.012146,78.386779,3.11,5.09,6.85,7713,P3
UKD-005960,Earthquake,Trapped People,35,10,2,0,8,7,0.08,1.67,Open,Minor,1,1,1,1,Low,0,30.141212,78.874259,9.2,4.06,10.64,2397,P3
UKD-004743,Flood,Waterlogging,7,1,0,0,1,0,1.41,31.81,Partially Blocked,None,1,0,1,0,None,0,28.95862,79.448176,3.87,0.45,5.21,1256,P3
UKD-005852,Flood,Damaged House,17,5,2,0,3,3,1.47,27.94,Open,Moderate,0,1,1,1,Moderate,1,29.209284,79.997002,10.17,6.41,5.34,298,P3
UKD-004276,Cloudburst,Injured Person,15,6,3,0,3,4,1.86,33.8,Partially Blocked,None,1,0,1,1,Low,0,30.569725,78.374517,11.97,3.35,16.16,321,P3
UKD-001964,Flood,Flooded Road,10,4,1,0,2,0,3.29,70.79,Blocked,Moderate,0,0,1,0,None,0,28.972388,79.4675,5.27,0.64,5.14,1087,P1
UKD-004265,Flood,Missing Person,48,18,1,6,4,1,2.76,39.69,Open,Moderate,0,1,1,1,Moderate,0,28.940414,79.616277,8.69,4.65,3.74,759,P3
UKD-003290,Landslide,Evacuation Request,8,0,1,1,1,0,0.17,2.85,Partially Blocked,Minor,1,1,1,1,Low,1,30.463459,79.493449,17.61,6.94,8.89,934,P2
UKD-005585,Flood,Damaged House,9,1,0,0,4,1,0.74,11.22,Open,None,1,1,1,0,None,0,29.090521,79.411248,4.28,3.13,4.54,1558,P3
UKD-000152,Earthquake,Injured Person,115,61,4,0,14,8,0.12,2.65,Blocked,None,0,1,1,1,Moderate,1,30.298915,78.115282,23.77,1.01,4.06,1830,P1
UKD-004675,Flood,Trapped People,17,11,0,1,3,0,1.83,40.48,Blocked,None,1,1,1,0,None,0,29.81826,78.176172,4.55,15.59,9.17,2714,P3
UKD-004733,Landslide,Trapped People,7,1,1,0,1,0,0.31,6.25,Open,Minor,1,1,1,1,Moderate,1,30.462375,78.48068,12.81,4.16,7.14,212,P3
UKD-004759,Earthquake,Injured Person,2,0,1,0,2,0,0.02,0.39,Open,None,1,1,1,1,Moderate,1,30.314785,77.941151,3.56,0.35,6.08,4240,P3
UKD-005271,Earthquake,Injured Person,2,0,1,0,0,1,0.04,0.75,Open,Minor,1,1,1,1,Moderate,1,30.583008,79.359098,7.99,5.12,5.6,147,P3
UKD-004215,Earthquake,Damaged House,42,15,3,1,13,1,0.08,2.03,Partially Blocked,Severe,0,1,1,1,Moderate,1,29.292435,79.372508,5.48,6.7,12.21,505,P3
UKD-003495,Flood,Flooded Road,40,6,3,2,10,4,3.17,52.59,Open,Minor,0,0,0,0,None,0,30.140479,78.791114,6.27,10.55,22.07,1093,P2
UKD-005831,Earthquake,Injured Person,9,3,1,1,3,1,0.04,0.63,Blocked,None,0,0,0,0,None,0,30.329928,77.943943,2.17,5.0,2.4,855,P3
UKD-003693,Earthquake,Damaged House,65,29,1,0,10,4,0.09,1.32,Partially Blocked,Moderate,0,1,1,1,Low,0,30.385097,77.961577,4.22,0.86,2.19,8089,P2
UKD-004621,Landslide,Infrastructure Damage,72,22,2,0,10,11,0.47,7.22,Blocked,Minor,1,0,1,1,Low,0,29.4866,80.067023,28.75,1.56,9.68,497,P3
UKD-003608,Flood,Flooded Road,18,0,0,1,2,2,1.97,42.76,Partially Blocked,None,0,0,1,0,None,0,29.934356,78.202145,2.75,4.48,3.34,1114,P2
UKD-001756,Cloudburst,Infrastructure Damage,130,48,2,0,16,7,3.24,54.12,Partially Blocked,Moderate,0,0,1,1,Moderate,1,30.029953,78.850681,6.08,3.79,13.71,369,P1
UKD-005274,Landslide,Trapped People,18,8,1,2,4,2,0.4,9.43,Partially Blocked,None,1,1,1,1,Moderate,0,30.373504,78.982745,11.34,3.5,15.91,158,P3
UKD-004560,Landslide,Damaged House,10,1,1,0,6,0,0.15,2.63,Partially Blocked,Severe,1,0,1,1,Low,0,30.342162,78.027825,4.49,0.75,4.12,3130,P3
UKD-000749,Landslide,Damaged House,56,41,6,2,9,3,0.98,18.71,Blocked,Severe,0,0,1,1,Moderate,1,30.387269,78.068127,3.27,3.56,0.57,2518,P1
UKD-005781,Flood,Flooded Road,2,0,0,0,1,0,1.82,31.82,Open,Minor,1,1,1,0,None,0,30.308514,77.978883,3.95,2.02,0.74,3075,P3
UKD-001534,Flood,Infrastructure Damage,152,63,7,2,16,3,4.87,63.87,Blocked,Severe,0,0,0,1,Moderate,0,30.819228,78.35684,19.97,13.89,4.76,324,P1
UKD-001043,Flood,Evacuation Request,54,27,1,4,4,8,3.05,61.87,Partially Blocked,None,0,0,1,0,None,0,30.279687,77.978771,1.44,2.04,8.39,3465,P1
UKD-005492,Landslide,Flooded Road,30,3,4,0,3,4,0.51,20.45,Blocked,Severe,1,0,1,1,Low,1,29.777921,80.327312,3.94,4.07,24.33,208,P3
UKD-003880,Landslide,Infrastructure Damage,35,22,4,2,5,4,0.53,8.85,Blocked,Severe,0,0,0,1,Critical,1,30.281025,78.467259,15.22,11.69,21.63,250,P2
UKD-002664,Earthquake,Injured Person,37,6,12,2,2,4,0.06,1.39,Open,Severe,0,0,1,0,None,0,29.816903,79.882591,3.89,20.0,7.09,217,P2
UKD-005107,Flood,Waterlogging,7,3,0,0,2,3,2.41,52.55,Partially Blocked,Minor,1,0,1,1,Low,0,30.164448,78.196979,4.94,5.34,7.42,2821,P3
UKD-001558,Earthquake,Trapped People,71,49,3,1,6,5,0.16,1.98,Partially Blocked,Minor,0,0,1,1,Moderate,1,30.253613,78.535625,9.75,2.66,13.16,137,P1
UKD-000492,Flood,Missing Person,99,66,2,8,9,4,4.62,65.41,Blocked,Severe,0,0,1,0,None,0,29.561409,79.56522,19.66,6.94,3.88,921,P1
UKD-004374,Landslide,Injured Person,32,10,5,0,9,2,0.53,10.36,Partially Blocked,Minor,0,0,0,1,Low,0,30.220352,78.030532,3.91,3.89,3.35,932,P3
UKD-003383,Flood,Missing Person,49,25,3,6,17,1,1.68,29.66,Blocked,Severe,1,0,1,0,None,0,30.076048,78.745238,3.58,3.91,11.45,822,P2
UKD-005528,Flood,Flooded Road,31,5,0,0,2,6,2.06,41.26,Partially Blocked,None,1,0,1,0,None,0,30.456205,79.021682,15.17,16.9,15.64,505,P3
UKD-000472,Flood,Evacuation Request,73,19,1,1,16,2,2.27,30.93,Partially Blocked,None,1,0,0,1,Low,1,29.017062,79.461313,1.88,1.36,3.14,517,P1
UKD-005304,Landslide,Infrastructure Damage,18,3,0,0,1,0,0.15,2.59,Partially Blocked,Minor,1,1,1,0,None,0,29.60261,80.233772,18.72,5.99,13.76,166,P3
UKD-002313,Landslide,Damaged House,45,31,3,1,4,5,0.51,15.81,Blocked,Severe,0,0,1,0,None,0,30.592856,78.679693,16.39,6.11,12.01,162,P2
UKD-005598,Cloudburst,Flooded Road,28,5,1,2,1,1,2.5,49.08,Blocked,Minor,0,0,0,0,None,0,29.993156,78.12433,2.87,3.58,8.57,1458,P3
UKD-000808,Flood,Trapped People,27,15,3,5,9,1,2.66,70.19,Blocked,Severe,1,1,0,1,Critical,1,29.535289,79.623985,8.37,9.5,8.83,1883,P1
UKD-005671,Cloudburst,Missing Person,10,1,0,3,2,1,1.49,34.75,Partially Blocked,None,1,1,1,1,Low,0,29.272822,79.41738,6.47,6.82,4.53,753,P3
UKD-004880,Landslide,Injured Person,4,2,2,0,2,0,0.32,8.93,Partially Blocked,Minor,1,1,1,1,Moderate,1,30.514659,78.567617,9.54,8.34,12.7,324,P3
UKD-000897,Flood,Flooded Road,79,22,1,3,15,2,3.81,58.66,Blocked,Moderate,0,0,0,1,Critical,1,29.381385,79.285827,1.85,3.03,7.46,407,P1
UKD-005372,Earthquake,Injured Person,4,2,1,0,1,0,0.04,0.54,Partially Blocked,None,1,1,1,1,Low,0,28.913794,79.385904,4.01,1.67,4.16,942,P3
UKD-002504,Landslide,Missing Person,52,23,3,6,4,9,0.31,6.31,Blocked,Severe,1,0,1,1,Low,0,29.436511,79.388957,22.67,16.86,6.07,616,P2
UKD-005684,Cloudburst,Waterlogging,7,0,0,0,0,2,1.14,14.79,Blocked,Minor,1,1,1,0,None,0,30.679911,78.425549,11.35,7.3,9.45,118,P3
UKD-004323,Earthquake,Damaged House,126,60,7,1,9,4,0.11,1.9,Blocked,Severe,0,1,1,1,Critical,1,29.430767,79.467774,10.83,1.7,11.9,409,P3
UKD-000355,Landslide,Infrastructure Damage,40,13,4,3,12,2,0.64,14.54,Blocked,Severe,1,0,1,1,Critical,1,30.413533,78.878168,6.41,11.83,16.9,415,P1
UKD-000252,Flood,Injured Person,49,37,19,6,14,6,3.5,98.06,Blocked,Severe,0,0,0,1,Critical,1,30.163402,78.788306,2.01,8.69,12.59,1247,P1
UKD-000186,Earthquake,Damaged House,52,18,0,0,9,4,0.1,1.68,Partially Blocked,Moderate,0,0,1,0,None,0,29.932896,78.109102,5.77,1.9,2.59,1939,P1
UKD-002379,Cloudburst,Evacuation Request,32,4,1,1,5,1,0.73,12.95,Partially Blocked,Minor,1,1,1,1,Low,0,30.461654,78.616239,15.86,11.19,9.45,385,P2
UKD-001184,Flood,Flooded Road,36,7,2,3,6,2,3.28,85.32,Partially Blocked,Minor,1,1,0,0,None,0,30.341414,77.984067,10.97,1.77,9.46,3295,P1
UKD-002111,Cloudburst,Damaged House,40,9,1,4,12,3,1.48,42.85,Partially Blocked,Moderate,1,0,0,1,Low,0,29.462432,80.222731,9.45,4.69,11.71,238,P2
UKD-004275,Cloudburst,Damaged House,107,55,7,1,11,3,3.2,42.55,Partially Blocked,Severe,0,1,1,1,Critical,1,30.352704,78.025346,4.07,1.27,8.33,3396,P3
UKD-000228,Cloudburst,Evacuation Request,60,38,3,1,9,4,1.68,49.01,Blocked,Minor,0,1,1,1,Critical,1,30.052658,78.196474,4.26,10.14,3.82,1404,P1
UKD-002154,Landslide,Trapped People,70,36,3,3,14,7,0.8,14.51,Partially Blocked,Moderate,1,0,1,1,Low,0,29.575089,80.349107,2.41,11.44,15.82,140,P2
UKD-005768,Earthquake,Damaged House,34,7,1,4,3,4,0.07,1.19,Partially Blocked,Moderate,1,1,0,1,Low,1,30.71798,78.399642,6.0,19.03,8.94,424,P3
UKD-001296,Flood,Evacuation Request,69,40,1,4,15,6,2.93,77.16,Blocked,Moderate,0,1,0,1,Moderate,1,30.3457,77.998394,1.61,2.27,2.68,1813,P1
UKD-005932,Flood,Flooded Road,31,2,1,1,4,1,2.05,56.59,Open,Minor,1,1,1,1,Low,0,29.989355,78.178478,2.51,3.52,6.02,1573,P3
UKD-004852,Flood,Injured Person,20,3,2,1,2,1,0.81,22.65,Partially Blocked,Minor,1,1,1,1,Low,1,29.393674,79.371683,9.98,7.18,5.45,662,P3
UKD-003939,Earthquake,Infrastructure Damage,93,64,2,3,12,6,0.14,1.93,Blocked,Minor,0,1,1,1,Moderate,0,29.516492,79.559352,10.52,4.28,26.83,949,P2
UKD-005461,Landslide,Infrastructure Damage,5,0,0,0,0,0,0.08,2.4,Open,Minor,1,1,0,0,None,0,28.963459,79.564843,0.5,3.9,1.09,2006,P3
UKD-002803,Flood,Flooded Road,30,6,4,5,6,2,3.05,61.95,Partially Blocked,Minor,0,0,1,1,Moderate,1,28.861864,79.526948,8.98,2.15,3.04,2369,P2
UKD-003185,Flood,Flooded Road,105,22,1,1,10,7,1.85,45.49,Blocked,Minor,0,0,1,1,Low,0,30.37185,78.049843,19.94,3.92,3.19,806,P2
UKD-001906,Earthquake,Injured Person,23,17,7,2,7,0,0.13,2.6,Blocked,Minor,0,0,1,1,Moderate,1,30.231233,79.190845,5.29,11.8,29.36,437,P1
UKD-005037,Flood,Waterlogging,18,1,0,1,4,3,1.67,44.42,Partially Blocked,None,1,1,1,0,None,0,30.062378,78.286168,4.49,1.78,6.51,593,P3
UKD-002224,Landslide,Infrastructure Damage,28,17,0,1,9,1,0.42,6.57,Blocked,Minor,1,1,1,1,Low,0,30.158825,77.992278,8.73,2.54,1.15,2592,P2
UKD-003839,Cloudburst,Damaged House,67,9,0,3,20,0,1.25,26.36,Open,Moderate,1,1,1,0,None,0,30.265617,77.989896,1.52,1.4,5.65,2512,P2
UKD-003182,Cloudburst,Trapped People,56,37,2,3,9,4,2.57,63.27,Blocked,Moderate,1,1,1,1,Moderate,1,29.659777,80.291988,15.61,4.44,9.97,923,P2
UKD-000293,Cloudburst,Evacuation Request,44,20,3,2,7,8,2.36,54.02,Partially Blocked,Severe,0,0,0,1,Moderate,0,30.603249,78.564811,18.29,12.44,14.21,204,P1
UKD-002722,Flood,Missing Person,12,5,0,2,2,1,2.27,42.99,Open,Moderate,0,1,0,1,Low,0,29.052481,79.525449,4.54,7.95,3.82,1426,P2
UKD-000550,Flood,Flooded Road,25,2,0,0,3,0,1.41,30.43,Open,Minor,1,1,1,1,Low,1,28.925056,79.520025,7.19,6.89,3.02,1164,P1
UKD-004255,Earthquake,Infrastructure Damage,6,1,0,0,1,0,0.03,0.69,Blocked,None,0,1,1,0,None,0,30.269806,78.044945,3.11,2.65,9.33,1701,P3
UKD-005530,Landslide,Injured Person,14,4,5,0,4,2,0.45,6.58,Partially Blocked,Minor,0,1,0,1,Low,0,30.265269,79.448815,5.41,7.42,14.68,421,P3
UKD-001570,Flood,Trapped People,18,12,2,2,2,5,4.31,76.82,Open,Severe,0,0,0,1,Critical,1,30.384751,77.981106,2.73,5.82,14.84,3096,P1
UKD-001076,Earthquake,Trapped People,22,15,0,1,5,2,0.07,1.72,Partially Blocked,Moderate,0,1,1,1,Critical,1,30.525862,79.025154,13.9,5.35,10.47,163,P1
UKD-004441,Cloudburst,Injured Person,22,6,12,2,6,3,3.01,59.16,Open,Severe,1,0,0,1,Moderate,0,30.324691,78.039596,10.42,4.74,7.5,1129,P3
UKD-002448,Earthquake,Injured Person,36,20,11,4,7,4,0.16,2.5,Partially Blocked,Severe,0,1,1,1,Critical,1,29.007771,79.485345,5.38,1.5,3.01,2090,P2
UKD-001323,Earthquake,Trapped People,149,68,1,1,10,10,0.1,2.08,Partially Blocked,Moderate,0,1,0,1,Low,0,30.271385,78.422067,13.62,7.75,6.94,117,P1
UKD-005060,Landslide,Injured Person,2,1,1,0,0,0,0.13,2.55,Partially Blocked,Minor,1,1,1,1,Low,0,30.279483,78.012884,1.99,4.53,0.95,2473,P3
UKD-002969,Flood,Flooded Road,24,4,1,1,5,3,2.58,50.78,Open,Minor,0,1,1,1,Low,0,29.452078,79.361976,9.28,6.21,2.28,1462,P2
UKD-003210,Flood,Evacuation Request,21,7,2,0,7,7,1.19,22.34,Open,Minor,0,1,1,0,None,0,30.929986,78.492844,6.99,5.08,10.06,173,P2
UKD-002671,Landslide,Infrastructure Damage,15,6,1,0,3,3,0.19,4.12,Partially Blocked,Moderate,0,1,1,1,Low,0,30.541324,78.363802,13.48,3.2,14.16,502,P2
UKD-002421,Landslide,Infrastructure Damage,16,5,1,3,3,2,0.47,11.13,Blocked,Moderate,1,0,0,0,None,0,30.340001,78.01969,7.88,1.52,2.3,2079,P2
UKD-003735,Earthquake,Infrastructure Damage,27,16,1,2,7,2,0.06,1.5,Blocked,Minor,0,0,1,1,Low,1,29.813999,78.092194,5.32,1.42,5.71,5177,P2
UKD-005110,Landslide,Evacuation Request,15,5,0,1,1,4,0.33,9.49,Blocked,Moderate,1,1,0,1,Low,0,30.202145,78.103298,1.61,3.66,11.3,2816,P3
UKD-003054,Cloudburst,Injured Person,55,17,5,0,15,4,3.64,60.52,Partially Blocked,Moderate,1,1,1,1,Critical,1,30.45487,79.440302,7.8,11.75,6.57,118,P2
UKD-002835,Cloudburst,Injured Person,39,17,4,4,5,7,2.59,52.56,Partially Blocked,Minor,0,1,1,1,Moderate,1,30.339414,77.886571,4.5,0.72,3.16,7978,P2
UKD-003718,Cloudburst,Missing Person,38,18,1,6,9,7,1.76,46.08,Blocked,Minor,1,1,1,1,Low,0,30.461367,78.103154,0.65,3.76,1.9,2322,P2
UKD-003338,Flood,Waterlogging,52,4,3,2,16,3,3.07,61.26,Partially Blocked,Moderate,1,0,1,1,Moderate,1,29.467773,79.419343,7.21,7.89,10.23,3154,P2
UKD-003197,Landslide,Injured Person,11,2,3,0,2,2,0.31,6.94,Open,Severe,1,1,1,0,None,0,30.128929,78.837067,9.21,4.41,7.67,599,P2
UKD-004867,Flood,Flooded Road,1,0,0,0,0,0,0.91,19.91,Open,Minor,1,1,1,0,None,0,30.385016,79.549976,6.43,3.15,13.39,339,P3
UKD-003741,Earthquake,Injured Person,9,1,2,0,1,1,0.06,1.4,Partially Blocked,Moderate,1,1,1,1,Critical,1,30.840191,78.45412,14.7,3.5,23.11,217,P2
UKD-004887,Flood,Missing Person,30,9,0,9,9,5,0.91,20.26,Blocked,Minor,1,1,1,1,Low,0,29.900281,78.111878,3.5,4.94,1.51,2766,P3
UKD-005801,Cloudburst,Damaged House,16,1,1,0,6,3,0.74,17.49,Blocked,Minor,1,1,1,1,Moderate,0,29.877057,78.222344,12.04,3.38,8.32,5516,P3
UKD-001143,Cloudburst,Trapped People,36,19,3,0,2,6,2.42,55.03,Partially Blocked,Severe,1,0,1,1,Moderate,1,30.78496,78.473251,20.71,4.26,21.08,246,P1
UKD-004644,Earthquake,Infrastructure Damage,19,5,0,0,1,4,0.05,0.61,Partially Blocked,None,1,1,1,0,None,0,30.073855,78.811652,6.26,1.48,8.82,594,P3
UKD-000933,Earthquake,Evacuation Request,22,7,1,0,6,3,0.08,1.78,Partially Blocked,Minor,0,1,1,1,Critical,1,30.379272,78.171733,4.55,2.72,6.3,1037,P1
UKD-000614,Cloudburst,Evacuation Request,40,26,2,1,10,3,3.37,62.99,Blocked,Moderate,0,0,1,1,Critical,1,30.135767,78.889517,10.75,4.42,13.59,346,P1
UKD-002228,Flood,Trapped People,25,14,5,2,2,3,2.57,75.64,Open,Severe,0,0,0,1,Moderate,1,29.389933,79.448809,2.57,5.19,10.25,761,P2
UKD-004739,Flood,Waterlogging,5,0,0,0,2,1,1.39,31.23,Open,Minor,1,1,1,0,None,0,28.999923,79.494853,3.16,6.76,2.48,1249,P3
UKD-003241,Landslide,Damaged House,6,0,0,0,1,1,0.18,2.98,Open,Moderate,1,1,1,0,None,0,30.902496,78.485222,16.47,3.31,7.7,226,P2
UKD-003470,Flood,Evacuation Request,82,28,0,0,16,7,2.55,61.51,Partially Blocked,Minor,1,0,1,1,Low,0,28.964708,79.496784,7.28,2.01,2.88,4893,P2
UKD-005051,Flood,Trapped People,22,4,0,1,3,0,1.17,22.52,Open,Minor,1,1,0,0,None,0,28.957064,79.489197,4.58,3.24,1.39,883,P3
UKD-004692,Flood,Evacuation Request,57,26,2,3,14,5,3.52,71.57,Blocked,Minor,1,0,1,1,Critical,1,28.996895,79.502329,10.95,3.51,2.16,2164,P3
UKD-003816,Flood,Evacuation Request,51,23,1,2,4,1,2.55,55.74,Partially Blocked,Minor,0,1,0,1,Low,0,29.757032,79.759571,12.21,15.05,7.51,165,P2
UKD-004102,Flood,Damaged House,54,14,5,4,12,4,2.35,46.22,Open,None,1,0,0,1,Low,0,29.409751,79.399159,3.3,1.41,6.84,1709,P3
UKD-005408,Cloudburst,Injured Person,17,8,1,4,3,0,1.78,39.91,Blocked,Severe,0,1,1,1,Low,1,30.164179,78.856981,6.03,3.57,16.09,869,P3
UKD-000506,Earthquake,Infrastructure Damage,22,15,9,4,3,2,0.18,3.47,Blocked,Severe,0,0,0,1,Low,1,29.62539,80.193935,16.22,5.71,28.01,199,P1
UKD-001510,Cloudburst,Trapped People,22,14,1,1,1,2,2.67,55.6,Blocked,Minor,1,1,1,1,Moderate,0,30.384553,77.98475,9.2,2.3,1.98,2759,P1
UKD-001667,Landslide,Trapped People,61,19,1,0,14,8,0.24,6.31,Partially Blocked,None,1,1,1,1,Moderate,1,29.961877,78.805501,1.24,20.0,4.91,130,P1
UKD-000273,Landslide,Injured Person,60,23,9,4,8,11,0.51,10.34,Open,Severe,0,1,0,1,Moderate,0,29.384199,79.436499,6.57,1.99,11.01,210,P1
UKD-002116,Flood,Trapped People,10,8,0,0,2,2,1.79,32.87,Blocked,Moderate,0,0,0,1,Moderate,0,29.679741,79.580331,15.25,5.19,11.42,881,P2
UKD-005165,Cloudburst,Waterlogging,7,1,1,0,0,1,1.14,24.29,Blocked,Minor,0,1,1,0,None,0,29.370349,80.090714,17.87,14.19,28.62,1623,P3
UKD-004506,Flood,Missing Person,93,71,2,8,5,7,2.09,47.04,Blocked,Moderate,0,0,0,1,Low,0,28.830571,79.498621,6.21,5.79,8.52,1969,P3
UKD-001486,Landslide,Trapped People,83,61,5,1,4,5,0.81,19.45,Blocked,Severe,1,0,0,1,Critical,1,29.521305,80.237365,15.95,14.4,6.66,80,P1
UKD-004302,Earthquake,Damaged House,22,6,4,0,1,2,0.07,1.58,Open,Severe,1,0,1,1,Low,0,29.942386,78.234974,1.94,1.75,1.33,1285,P3
UKD-000702,Flood,Damaged House,54,25,7,2,7,8,3.22,51.49,Partially Blocked,Severe,0,0,1,1,Critical,1,30.285153,78.959031,12.24,8.93,16.64,249,P1
UKD-003834,Landslide,Injured Person,15,0,5,0,3,4,0.21,4.66,Open,None,1,1,0,1,Low,1,29.486885,80.114457,11.37,16.75,16.93,314,P2
UKD-003590,Landslide,Infrastructure Damage,15,5,1,1,3,1,0.78,11.7,Partially Blocked,Moderate,1,0,1,1,Low,1,29.551433,79.567576,8.33,3.83,3.44,865,P2
UKD-000107,Earthquake,Injured Person,31,9,9,4,4,4,0.14,2.74,Partially Blocked,Moderate,1,0,0,1,Low,0,30.410691,79.035821,30.0,10.38,9.22,93,P1
UKD-005048,Earthquake,Waterlogging,21,1,0,0,8,5,0.38,10.7,Open,Minor,1,0,1,0,None,0,30.227615,78.819346,10.43,2.35,5.25,682,P3
UKD-005001,Flood,Flooded Road,68,10,2,2,16,4,4.86,88.43,Blocked,Minor,1,0,1,1,Moderate,1,30.413223,78.961745,14.04,4.62,16.08,249,P3
UKD-005318,Cloudburst,Trapped People,15,6,0,1,2,3,1.4,23.25,Open,None,1,1,0,0,None,0,30.445007,79.259588,6.08,2.78,13.66,228,P3
UKD-004768,Flood,Waterlogging,30,0,3,1,8,6,1.81,41.61,Open,None,1,0,1,0,None,0,29.467995,80.298357,7.58,8.43,8.75,81,P3
UKD-005242,Flood,Trapped People,5,2,0,0,1,0,0.88,20.26,Partially Blocked,Minor,1,1,0,0,None,0,30.322415,78.488541,6.54,17.7,6.58,164,P3
UKD-003850,Landslide,Evacuation Request,38,16,0,1,12,2,0.38,9.37,Blocked,Minor,1,1,1,1,Low,0,30.148992,79.082438,8.8,13.55,23.49,196,P2
UKD-000953,Earthquake,Infrastructure Damage,44,13,0,1,9,4,0.09,1.92,Partially Blocked,Minor,1,1,1,0,None,0,30.230975,78.823376,20.23,12.52,5.06,168,P1
UKD-002365,Earthquake,Damaged House,15,8,3,0,1,0,0.06,1.76,Partially Blocked,Severe,0,0,1,1,Low,1,29.992551,78.155536,7.93,5.3,5.15,2024,P2
UKD-003896,Landslide,Trapped People,51,24,2,2,14,3,0.32,6.72,Open,Severe,0,0,0,1,Low,1,29.779244,79.703551,3.37,5.67,2.18,784,P2
UKD-003840,Cloudburst,Waterlogging,27,2,0,1,7,3,1.31,43.55,Open,None,1,1,1,1,Low,1,29.998681,78.165582,0.81,2.55,6.59,517,P2
UKD-002651,Flood,Damaged House,17,4,0,1,3,2,2.86,50.19,Partially Blocked,Minor,1,1,0,1,Low,0,30.426767,79.444149,16.81,8.49,18.15,89,P2
UKD-003227,Cloudburst,Trapped People,15,10,0,0,1,1,1.28,38.18,Blocked,Moderate,0,1,1,1,Low,0,30.34681,78.002327,2.34,2.47,8.85,1298,P2
UKD-004931,Landslide,Injured Person,33,6,5,0,8,4,0.37,7.01,Open,Moderate,1,0,1,1,Low,0,30.81267,78.351675,17.07,9.99,17.18,208,P3
UKD-002911,Landslide,Evacuation Request,166,37,0,2,10,8,0.6,12.24,Open,Moderate,0,1,0,1,Low,0,29.939122,78.182408,7.73,8.23,3.63,1792,P2
UKD-001085,Landslide,Missing Person,20,3,0,5,2,5,0.31,9.26,Open,Moderate,1,0,0,1,Moderate,0,30.029656,78.138874,5.63,1.88,6.77,706,P1
UKD-003540,Flood,Flooded Road,147,32,6,3,6,8,4.17,93.91,Blocked,Severe,0,0,0,1,Critical,1,29.536006,79.657219,13.78,2.34,6.09,2236,P2
UKD-003545,Flood,Trapped People,74,41,4,3,14,4,3.94,63.8,Partially Blocked,Moderate,1,0,0,1,Critical,1,29.825033,78.161572,14.0,1.13,0.5,1174,P2
UKD-004642,Earthquake,Damaged House,47,14,1,1,10,2,0.07,1.25,Blocked,Moderate,1,0,1,1,Low,0,30.323102,77.97706,7.06,2.38,7.71,2231,P3
UKD-001421,Flood,Flooded Road,132,35,3,3,10,10,3.74,61.77,Blocked,Severe,0,0,1,1,Low,1,30.056434,78.228014,10.12,2.49,11.3,2472,P1
UKD-002771,Landslide,Damaged House,102,41,0,2,16,8,0.6,12.5,Blocked,Minor,1,0,0,1,Moderate,1,30.053636,78.802621,10.08,10.67,12.72,626,P2
UKD-001787,Flood,Flooded Road,13,4,3,0,5,0,3.06,68.67,Blocked,Severe,0,1,1,1,Critical,1,30.219091,78.739386,15.36,3.84,15.34,1059,P1
UKD-004481,Landslide,Evacuation Request,46,5,2,6,8,7,0.45,8.36,Open,Moderate,1,1,0,1,Low,0,30.270536,77.949097,1.98,2.22,6.18,1349,P3
UKD-001889,Cloudburst,Waterlogging,41,8,1,0,10,2,3.16,55.15,Partially Blocked,Moderate,0,1,1,1,Low,0,29.999842,78.122401,7.21,0.32,3.52,1616,P1
UKD-005662,Cloudburst,Missing Person,32,6,1,8,8,5,2.1,54.34,Partially Blocked,Minor,1,1,0,0,None,0,28.941715,79.512193,5.38,2.17,1.68,2056,P3
UKD-005650,Earthquake,Damaged House,5,1,0,0,1,2,0.03,0.72,Open,None,0,1,1,0,None,0,30.347316,79.228322,6.48,2.33,15.43,172,P3
UKD-000417,Landslide,Infrastructure Damage,79,55,3,2,11,8,1.05,13.76,Blocked,Moderate,0,0,1,1,Moderate,1,30.197201,78.000955,3.26,1.86,1.98,6682,P1
UKD-001216,Earthquake,Trapped People,64,54,5,3,10,5,0.16,2.76,Partially Blocked,Severe,0,0,1,1,Moderate,1,29.408112,79.502683,2.27,0.59,12.23,1052,P1
UKD-004839,Flood,Flooded Road,32,10,4,5,5,1,2.59,68.25,Blocked,Minor,0,1,0,1,Critical,1,29.785126,78.13633,5.34,1.63,1.07,2246,P3
UKD-005747,Flood,Waterlogging,7,0,0,1,2,0,1.64,34.36,Open,None,1,0,1,0,None,0,29.845858,78.222061,2.25,1.66,5.85,932,P3
UKD-000565,Cloudburst,Injured Person,30,13,3,2,4,5,1.77,27.1,Blocked,Minor,0,1,1,0,None,0,29.395033,79.366839,10.82,2.33,7.06,472,P1
UKD-000479,Landslide,Flooded Road,92,27,1,4,5,8,1.31,27.65,Partially Blocked,Minor,0,0,0,1,Critical,1,30.816612,78.389634,11.34,6.0,16.66,66,P1
UKD-005838,Flood,Waterlogging,2,0,0,0,1,0,0.73,26.96,Open,None,1,1,0,0,None,0,28.870645,79.377663,3.2,0.48,5.18,1226,P3
UKD-000143,Cloudburst,Evacuation Request,130,62,3,5,16,1,2.85,50.61,Blocked,Severe,0,0,0,1,Moderate,1,29.631365,79.562419,6.73,9.03,8.11,623,P1
UKD-001213,Landslide,Injured Person,33,23,9,2,7,2,1.0,17.37,Blocked,Severe,0,0,1,1,Critical,1,30.342262,79.14156,11.4,20.0,12.69,95,P1
UKD-005298,Earthquake,Waterlogging,6,0,0,0,3,0,0.51,18.36,Open,Minor,1,0,0,0,None,0,30.192553,78.748678,5.49,2.17,5.83,886,P3
UKD-001098,Earthquake,Injured Person,33,11,9,0,10,2,0.06,1.34,Partially Blocked,Severe,1,1,1,1,Critical,1,30.27305,78.121393,2.35,0.73,4.16,5108,P1
UKD-002143,Earthquake,Damaged House,71,27,8,1,3,2,0.12,2.32,Blocked,Severe,1,0,0,1,Critical,1,30.194159,78.769605,17.63,3.55,2.93,847,P2
UKD-000606,Earthquake,Damaged House,67,12,2,0,3,7,0.12,1.96,Open,Moderate,1,1,1,1,Critical,1,30.437447,78.445395,7.7,3.35,4.18,199,P1
UKD-003787,Earthquake,Injured Person,18,6,7,0,1,3,0.11,1.78,Partially Blocked,Severe,0,0,1,1,Critical,1,30.446057,78.509324,4.0,10.72,10.55,146,P2
UKD-002576,Landslide,Missing Person,80,43,0,10,9,4,0.4,7.78,Blocked,None,0,0,1,0,None,0,29.614698,80.300583,17.27,16.22,18.74,306,P2
UKD-000498,Earthquake,Injured Person,125,30,9,0,12,7,0.13,3.25,Partially Blocked,Moderate,1,0,1,1,Moderate,1,28.849243,79.641435,4.01,6.54,6.84,3559,P1
UKD-002543,Flood,Evacuation Request,51,26,4,4,12,7,3.24,58.67,Blocked,Severe,0,0,0,1,Low,1,30.357598,79.48913,5.79,10.46,6.15,232,P2
UKD-004482,Earthquake,Damaged House,37,8,1,1,10,3,0.05,1.36,Open,Moderate,0,1,1,1,Moderate,1,29.943115,78.140792,2.14,2.01,1.9,936,P3
UKD-005222,Flood,Waterlogging,22,2,0,3,4,3,2.65,70.9,Open,Minor,1,0,0,0,None,0,30.460342,78.025082,1.08,0.86,7.41,1754,P3
UKD-002464,Landslide,Injured Person,10,4,1,0,0,0,0.35,9.47,Blocked,Moderate,1,1,1,0,None,0,30.476361,78.336125,2.38,2.69,26.26,57,P2
UKD-000722,Flood,Evacuation Request,47,19,5,3,8,2,3.21,71.0,Partially Blocked,Minor,0,0,1,1,Moderate,0,30.349816,77.984532,2.13,1.99,0.77,1200,P1
UKD-001087,Cloudburst,Flooded Road,117,31,1,0,6,4,4.37,81.64,Blocked,Moderate,0,0,0,1,Low,0,29.62998,80.011676,10.84,14.72,30.0,104,P1
UKD-001026,Earthquake,Injured Person,20,3,9,3,3,3,0.08,2.48,Partially Blocked,Severe,1,1,1,1,Moderate,1,29.367012,79.489488,1.48,5.48,11.63,1167,P1
UKD-001358,Landslide,Infrastructure Damage,115,63,2,1,7,0,0.54,11.36,Blocked,Minor,0,1,1,1,Moderate,1,29.425164,79.389329,16.94,7.23,21.82,282,P1
UKD-003257,Cloudburst,Damaged House,94,43,6,5,11,1,2.56,40.13,Partially Blocked,Severe,0,0,0,1,Critical,1,29.341194,79.553676,11.68,7.47,7.02,665,P2
UKD-002813,Flood,Infrastructure Damage,94,51,4,4,16,4,2.56,48.65,Partially Blocked,Severe,0,0,1,1,Moderate,0,29.89106,78.118406,4.79,3.84,2.54,672,P2
UKD-003399,Landslide,Damaged House,49,12,3,1,6,2,0.38,7.94,Open,Severe,0,1,1,1,Low,0,30.245946,78.002748,3.67,3.55,6.28,2095,P2
UKD-004812,Landslide,Damaged House,15,4,0,0,3,1,0.26,4.41,Open,None,0,1,1,0,None,0,30.379106,78.043118,6.45,0.93,0.92,1437,P3
UKD-004833,Landslide,Infrastructure Damage,5,2,0,0,1,0,0.23,4.57,Blocked,None,0,1,1,0,None,0,29.248917,80.139127,27.54,10.06,14.68,1699,P3
UKD-002893,Landslide,Injured Person,15,4,2,0,4,0,0.23,4.97,Partially Blocked,Moderate,0,1,1,1,Moderate,1,30.215911,78.842167,11.87,1.48,4.51,731,P2
UKD-003408,Flood,Flooded Road,28,8,1,1,5,1,2.15,58.24,Blocked,Moderate,0,1,1,0,None,0,29.012419,79.458859,6.1,3.31,11.15,2114,P2
UKD-002958,Cloudburst,Waterlogging,12,4,1,1,5,4,2.21,62.02,Blocked,Moderate,1,1,0,1,Moderate,0,29.419772,79.442761,7.4,6.19,13.76,482,P2
UKD-004752,Earthquake,Injured Person,57,25,10,3,18,9,0.14,3.34,Open,Severe,0,0,1,1,Critical,1,29.508831,80.047029,10.94,8.98,9.01,197,P3
UKD-000337,Cloudburst,Evacuation Request,91,46,4,2,4,8,2.81,48.25,Partially Blocked,Severe,0,1,1,1,Low,0,30.414319,77.924115,8.3,1.25,1.4,2580,P1
UKD-005258,Flood,Waterlogging,8,4,0,0,3,0,1.41,36.61,Blocked,Minor,0,1,1,0,None,0,29.966544,78.218917,1.8,8.8,7.09,873,P3
UKD-001965,Earthquake,Damaged House,101,37,4,2,7,5,0.14,3.42,Partially Blocked,Severe,1,0,0,1,Critical,1,30.615805,78.2245,11.17,7.56,11.26,173,P1
UKD-003558,Flood,Injured Person,6,0,1,0,3,1,1.18,23.47,Open,Moderate,1,1,1,1,Low,0,30.279339,78.163944,14.39,1.11,4.39,1407,P2
UKD-001562,Flood,Injured Person,20,10,5,1,2,2,2.11,47.66,Partially Blocked,Moderate,0,1,1,1,Critical,1,30.306628,77.983645,8.49,0.58,4.4,1525,P1
UKD-001739,Flood,Trapped People,99,85,1,3,6,6,4.02,76.23,Blocked,Moderate,0,1,0,1,Moderate,1,28.990269,79.416355,2.74,1.36,2.24,1056,P1
UKD-004363,Cloudburst,Evacuation Request,20,10,3,1,2,0,1.53,39.77,Blocked,Severe,0,0,0,0,None,0,29.579755,79.645514,16.32,3.93,7.26,718,P3
UKD-002440,Landslide,Trapped People,175,41,6,2,7,7,0.82,10.42,Open,Severe,1,1,1,1,Critical,1,29.315878,79.562855,9.01,2.95,8.56,454,P2
UKD-002019,Flood,Trapped People,70,49,3,2,12,5,2.92,73.41,Partially Blocked,Moderate,0,1,1,1,Low,0,28.85108,79.47174,1.88,3.82,4.51,1431,P2
UKD-003097,Flood,Damaged House,108,21,4,3,16,10,2.5,44.32,Partially Blocked,Severe,1,1,0,1,Low,0,30.143358,78.867348,11.46,7.14,0.92,220,P2
UKD-000725,Flood,Evacuation Request,85,48,2,1,2,6,2.63,69.49,Blocked,Moderate,0,1,1,1,Moderate,1,30.461007,78.555985,15.14,1.97,12.58,163,P1
UKD-000766,Earthquake,Damaged House,104,70,1,0,6,9,0.16,3.42,Blocked,Moderate,0,0,1,1,Low,0,30.342615,77.976927,8.2,0.5,2.18,1393,P1
UKD-000287,Earthquake,Trapped People,66,18,0,1,4,9,0.05,1.58,Open,Moderate,1,0,0,0,None,0,30.194279,78.451029,6.38,0.29,4.54,92,P1
UKD-000308,Earthquake,Trapped People,18,5,1,0,7,1,0.07,1.31,Open,Minor,1,1,1,1,Low,0,28.933032,79.497142,4.57,0.2,3.02,2195,P1
UKD-005211,Flood,Flooded Road,4,0,0,0,1,1,1.55,40.19,Partially Blocked,Minor,1,0,1,0,None,0,30.056783,78.802469,11.94,4.09,8.86,331,P3
UKD-004669,Earthquake,Infrastructure Damage,7,3,2,0,2,1,0.06,1.03,Partially Blocked,Severe,1,1,1,1,Low,0,30.069965,78.198454,1.2,6.56,3.14,2779,P3
UKD-005436,Earthquake,Damaged House,4,0,1,0,0,2,0.01,0.39,Open,Minor,1,1,1,1,Low,1,30.157466,79.000052,27.46,9.28,15.52,452,P3
UKD-001731,Flood,Flooded Road,102,10,2,3,12,5,3.29,64.37,Partially Blocked,Minor,1,0,0,1,Critical,1,30.492055,78.480871,1.84,12.41,17.5,207,P1
UKD-004410,Flood,Waterlogging,9,0,1,0,2,0,1.57,40.68,Open,Minor,1,0,1,1,Low,0,29.965431,78.128823,3.83,2.75,6.42,1786,P3
UKD-005086,Flood,Flooded Road,11,3,0,0,4,1,1.08,15.3,Partially Blocked,Minor,0,1,0,0,None,0,29.935602,78.156759,5.18,2.72,9.28,1776,P3
UKD-001472,Landslide,Evacuation Request,122,71,5,1,20,7,0.97,19.85,Blocked,Severe,0,0,0,1,Low,0,30.244493,79.136581,18.2,8.14,21.01,140,P1
UKD-000072,Landslide,Injured Person,52,20,6,1,2,4,0.62,15.01,Blocked,Minor,1,0,1,1,Moderate,1,30.224126,78.821792,2.37,9.34,8.63,936,P1
UKD-001567,Landslide,Missing Person,106,52,4,9,11,7,0.72,13.65,Blocked,Severe,1,0,0,1,Low,0,30.286624,77.952817,9.75,1.06,0.94,1392,P1
UKD-000712,Cloudburst,Waterlogging,22,1,1,4,2,5,2.34,60.86,Partially Blocked,Minor,1,1,1,1,Moderate,1,30.233457,78.060819,20.89,3.77,1.16,3776,P1
UKD-003711,Landslide,Damaged House,36,13,0,0,5,4,0.35,6.13,Partially Blocked,Minor,0,1,1,0,None,0,29.955882,78.128607,1.16,8.05,2.95,932,P2
UKD-001021,Landslide,Injured Person,63,39,7,0,7,3,0.81,13.86,Blocked,Moderate,0,0,1,1,Moderate,1,30.253387,78.883043,16.63,8.66,17.98,132,P1
UKD-001346,Earthquake,Injured Person,17,6,3,2,2,2,0.15,2.65,Partially Blocked,Moderate,1,0,1,1,Moderate,0,29.318615,79.535224,5.39,2.04,7.27,631,P1
UKD-004999,Flood,Flooded Road,10,2,2,0,3,1,1.73,36.91,Partially Blocked,Minor,0,1,1,1,Low,0,29.646707,79.6849,10.38,6.64,17.24,1127,P3
UKD-003159,Cloudburst,Evacuation Request,20,3,0,0,6,3,0.55,12.96,Partially Blocked,Minor,1,1,0,0,None,0,30.351927,78.028785,4.76,1.28,0.65,2196,P2
UKD-000738,Cloudburst,Injured Person,47,33,5,4,13,7,2.58,56.59,Blocked,Moderate,0,0,0,1,Moderate,1,30.221921,77.933995,7.86,2.93,2.41,4993,P1
UKD-005401,Flood,Missing Person,33,2,0,7,8,2,1.21,28.94,Open,None,1,0,1,1,Low,0,29.899885,78.016952,3.69,1.39,3.29,713,P3
UKD-002433,Earthquake,Infrastructure Damage,200,60,8,4,12,4,0.11,3.51,Blocked,Severe,0,1,0,1,Moderate,1,28.974145,79.520174,2.36,4.87,3.66,1252,P2
UKD-005804,Cloudburst,Waterlogging,8,0,0,0,1,0,1.38,22.23,Open,Minor,1,0,0,0,None,0,30.317876,77.991594,2.84,1.14,4.9,4119,P3
UKD-005571,Flood,Evacuation Request,46,25,3,4,6,6,2.82,55.46,Partially Blocked,Moderate,0,1,0,1,Low,1,30.451468,78.377256,15.35,9.5,12.11,343,P3
UKD-001236,Flood,Waterlogging,200,15,1,1,3,6,3.78,99.72,Partially Blocked,Minor,1,0,1,1,Moderate,1,30.350566,78.837755,8.75,2.38,14.34,398,P1
UKD-002260,Flood,Missing Person,47,18,2,11,6,6,2.38,55.52,Partially Blocked,Severe,0,0,1,1,Moderate,1,30.266688,78.096921,6.42,4.68,0.59,1998,P2
UKD-005480,Flood,Damaged House,10,0,1,0,2,2,0.82,14.56,Open,Moderate,1,1,1,1,Critical,0,30.423685,78.034043,5.21,2.51,13.98,3698,P3
UKD-004380,Flood,Flooded Road,20,0,0,0,9,2,1.54,30.62,Partially Blocked,Moderate,1,1,1,0,None,0,30.449188,79.345545,15.52,17.79,4.91,191,P3
UKD-003951,Landslide,Evacuation Request,150,53,2,4,15,5,0.62,11.91,Blocked,Moderate,0,0,0,1,Low,0,30.323099,78.035862,13.17,6.91,3.52,2407,P2
UKD-005489,Flood,Flooded Road,48,9,0,0,3,5,2.27,48.77,Open,Minor,0,0,1,1,Low,0,29.434982,80.113167,23.4,12.1,25.43,1079,P3
UKD-000979,Flood,Waterlogging,17,5,3,1,7,1,2.9,51.06,Open,Severe,0,0,1,1,Moderate,1,29.434407,79.368568,6.7,8.4,4.1,902,P1
UKD-004624,Cloudburst,Evacuation Request,11,0,0,1,2,1,0.56,16.57,Open,None,1,1,0,0,None,0,30.785598,78.48468,12.07,12.99,6.86,315,P3
UKD-005109,Earthquake,Damaged House,11,2,1,0,3,1,0.06,1.21,Partially Blocked,Severe,1,1,1,1,Moderate,0,29.310372,79.50212,9.24,3.71,7.13,1174,P3
UKD-002023,Flood,Missing Person,200,30,3,9,12,3,2.28,44.12,Partially Blocked,Minor,1,1,1,0,None,0,29.804283,78.19967,3.2,0.46,3.95,8893,P2
UKD-003521,Flood,Flooded Road,8,1,0,0,2,1,1.69,24.23,Blocked,None,1,0,1,0,None,0,29.506096,79.50584,9.55,2.24,9.04,726,P2
UKD-005282,Cloudburst,Flooded Road,5,0,0,0,1,0,0.62,18.13,Partially Blocked,Minor,0,1,1,0,None,0,30.334338,78.127383,5.17,2.85,5.03,1260,P3
UKD-000345,Earthquake,Infrastructure Damage,87,49,8,1,14,5,0.11,1.99,Blocked,Severe,0,0,1,1,Moderate,1,28.939831,79.635091,4.17,5.01,1.76,2716,P1
UKD-005000,Landslide,Infrastructure Damage,2,1,0,0,0,0,0.08,2.23,Open,None,0,1,1,0,None,0,29.477422,79.401579,5.11,3.49,10.37,875,P3
UKD-000912,Flood,Evacuation Request,87,57,4,0,3,4,2.85,48.5,Blocked,Moderate,0,1,1,1,Low,0,30.232088,78.006239,8.29,2.52,4.5,1829,P1
UKD-002437,Earthquake,Injured Person,11,3,5,0,5,1,0.09,2.22,Partially Blocked,Severe,0,0,1,1,Critical,1,30.559151,78.300678,8.51,14.62,4.46,135,P2
UKD-000048,Cloudburst,Missing Person,49,30,5,8,7,4,2.09,62.58,Blocked,Minor,0,1,1,1,Critical,1,30.389562,78.059736,0.54,1.26,0.94,726,P1
UKD-004081,Flood,Flooded Road,97,6,1,2,8,6,1.61,49.54,Partially Blocked,Minor,1,0,1,0,None,0,29.537336,79.398081,20.57,8.03,3.81,1381,P3
UKD-005196,Earthquake,Infrastructure Damage,14,6,2,1,4,1,0.1,1.37,Blocked,Moderate,0,0,0,1,Low,0,30.333187,77.992562,9.32,7.91,2.41,4091,P3
UKD-000444,Cloudburst,Trapped People,135,84,2,0,11,3,2.69,55.83,Blocked,Moderate,0,0,1,0,None,0,30.320568,78.034978,0.59,2.8,2.48,2584,P1
UKD-003593,Cloudburst,Injured Person,44,14,6,1,8,4,1.97,46.58,Open,Moderate,0,0,1,0,None,0,29.329994,79.476755,11.18,8.0,3.8,344,P2
UKD-003131,Cloudburst,Flooded Road,21,3,0,1,3,3,0.96,33.05,Partially Blocked,Minor,0,1,1,0,None,0,28.942837,79.484002,1.5,0.37,2.81,1810,P2
UKD-002487,Landslide,Damaged House,18,3,1,0,8,3,0.23,4.92,Partially Blocked,Moderate,1,1,1,1,Moderate,0,30.334265,77.953315,2.64,0.8,4.07,2166,P2
UKD-005709,Flood,Damaged House,71,6,2,1,8,4,1.49,28.17,Open,None,1,0,1,1,Low,1,29.467284,79.444141,6.67,1.23,13.76,1142,P3
UKD-001894,Landslide,Infrastructure Damage,39,19,8,3,5,9,0.81,17.49,Partially Blocked,Severe,0,0,0,1,Critical,1,30.380898,78.356861,10.85,14.82,19.84,243,P1
UKD-003018,Landslide,Flooded Road,15,3,1,0,4,2,0.78,17.28,Blocked,Moderate,1,1,1,1,Low,0,30.38089,78.15864,10.46,4.23,7.36,1627,P2
UKD-001221,Earthquake,Missing Person,11,6,0,2,1,1,0.08,1.36,Partially Blocked,Moderate,0,1,1,0,None,0,29.793965,78.120634,3.34,2.03,3.26,2194,P1
UKD-003831,Flood,Damaged House,43,6,1,1,8,3,1.75,30.47,Partially Blocked,None,1,1,0,1,Low,0,30.350839,78.082482,0.67,8.25,0.66,3687,P2
UKD-002269,Cloudburst,Infrastructure Damage,4,2,0,0,0,2,1.35,18.46,Blocked,None,0,1,1,0,None,0,30.140441,78.857478,6.98,8.26,8.59,103,P2
UKD-001056,Cloudburst,Evacuation Request,63,23,3,4,10,5,3.34,67.93,Partially Blocked,Severe,1,0,0,1,Critical,1,30.39679,78.4951,13.12,16.64,10.96,310,P1
UKD-000849,Flood,Flooded Road,44,5,2,3,15,6,4.01,72.96,Partially Blocked,Moderate,1,0,1,1,Critical,1,31.000489,78.62586,11.55,6.56,2.61,244,P1
UKD-003893,Cloudburst,Flooded Road,24,0,2,1,6,1,1.61,36.61,Partially Blocked,None,1,1,1,1,Low,0,30.290558,78.935141,4.61,2.11,12.03,418,P2
UKD-005847,Earthquake,Damaged House,6,0,0,0,0,1,0.03,0.61,Open,Moderate,1,1,1,0,None,0,29.618268,80.09904,7.04,6.45,9.85,627,P3
UKD-003878,Flood,Damaged House,11,3,0,0,1,2,2.33,55.08,Partially Blocked,Minor,1,1,1,0,None,0,29.020124,79.508045,4.21,3.17,3.8,2382,P2
UKD-002743,Flood,Missing Person,51,6,2,8,3,6,1.11,37.75,Open,Minor,1,1,1,1,Low,0,29.966044,78.131403,2.48,8.96,2.11,975,P2
UKD-005607,Cloudburst,Damaged House,1,0,0,0,1,0,0.41,7.23,Open,None,1,1,1,0,None,0,30.33031,77.99887,2.76,2.33,2.23,1292,P3
UKD-004281,Flood,Flooded Road,9,3,1,1,2,0,2.38,52.79,Blocked,Moderate,0,1,0,1,Low,0,30.015094,78.229902,8.85,3.64,7.12,3766,P3
UKD-001329,Earthquake,Damaged House,200,65,3,1,5,5,0.17,2.49,Blocked,Severe,0,0,0,1,Moderate,1,29.82788,78.188785,16.2,12.3,3.96,3555,P1
UKD-002875,Cloudburst,Evacuation Request,32,2,1,1,4,2,1.11,19.11,Open,None,1,1,0,1,Low,0,30.47894,78.522767,10.81,4.47,17.04,92,P2
UKD-004631,Flood,Damaged House,57,18,1,0,5,5,2.45,46.32,Partially Blocked,Moderate,1,1,1,1,Moderate,1,28.900931,79.514311,10.06,4.0,8.04,479,P3
UKD-000777,Flood,Flooded Road,17,5,1,0,7,1,2.81,71.35,Blocked,Moderate,0,1,1,1,Low,0,30.266353,78.001681,3.22,1.99,8.61,1315,P1
UKD-005677,Landslide,Trapped People,17,12,0,0,2,2,0.26,4.46,Partially Blocked,Minor,0,1,1,1,Low,0,30.136241,78.76807,9.81,2.8,11.62,639,P3
UKD-000184,Flood,Flooded Road,113,27,5,2,12,3,5.0,94.26,Blocked,Severe,0,0,0,1,Moderate,1,29.671402,79.872122,11.33,20.0,17.36,122,P1
UKD-003130,Flood,Trapped People,23,14,1,2,5,5,2.03,62.86,Blocked,Minor,1,0,0,1,Low,0,30.256472,78.947802,3.98,7.88,9.81,463,P2
UKD-004099,Earthquake,Infrastructure Damage,10,2,0,0,0,4,0.04,1.14,Partially Blocked,Moderate,1,1,1,0,None,0,30.180377,78.751615,10.2,5.3,10.5,952,P3
UKD-001194,Landslide,Infrastructure Damage,59,35,5,0,10,4,1.03,13.32,Blocked,Moderate,0,0,1,1,Moderate,1,30.439052,78.533087,18.76,15.46,16.19,397,P1
UKD-003649,Landslide,Infrastructure Damage,88,36,1,2,9,5,0.42,7.53,Partially Blocked,Moderate,0,1,0,1,Low,1,28.821167,79.506746,2.37,1.26,4.91,2729,P2
UKD-000735,Earthquake,Damaged House,3,0,0,0,0,0,0.1,2.27,Partially Blocked,Minor,0,1,1,0,None,0,30.124764,78.768864,16.25,8.79,5.33,862,P1
UKD-001836,Cloudburst,Flooded Road,55,12,5,5,10,6,3.11,83.88,Open,Moderate,0,1,0,1,Critical,1,30.645118,78.255703,20.53,4.52,7.71,502,P1
UKD-002273,Landslide,Damaged House,2,1,0,0,0,0,0.26,4.02,Blocked,None,1,1,1,0,None,0,29.999821,78.761181,3.97,2.0,6.88,873,P2
UKD-003794,Earthquake,Damaged House,4,0,0,0,0,1,0.06,1.47,Open,Minor,1,1,1,1,Low,0,29.242747,80.053426,8.28,7.6,23.18,1225,P2
UKD-000486,Landslide,Evacuation Request,58,26,5,2,3,7,0.51,8.26,Blocked,Minor,0,1,1,0,None,0,29.64756,79.669038,8.03,2.57,18.86,806,P1
UKD-001164,Cloudburst,Infrastructure Damage,39,25,3,2,10,4,2.6,46.93,Blocked,Severe,0,0,0,1,Low,0,30.473676,78.515047,30.0,9.9,19.99,219,P1
UKD-000453,Flood,Infrastructure Damage,69,47,3,7,4,10,4.25,86.19,Blocked,Minor,0,1,0,1,Critical,1,30.313396,78.039272,5.69,5.32,2.25,2574,P1
UKD-002299,Landslide,Injured Person,19,12,6,0,7,1,0.52,16.08,Blocked,Moderate,0,0,1,1,Critical,1,29.548414,79.657611,6.33,4.68,10.84,1408,P2
UKD-004595,Landslide,Missing Person,9,1,0,1,1,0,0.17,3.67,Open,None,0,1,0,0,None,0,30.419643,78.150619,1.54,1.25,5.02,2420,P3
UKD-000031,Earthquake,Missing Person,28,21,2,10,2,2,0.14,3.47,Blocked,Severe,0,1,1,1,Moderate,0,30.294366,78.057775,2.63,0.88,0.5,2681,P1
UKD-000790,Flood,Flooded Road,83,16,0,3,14,3,2.75,56.41,Partially Blocked,Minor,0,1,0,1,Moderate,1,28.956483,79.495558,4.11,3.44,7.07,1101,P1
UKD-005099,Flood,Flooded Road,27,4,2,0,8,0,2.1,44.67,Partially Blocked,Minor,0,1,1,0,None,0,30.249878,78.060632,1.63,7.04,6.15,1630,P3
UKD-001966,Cloudburst,Infrastructure Damage,42,15,2,2,14,2,1.9,37.38,Partially Blocked,Minor,1,1,1,0,None,0,29.50295,79.429157,3.31,6.78,2.68,766,P1
UKD-001110,Flood,Trapped People,39,29,2,3,3,3,2.89,49.4,Blocked,None,0,1,0,1,Critical,1,28.893224,79.574905,13.81,2.23,0.65,2432,P1
UKD-000101,Flood,Evacuation Request,145,43,2,0,12,4,3.01,59.08,Open,Minor,0,0,1,1,Moderate,1,29.007608,79.516276,1.97,2.37,3.4,3207,P1
UKD-003971,Landslide,Damaged House,18,10,1,0,2,5,0.27,9.24,Partially Blocked,Minor,0,1,0,1,Low,1,30.402718,77.914591,8.12,2.34,3.28,2548,P2
UKD-003013,Landslide,Damaged House,200,49,4,2,18,7,0.93,13.0,Partially Blocked,Severe,0,0,0,1,Moderate,0,30.30828,78.033547,1.45,2.97,1.24,2461,P2
UKD-003168,Landslide,Flooded Road,51,5,1,2,7,5,1.22,19.82,Blocked,Moderate,1,1,0,1,Low,0,29.380067,80.150095,11.56,1.5,6.56,638,P2
UKD-004725,Cloudburst,Waterlogging,14,3,1,0,7,0,1.14,24.35,Blocked,None,0,0,1,1,Low,0,30.199324,78.862926,8.63,3.46,10.38,579,P3
UKD-001771,Cloudburst,Trapped People,147,78,3,4,10,2,3.4,67.8,Blocked,Minor,0,0,0,1,Critical,1,30.27217,78.050951,4.6,1.38,4.25,1006,P1
UKD-001920,Earthquake,Injured Person,121,33,8,3,7,6,0.17,3.04,Partially Blocked,Severe,1,0,0,1,Critical,1,30.250905,78.081419,8.05,8.84,2.66,2891,P1
UKD-003756,Flood,Trapped People,17,10,0,2,1,2,1.81,36.09,Partially Blocked,Minor,0,1,1,1,Low,0,28.973669,79.472035,10.78,2.48,0.67,2356,P2
UKD-004542,Flood,Damaged House,53,3,1,3,7,2,1.36,39.33,Open,Severe,1,1,0,0,None,0,30.032651,78.20244,3.68,1.28,3.66,2347,P3
UKD-000862,Cloudburst,Trapped People,76,63,4,2,14,9,2.82,53.02,Blocked,Severe,0,0,0,1,Critical,1,29.295857,79.423345,3.66,3.57,1.96,478,P1
UKD-001502,Landslide,Infrastructure Damage,82,47,2,3,11,8,0.73,12.39,Blocked,Moderate,0,1,0,0,None,0,29.887968,78.046849,10.12,3.37,6.88,3012,P1
UKD-000904,Cloudburst,Evacuation Request,153,45,7,1,10,10,2.51,40.37,Partially Blocked,Severe,0,0,0,1,Critical,1,29.432753,79.699864,6.7,4.39,4.63,1339,P1
UKD-005056,Cloudburst,Damaged House,25,7,1,5,2,4,1.47,29.35,Open,Moderate,0,1,0,1,Low,0,29.985525,78.304091,2.07,1.1,6.89,3189,P3
UKD-000110,Landslide,Trapped People,57,47,1,3,9,6,0.87,10.93,Blocked,Moderate,0,0,1,1,Low,0,28.872013,79.439611,2.76,2.84,9.29,2326,P1
UKD-005369,Landslide,Evacuation Request,188,49,2,2,8,8,0.51,13.56,Partially Blocked,Moderate,0,1,1,0,None,0,30.601384,78.497253,6.97,11.07,16.43,292,P3
UKD-005873,Cloudburst,Damaged House,59,16,4,3,8,5,1.69,42.45,Partially Blocked,Severe,1,0,1,1,Moderate,1,29.041163,79.632496,7.61,2.91,4.77,7056,P3
UKD-005035,Earthquake,Damaged House,15,0,1,0,2,2,0.04,0.94,Open,Moderate,1,1,1,1,Moderate,0,30.298312,78.028883,4.08,6.49,4.6,907,P3
UKD-004398,Flood,Waterlogging,34,9,3,0,2,9,3.04,64.78,Partially Blocked,Severe,0,0,1,1,Moderate,0,28.991922,79.463694,3.73,2.09,4.58,1861,P3
UKD-001927,Flood,Infrastructure Damage,40,28,3,1,6,7,3.27,60.89,Blocked,Minor,0,0,1,1,Critical,1,30.352251,78.070547,2.08,1.48,11.68,930,P1
UKD-002134,Landslide,Infrastructure Damage,96,38,3,4,9,4,0.62,11.14,Blocked,Moderate,1,1,0,1,Moderate,1,30.475483,78.697753,12.57,9.89,4.34,217,P2
UKD-003526,Flood,Waterlogging,21,3,3,2,7,3,3.63,74.24,Partially Blocked,Severe,1,1,1,1,Moderate,1,28.894602,79.411044,0.85,2.61,6.93,4171,P2
UKD-005862,Landslide,Infrastructure Damage,23,1,1,0,3,4,0.29,4.54,Open,None,1,1,0,1,Critical,1,30.029292,78.068374,1.51,4.12,2.18,2788,P3
UKD-004651,Landslide,Missing Person,15,5,0,3,2,4,0.43,9.1,Blocked,None,1,1,1,1,Low,1,30.55636,78.259246,14.72,3.15,5.59,190,P3
UKD-003672,Cloudburst,Damaged House,157,38,6,3,9,6,2.0,41.6,Blocked,Severe,1,0,1,1,Moderate,1,29.862208,78.143341,7.13,3.17,0.6,3417,P2
UKD-004394,Landslide,Injured Person,7,0,2,0,3,0,0.25,3.7,Open,None,1,1,1,1,Low,0,30.627228,78.422799,11.86,20.0,21.06,226,P3
UKD-003046,Earthquake,Infrastructure Damage,105,42,2,0,12,7,0.11,1.68,Partially Blocked,Severe,0,0,1,1,Moderate,1,29.639093,79.609001,14.94,4.98,3.66,977,P2
UKD-005547,Flood,Evacuation Request,12,0,1,0,3,1,0.94,16.59,Open,None,1,1,1,1,Low,0,30.39421,78.089775,5.29,2.58,0.5,1715,P3
UKD-005161,Flood,Flooded Road,29,1,4,1,6,3,2.68,48.62,Open,Severe,1,1,1,1,Low,0,29.381727,80.067638,15.31,20.0,13.89,311,P3
UKD-005639,Flood,Waterlogging,5,0,0,0,1,1,0.89,26.02,Open,None,1,0,1,0,None,0,28.903965,79.631695,5.94,1.31,0.76,1539,P3
UKD-003887,Earthquake,Evacuation Request,76,36,3,0,9,7,0.15,2.05,Partially Blocked,Moderate,0,0,1,1,Critical,1,30.210655,78.847555,4.12,14.64,2.02,256,P2
UKD-001095,Flood,Injured Person,88,45,10,0,15,2,2.97,69.55,Partially Blocked,Moderate,0,1,1,1,Moderate,0,30.660736,78.430533,10.46,20.0,3.12,257,P1
UKD-001122,Earthquake,Damaged House,46,28,4,4,6,2,0.13,3.82,Blocked,Moderate,0,1,1,1,Low,0,30.481528,77.914929,2.92,3.58,1.33,824,P1
UKD-002517,Landslide,Flooded Road,49,9,1,3,11,8,0.78,19.03,Blocked,Moderate,0,1,0,0,None,0,30.33051,79.3868,18.85,13.97,14.71,122,P2
UKD-002211,Flood,Missing Person,41,7,5,6,3,3,2.07,49.38,Open,None,1,1,1,1,Low,0,29.113966,79.515633,11.44,8.05,2.9,3393,P2
UKD-000810,Cloudburst,Injured Person,94,35,9,2,17,5,2.43,44.59,Partially Blocked,Severe,1,1,1,1,Critical,1,30.374676,78.01257,8.96,2.02,5.74,2204,P1
UKD-004253,Earthquake,Injured Person,10,2,2,1,1,4,0.06,1.2,Open,Moderate,0,0,1,1,Moderate,1,29.890222,78.102457,3.9,4.54,2.85,810,P3
UKD-003275,Landslide,Trapped People,45,29,1,1,14,4,0.4,8.56,Partially Blocked,Moderate,0,1,1,1,Moderate,1,29.46013,79.333595,11.45,6.3,2.19,522,P2
UKD-005908,Landslide,Damaged House,24,7,1,1,6,1,0.48,6.97,Open,Moderate,0,1,1,1,Low,0,30.368781,78.576507,6.0,7.05,9.8,707,P3
UKD-004344,Landslide,Damaged House,6,3,0,0,1,0,0.14,2.04,Partially Blocked,Minor,1,1,1,0,None,0,30.299632,78.08955,13.86,2.46,6.79,1713,P3
UKD-005846,Cloudburst,Trapped People,67,43,5,2,12,12,2.85,47.42,Open,Moderate,0,1,0,1,Critical,1,30.17818,78.720872,11.03,1.8,4.31,361,P3
UKD-005504,Cloudburst,Evacuation Request,26,0,0,0,4,6,0.61,10.64,Open,None,1,1,1,0,None,0,29.352571,79.497805,10.82,3.38,2.67,1175,P3
UKD-005654,Cloudburst,Injured Person,9,1,2,1,3,3,0.83,20.37,Partially Blocked,Moderate,0,0,1,0,None,0,29.983401,78.039623,6.64,1.87,1.19,1968,P3
UKD-003945,Earthquake,Damaged House,38,3,2,3,9,6,0.09,2.01,Open,Moderate,1,1,0,0,None,0,30.196263,78.831151,27.64,3.59,6.13,756,P2
UKD-005040,Earthquake,Damaged House,19,5,0,0,2,2,0.04,0.78,Open,Moderate,0,0,0,0,None,0,30.441578,78.885662,4.96,4.43,19.42,119,P3
UKD-002544,Cloudburst,Waterlogging,48,7,1,2,6,3,1.85,43.79,Partially Blocked,Moderate,0,1,1,1,Low,0,29.571952,80.197581,28.69,8.62,26.61,89,P2
UKD-001774,Earthquake,Trapped People,145,53,6,3,13,9,0.2,4.02,Partially Blocked,Severe,1,0,1,1,Critical,1,30.336875,78.099373,4.7,5.03,6.38,3543,P1
UKD-002847,Landslide,Injured Person,18,8,1,4,3,3,0.35,10.21,Blocked,Minor,0,1,0,1,Moderate,0,28.879493,79.621846,5.25,0.54,2.35,555,P2
UKD-005800,Flood,Waterlogging,4,0,0,0,2,1,1.08,23.86,Partially Blocked,Minor,1,0,1,0,None,0,30.02495,78.128706,9.32,5.26,3.69,2241,P3
UKD-001766,Earthquake,Evacuation Request,126,43,5,0,9,6,0.15,2.93,Partially Blocked,Severe,0,0,1,1,Moderate,1,30.228607,78.172376,3.28,4.64,1.66,1954,P1
UKD-003898,Flood,Trapped People,30,21,2,6,1,8,2.58,42.51,Blocked,Moderate,0,0,1,1,Critical,1,30.430993,78.011606,7.46,4.57,0.65,5598,P2
UKD-005629,Flood,Damaged House,68,26,5,4,8,3,2.38,39.32,Partially Blocked,Severe,1,0,0,1,Critical,1,29.971034,78.123214,2.4,0.68,3.24,1369,P3
UKD-001757,Flood,Flooded Road,33,9,2,2,8,1,3.3,72.03,Blocked,Minor,0,0,0,1,Moderate,1,30.274959,77.9861,0.88,2.99,8.59,1821,P1
UKD-002347,Earthquake,Trapped People,44,28,1,0,11,5,0.06,1.61,Open,Minor,0,1,1,1,Low,1,29.829114,78.229297,12.67,2.15,3.91,4583,P2
UKD-002997,Landslide,Damaged House,20,10,4,0,5,3,0.55,9.07,Blocked,Minor,0,0,1,1,Moderate,0,29.945768,78.161493,12.74,4.69,2.19,529,P2
UKD-001596,Cloudburst,Missing Person,118,64,1,10,10,3,2.12,44.96,Blocked,Moderate,0,0,0,1,Low,0,30.0264,78.753465,16.56,13.32,7.86,587,P1
UKD-005967,Landslide,Infrastructure Damage,23,7,1,0,3,3,0.29,5.44,Partially Blocked,Minor,0,1,1,1,Moderate,1,29.525552,79.842217,3.74,16.3,8.94,1821,P3
UKD-003253,Landslide,Trapped People,38,21,1,2,8,10,0.67,13.71,Blocked,Moderate,1,0,1,1,Low,0,30.239781,78.406674,12.19,20.0,27.28,138,P2
UKD-000830,Flood,Injured Person,99,57,7,1,6,3,4.31,85.41,Partially Blocked,Severe,0,0,1,1,Moderate,1,29.363372,79.398714,1.5,11.88,15.17,1352,P1
UKD-005865,Cloudburst,Trapped People,18,9,0,0,5,1,0.6,11.23,Blocked,Moderate,1,0,1,0,None,0,29.054341,79.516038,1.89,0.93,9.64,3022,P3
UKD-001859,Flood,Waterlogging,46,9,0,3,10,5,4.35,75.23,Blocked,None,0,0,1,1,Moderate,1,28.945059,79.496414,11.91,2.74,4.93,2454,P1
UKD-000439,Earthquake,Trapped People,96,69,1,2,13,9,0.16,2.3,Partially Blocked,Moderate,0,1,1,1,Moderate,1,29.434246,79.504512,11.13,6.1,5.26,624,P1
UKD-000628,Landslide,Damaged House,6,1,1,0,1,1,0.43,7.72,Blocked,Moderate,1,1,1,1,Critical,1,30.615851,78.528214,13.5,9.67,9.46,258,P1
UKD-005979,Flood,Waterlogging,51,9,2,2,12,3,2.99,87.95,Blocked,Severe,1,1,1,1,Low,0,30.663632,78.462206,25.39,15.2,15.42,189,P3
UKD-002880,Landslide,Damaged House,63,38,2,4,4,8,0.47,9.63,Blocked,Moderate,0,1,0,1,Low,0,29.995433,78.266441,19.63,8.83,11.3,4467,P2
UKD-000926,Flood,Evacuation Request,31,10,1,0,3,3,1.84,41.43,Partially Blocked,Minor,0,1,0,1,Moderate,0,30.249268,79.170528,14.98,12.11,7.36,121,P1
UKD-004122,Earthquake,Missing Person,43,8,4,5,12,5,0.07,1.2,Open,Severe,1,1,1,0,None,0,30.35574,78.01369,2.75,2.79,4.26,313,P3
UKD-004875,Cloudburst,Infrastructure Damage,200,48,0,5,6,6,3.81,59.08,Partially Blocked,Minor,0,1,0,0,None,0,29.997914,78.235662,8.92,4.27,11.53,3727,P3
UKD-005737,Landslide,Evacuation Request,64,12,4,2,7,8,0.33,9.52,Partially Blocked,Moderate,1,1,0,1,Low,0,30.22602,78.014707,1.43,1.33,2.8,1070,P3
UKD-002866,Landslide,Missing Person,44,16,1,7,11,5,0.35,6.82,Partially Blocked,Minor,0,1,0,1,Low,1,30.287711,78.88283,14.29,7.69,6.56,135,P2
UKD-005952,Landslide,Infrastructure Damage,8,5,0,0,0,1,0.19,4.62,Blocked,Moderate,0,1,1,0,None,0,30.602147,78.439846,12.01,7.42,13.93,212,P3
UKD-001174,Landslide,Infrastructure Damage,30,6,1,0,5,7,0.33,5.54,Partially Blocked,Minor,0,1,1,1,Low,0,30.286584,77.968845,3.03,4.57,2.41,1789,P1
UKD-003361,Flood,Evacuation Request,50,19,2,3,13,9,2.28,29.36,Blocked,Minor,1,1,1,1,Low,0,30.330013,77.959677,2.04,2.02,3.9,2326,P2
UKD-003198,Earthquake,Evacuation Request,104,41,3,0,13,7,0.12,2.54,Blocked,Moderate,1,0,0,1,Critical,1,29.327647,79.358698,3.77,2.12,9.15,751,P2
UKD-000945,Earthquake,Injured Person,74,40,11,1,10,1,0.12,2.44,Blocked,None,0,0,1,1,Moderate,1,30.214695,78.49887,26.61,6.03,16.84,60,P1
UKD-004770,Flood,Infrastructure Damage,72,43,0,2,15,10,2.55,70.69,Blocked,None,0,0,1,1,Moderate,1,29.978019,78.18454,7.14,1.32,9.73,812,P3
UKD-002289,Flood,Flooded Road,37,4,2,1,8,2,2.14,41.33,Partially Blocked,Minor,1,1,1,1,Moderate,0,28.970066,79.406801,2.06,2.45,5.01,1026,P2
UKD-000013,Cloudburst,Flooded Road,127,34,0,1,7,5,3.21,82.86,Blocked,Minor,0,0,1,1,Moderate,1,30.190442,78.750752,14.93,1.59,5.79,1298,P1
UKD-001118,Flood,Missing Person,62,33,2,8,8,4,3.84,70.44,Partially Blocked,Moderate,0,1,1,1,Critical,1,29.392261,79.513711,8.09,5.55,4.12,389,P1
UKD-004366,Landslide,Infrastructure Damage,24,7,0,2,4,1,0.24,5.64,Partially Blocked,Minor,1,1,0,0,None,0,29.501539,80.28646,10.57,4.72,2.94,360,P3
UKD-003656,Flood,Evacuation Request,8,0,0,0,2,0,1.26,23.53,Open,None,1,1,1,0,None,0,29.874466,78.125469,0.82,6.21,3.14,592,P2
UKD-005696,Landslide,Infrastructure Damage,3,2,0,0,0,0,0.31,5.59,Partially Blocked,Minor,0,1,1,0,None,0,30.254058,78.015438,3.44,3.56,8.37,1244,P3
UKD-000643,Flood,Missing Person,23,18,5,4,7,4,3.85,55.16,Blocked,None,0,0,0,1,Moderate,1,29.875468,78.184123,4.45,2.08,3.84,1891,P1
UKD-002590,Cloudburst,Trapped People,53,44,2,4,12,3,2.86,48.78,Blocked,Moderate,0,0,0,1,Low,0,30.317923,78.100458,3.04,0.79,8.08,2255,P2
UKD-004708,Flood,Flooded Road,16,0,0,0,6,2,1.87,34.39,Partially Blocked,None,1,0,1,0,None,0,29.024702,79.556084,4.19,2.28,2.83,2380,P3
UKD-002679,Cloudburst,Infrastructure Damage,4,0,0,1,1,1,0.88,16.23,Blocked,None,1,1,1,0,None,0,30.475216,78.482334,13.02,20.0,9.49,382,P2
UKD-004293,Earthquake,Infrastructure Damage,19,11,1,2,3,0,0.14,2.27,Blocked,Moderate,0,1,0,1,Moderate,1,30.270309,78.056943,8.19,1.32,1.19,1244,P3
UKD-005080,Landslide,Trapped People,9,8,0,2,1,0,0.49,9.21,Blocked,Moderate,0,0,1,0,None,0,29.379202,79.45598,15.64,4.08,15.0,402,P3
UKD-005488,Cloudburst,Injured Person,33,1,6,1,9,2,1.9,34.41,Open,Minor,1,0,1,1,Moderate,1,30.492947,79.341664,14.54,2.41,8.11,576,P3
UKD-002923,Cloudburst,Trapped People,107,84,3,1,10,2,2.42,56.17,Blocked,Moderate,0,0,1,0,None,0,28.909616,79.517681,5.01,2.4,9.76,1073,P2
UKD-002536,Flood,Waterlogging,7,3,0,0,1,2,1.74,36.34,Partially Blocked,Moderate,1,1,1,1,Moderate,1,29.577612,79.58632,9.11,8.53,4.42,758,P2
UKD-004766,Landslide,Injured Person,2,0,1,0,2,0,0.2,6.58,Partially Blocked,None,1,1,0,0,None,0,30.20366,78.066733,1.56,3.36,2.31,1199,P3
UKD-002265,Flood,Missing Person,55,39,3,10,11,7,2.47,49.99,Blocked,Minor,0,0,0,1,Critical,1,30.39044,78.890311,11.92,20.0,8.42,50,P2
UKD-000654,Landslide,Trapped People,200,83,6,4,8,3,0.65,20.79,Blocked,Minor,0,1,0,1,Critical,1,30.54253,79.514581,5.57,14.37,17.53,300,P1
UKD-000430,Flood,Injured Person,45,25,11,1,15,7,2.59,75.63,Blocked,Minor,0,1,0,1,Moderate,1,30.322133,78.041917,11.8,7.22,3.69,1495,P1
UKD-003751,Earthquake,Damaged House,111,49,5,4,13,8,0.12,2.1,Partially Blocked,Severe,0,0,1,1,Low,0,29.902634,78.13449,6.67,9.16,0.93,3395,P2
UKD-003316,Cloudburst,Missing Person,28,18,4,5,3,1,3.32,42.44,Blocked,Minor,0,0,0,1,Low,1,30.171121,78.827861,5.78,18.42,5.01,103,P2
UKD-002518,Landslide,Evacuation Request,54,26,2,3,10,8,0.53,9.05,Blocked,Severe,0,0,1,0,None,0,29.393634,79.503142,9.97,4.05,4.49,1717,P2
UKD-004012,Landslide,Infrastructure Damage,60,10,2,5,6,5,0.28,7.18,Partially Blocked,Minor,1,1,0,1,Low,0,29.49783,79.81391,10.94,3.23,5.56,1628,P3
UKD-003163,Landslide,Infrastructure Damage,27,12,2,1,4,7,0.48,8.56,Blocked,Minor,1,0,1,0,None,0,30.365139,79.397429,11.42,8.55,11.13,172,P2
UKD-003606,Earthquake,Evacuation Request,128,39,1,1,5,6,0.09,2.23,Open,Minor,0,1,0,0,None,0,29.014595,79.488387,1.4,7.04,3.7,1381,P2
UKD-000839,Landslide,Infrastructure Damage,136,68,5,4,8,10,0.93,12.35,Blocked,Severe,0,0,1,1,Moderate,1,30.515529,78.077027,2.61,6.27,2.34,2559,P1
UKD-001088,Flood,Damaged House,30,10,3,2,4,2,3.3,62.48,Partially Blocked,Severe,1,0,1,1,Critical,1,29.892805,78.115587,8.86,2.37,3.57,5697,P1
UKD-001729,Landslide,Injured Person,78,41,9,1,13,9,0.71,13.47,Blocked,Moderate,0,0,1,1,Critical,1,28.897182,79.418462,4.13,4.12,1.33,1721,P1
UKD-005808,Landslide,Evacuation Request,24,5,1,0,6,1,0.11,2.67,Partially Blocked,None,1,1,0,1,Low,0,28.941472,79.540283,6.26,2.59,6.58,2462,P3
UKD-001320,Flood,Injured Person,67,36,6,3,8,9,3.6,76.89,Blocked,Severe,1,0,1,1,Moderate,1,30.40865,79.179541,13.41,7.12,9.07,152,P1
UKD-001331,Cloudburst,Flooded Road,13,0,0,0,5,2,1.09,31.33,Partially Blocked,Minor,1,1,1,0,None,0,30.442395,78.272894,7.85,1.7,11.84,451,P1
UKD-004155,Landslide,Damaged House,2,0,0,0,1,0,0.21,3.27,Open,Moderate,1,0,1,0,None,0,29.331496,79.538526,8.46,1.68,8.72,582,P3
UKD-000857,Flood,Flooded Road,7,0,0,0,3,0,1.13,25.96,Blocked,None,0,0,0,0,None,0,30.255694,78.074369,2.48,6.4,3.61,799,P1
UKD-001420,Earthquake,Injured Person,21,5,6,2,3,2,0.13,2.23,Partially Blocked,Severe,0,0,1,1,Low,0,30.322433,78.142435,5.47,0.85,5.7,5721,P1
UKD-002516,Cloudburst,Damaged House,54,4,1,0,12,6,1.06,30.24,Open,Moderate,1,1,1,1,Low,0,30.292039,77.859184,9.34,1.95,4.71,6518,P2
UKD-002300,Flood,Infrastructure Damage,41,14,1,1,4,9,2.3,35.92,Partially Blocked,Moderate,0,0,0,1,Low,1,30.349932,78.007478,1.8,2.89,13.19,1126,P2
UKD-003537,Flood,Flooded Road,34,6,1,1,11,6,2.04,43.6,Partially Blocked,Moderate,1,0,1,1,Low,0,30.319857,78.036869,1.27,1.06,3.22,1113,P2
UKD-001609,Flood,Missing Person,42,20,2,6,5,6,2.69,52.11,Blocked,Minor,1,1,1,1,Moderate,1,30.000832,78.286923,6.93,1.49,6.86,789,P1
UKD-005199,Cloudburst,Flooded Road,5,0,0,0,1,0,0.79,29.56,Partially Blocked,None,1,0,1,0,None,0,30.329339,78.041973,3.66,7.06,5.72,521,P3
UKD-000694,Cloudburst,Trapped People,80,52,2,0,6,12,2.97,64.4,Partially Blocked,Moderate,0,0,0,1,Low,0,29.415724,79.435171,18.25,9.92,9.68,1560,P1
UKD-004141,Flood,Damaged House,17,8,1,1,3,1,2.39,49.44,Blocked,Minor,1,1,1,1,Low,0,30.348943,78.091604,1.97,2.86,6.01,1199,P3
UKD-002667,Cloudburst,Damaged House,200,43,1,2,8,8,2.17,36.72,Blocked,Moderate,1,1,1,0,None,0,30.420124,78.037309,3.45,3.68,5.36,540,P2
UKD-000189,Landslide,Infrastructure Damage,8,6,3,0,2,1,0.61,10.81,Blocked,Severe,0,0,1,1,Low,1,29.35795,79.381891,9.05,8.17,12.94,292,P1
UKD-000288,Earthquake,Damaged House,38,20,3,4,10,6,0.14,2.78,Blocked,Severe,1,0,0,1,Low,1,30.117557,78.744455,7.44,1.57,9.21,337,P1
UKD-003411,Flood,Waterlogging,7,1,1,0,3,0,2.61,53.21,Open,Moderate,1,1,0,0,None,0,30.65656,78.692918,11.7,2.48,7.77,370,P2
UKD-005537,Cloudburst,Missing Person,55,7,4,14,9,3,1.54,26.63,Open,Minor,1,0,0,0,None,0,29.969177,78.215171,3.73,2.6,5.62,3809,P3
UKD-004206,Earthquake,Trapped People,41,30,2,0,8,6,0.1,1.56,Blocked,Moderate,0,1,1,1,Low,0,30.211959,79.559453,25.08,15.24,30.0,332,P3
UKD-003967,Cloudburst,Flooded Road,49,6,1,2,11,3,2.48,57.58,Partially Blocked,Moderate,0,0,1,1,Low,1,30.331103,79.033485,19.9,20.0,29.95,153,P2
UKD-003772,Landslide,Trapped People,78,70,3,0,13,6,0.63,12.33,Blocked,Severe,0,1,1,1,Moderate,1,30.324642,78.989983,15.27,8.55,13.09,132,P2
UKD-003216,Landslide,Infrastructure Damage,63,16,3,0,11,2,0.37,8.39,Partially Blocked,Minor,1,1,1,1,Moderate,1,30.282029,78.567787,23.03,17.84,22.31,226,P2
UKD-002334,Flood,Flooded Road,13,0,0,0,4,2,1.91,28.19,Open,None,1,1,1,0,None,0,30.018964,78.180035,6.53,3.15,4.35,1364,P2
UKD-005982,Landslide,Infrastructure Damage,12,2,0,1,3,1,0.23,4.6,Partially Blocked,Moderate,1,1,1,0,None,0,30.129604,79.851605,10.94,5.62,11.69,158,P3
UKD-004095,Flood,Damaged House,18,1,1,0,2,2,0.81,27.84,Open,Moderate,1,1,0,0,None,0,29.390753,79.551482,6.87,4.52,4.52,1017,P3
UKD-002145,Landslide,Trapped People,84,50,1,3,8,6,0.53,8.92,Partially Blocked,Moderate,0,1,0,1,Low,0,30.589671,78.308671,9.7,9.28,30.0,154,P2
UKD-002981,Landslide,Evacuation Request,74,20,0,7,5,13,0.49,9.01,Partially Blocked,Minor,1,1,0,1,Low,0,30.01995,78.060709,4.67,7.22,3.13,2161,P2
UKD-000211,Landslide,Damaged House,40,22,5,3,7,3,0.64,14.4,Partially Blocked,Severe,0,0,0,1,Moderate,1,29.51138,79.493515,10.47,3.23,20.61,452,P1
UKD-005608,Flood,Flooded Road,20,0,0,1,4,1,1.27,27.7,Partially Blocked,None,1,0,0,0,None,0,30.378877,79.703656,13.01,2.85,14.93,260,P3
UKD-004997,Flood,Waterlogging,32,1,0,0,5,1,2.81,38.97,Partially Blocked,Moderate,1,1,1,1,Moderate,1,29.989035,78.212221,5.5,9.91,3.34,1421,P3
UKD-003107,Landslide,Trapped People,40,10,1,3,10,3,0.32,9.64,Open,Moderate,1,0,1,1,Moderate,1,30.356618,78.056931,12.23,2.25,1.29,3182,P2
UKD-000074,Flood,Trapped People,174,81,3,3,6,7,3.74,63.98,Blocked,Severe,0,0,1,1,Moderate,0,28.965521,79.555457,2.76,1.07,4.67,543,P1
UKD-005766,Cloudburst,Damaged House,97,27,1,3,11,6,2.17,30.21,Partially Blocked,Moderate,1,1,1,0,None,0,30.147676,79.073235,3.1,13.12,7.3,367,P3
UKD-002829,Landslide,Infrastructure Damage,117,66,7,3,8,6,0.67,16.62,Blocked,Severe,0,0,0,1,Low,0,29.078275,79.621815,2.12,6.75,2.65,1819,P2
UKD-004783,Flood,Damaged House,41,6,0,2,9,2,1.58,25.08,Partially Blocked,Minor,1,0,0,0,None,0,30.299667,78.163767,3.16,3.72,8.78,521,P3
UKD-005945,Earthquake,Damaged House,1,0,0,0,0,1,0.02,0.25,Open,Moderate,1,1,1,0,None,0,30.209016,78.004871,2.39,4.73,3.71,3309,P3
UKD-004247,Earthquake,Trapped People,8,3,0,0,2,4,0.01,0.35,Partially Blocked,Minor,1,1,1,0,None,0,30.169511,78.003844,4.16,2.08,5.67,558,P3
UKD-002822,Flood,Waterlogging,26,6,2,3,7,2,2.43,60.82,Open,Moderate,0,1,0,1,Moderate,0,30.395464,78.384646,5.09,7.78,9.37,207,P2
UKD-003306,Flood,Waterlogging,8,0,0,0,1,1,1.65,29.02,Partially Blocked,Minor,1,1,1,0,None,0,29.93854,78.104281,2.6,5.3,10.25,884,P2
UKD-005595,Flood,Flooded Road,60,18,0,1,7,7,2.19,50.37,Blocked,None,0,1,1,0,None,0,29.959311,78.158962,2.28,7.16,0.5,2678,P3
UKD-002146,Flood,Trapped People,49,21,2,1,6,2,1.96,61.89,Open,Minor,1,0,1,0,None,0,30.385831,78.11539,3.95,1.8,3.41,1837,P2
UKD-001232,Earthquake,Evacuation Request,200,41,7,3,7,5,0.13,3.92,Partially Blocked,Severe,1,0,1,1,Critical,1,29.642708,80.221385,18.8,3.13,4.35,494,P1
UKD-005353,Cloudburst,Injured Person,26,15,4,2,3,9,2.0,45.11,Blocked,Moderate,0,1,0,1,Critical,1,28.954113,79.510658,8.08,4.53,1.7,1227,P3
UKD-003341,Landslide,Injured Person,53,30,9,0,17,7,0.8,11.87,Blocked,Moderate,0,1,1,1,Critical,1,29.634311,80.129809,17.17,20.0,4.32,738,P2
UKD-005867,Landslide,Infrastructure Damage,46,27,2,1,7,4,0.73,10.57,Blocked,Minor,0,1,1,0,None,0,30.394764,78.568001,8.32,17.3,2.97,504,P3
UKD-004392,Landslide,Damaged House,30,11,0,0,6,2,0.33,4.87,Blocked,None,0,1,1,1,Low,0,29.38113,80.013513,9.5,19.27,4.27,793,P3
UKD-000114,Landslide,Evacuation Request,97,58,6,3,14,3,0.55,13.12,Blocked,Moderate,0,1,0,1,Low,0,30.567582,79.470261,14.25,9.41,11.45,362,P1
UKD-005087,Landslide,Flooded Road,6,0,0,1,2,0,1.0,18.85,Open,None,1,1,1,0,None,0,29.61684,80.169137,10.3,11.71,12.52,293,P3
UKD-004260,Cloudburst,Injured Person,6,0,3,0,2,0,0.86,16.51,Open,None,1,1,1,1,Moderate,1,30.497102,79.055654,6.16,3.81,15.66,200,P3
UKD-005442,Flood,Flooded Road,34,5,1,3,7,6,2.7,52.59,Partially Blocked,Minor,0,1,1,0,None,0,28.985933,79.467122,5.0,1.91,4.98,1815,P3
UKD-003196,Landslide,Trapped People,21,8,1,1,0,3,0.31,9.45,Partially Blocked,None,1,0,0,1,Low,0,30.751058,78.357413,18.63,8.76,15.36,196,P2
UKD-002457,Earthquake,Trapped People,44,16,3,1,9,8,0.07,1.9,Open,None,1,0,1,1,Low,0,30.372733,79.565085,2.78,13.86,6.74,336,P2
UKD-002949,Flood,Evacuation Request,69,41,1,1,7,4,2.46,63.85,Blocked,Minor,0,0,1,1,Low,0,29.608214,79.659368,3.85,8.22,6.78,822,P2
UKD-001840,Earthquake,Injured Person,20,10,7,1,4,1,0.17,2.4,Blocked,Moderate,0,0,1,1,Critical,1,30.316325,78.887838,16.24,3.41,26.32,98,P1
UKD-001963,Earthquake,Injured Person,71,29,3,2,7,4,0.11,2.31,Blocked,Moderate,1,0,0,1,Moderate,1,30.383748,78.001378,7.94,0.79,1.32,2159,P1
UKD-001893,Earthquake,Injured Person,66,47,13,3,6,6,0.16,3.35,Blocked,Severe,0,1,1,1,Critical,1,29.319583,80.203048,16.66,8.55,8.26,924,P1
UKD-001826,Landslide,Trapped People,53,33,4,0,12,4,0.59,18.92,Partially Blocked,Severe,1,1,1,1,Moderate,1,30.510666,79.09392,7.45,7.29,14.75,281,P1
UKD-004340,Flood,Flooded Road,4,0,0,0,2,0,1.67,42.81,Partially Blocked,Moderate,0,0,1,0,None,0,30.104215,78.714588,6.93,5.07,15.68,459,P3
UKD-004447,Cloudburst,Flooded Road,85,7,2,1,9,7,2.11,33.81,Partially Blocked,None,1,1,1,1,Critical,1,29.81461,80.352492,14.98,13.12,8.15,341,P3
UKD-003459,Earthquake,Evacuation Request,103,62,3,1,8,5,0.1,2.72,Blocked,Moderate,0,1,1,1,Critical,1,29.003794,79.635949,3.7,3.75,3.83,3674,P2
UKD-003536,Flood,Damaged House,31,5,1,0,8,6,1.55,27.97,Partially Blocked,Moderate,1,1,1,1,Low,0,30.065658,78.672863,6.59,2.02,15.99,2624,P2
UKD-000253,Earthquake,Missing Person,104,43,4,8,8,7,0.19,2.49,Partially Blocked,Minor,1,1,1,1,Critical,1,30.308254,78.246731,2.63,4.13,0.72,751,P1
UKD-000351,Cloudburst,Trapped People,19,12,1,1,4,2,2.15,66.47,Open,Moderate,0,0,0,1,Moderate,1,30.059554,78.090763,3.36,0.43,3.19,4422,P1
UKD-002759,Earthquake,Evacuation Request,116,27,1,2,7,7,0.07,1.62,Partially Blocked,None,1,1,1,1,Moderate,0,29.870098,78.048879,1.46,1.99,9.59,1799,P2
UKD-004553,Landslide,Evacuation Request,45,6,1,0,9,6,0.61,12.34,Partially Blocked,Moderate,1,1,1,1,Low,0,30.226526,78.101474,2.32,2.16,6.06,660,P3
UKD-000458,Cloudburst,Injured Person,54,39,12,5,12,3,3.67,64.77,Blocked,Severe,0,0,0,1,Moderate,1,30.322812,77.99304,15.04,4.8,2.61,4168,P1
UKD-005845,Landslide,Damaged House,131,47,6,1,13,8,0.59,15.28,Partially Blocked,Severe,0,0,1,1,Critical,1,29.5571,79.644351,11.92,7.23,10.66,920,P3
UKD-000480,Landslide,Flooded Road,29,10,3,6,1,2,1.2,28.74,Partially Blocked,Minor,0,1,0,1,Critical,1,30.421155,77.910317,0.5,1.74,3.49,6701,P1
UKD-001115,Flood,Trapped People,189,86,2,4,8,5,4.38,100.0,Blocked,Minor,0,0,0,1,Moderate,1,29.615212,79.51051,12.33,16.32,5.97,504,P1
UKD-000799,Flood,Damaged House,86,41,1,6,5,3,3.93,82.85,Partially Blocked,Moderate,0,0,1,1,Moderate,1,30.038374,78.18753,3.15,0.7,1.46,1248,P1
UKD-004222,Flood,Evacuation Request,18,3,1,0,4,3,1.15,17.42,Partially Blocked,Minor,1,1,1,1,Moderate,1,28.935731,79.473905,3.47,2.33,6.22,1915,P3
UKD-002674,Flood,Waterlogging,74,14,1,0,18,10,2.13,30.99,Blocked,Minor,0,1,1,1,Low,0,30.195628,78.74498,2.25,3.86,2.47,462,P2
UKD-003096,Flood,Waterlogging,60,11,2,1,8,5,3.7,57.74,Partially Blocked,Minor,0,0,1,1,Critical,1,29.429736,79.589851,8.47,2.4,6.25,219,P2
UKD-000027,Landslide,Trapped People,108,88,5,6,15,11,0.85,21.62,Blocked,Moderate,0,0,0,1,Critical,1,30.220287,78.857634,9.48,6.49,7.71,742,P1
UKD-003076,Flood,Flooded Road,19,6,0,1,5,1,2.83,51.71,Blocked,Minor,0,0,1,1,Low,0,29.396693,79.523704,7.51,3.13,10.64,272,P2
UKD-002751,Earthquake,Evacuation Request,2,0,0,0,1,0,0.06,1.3,Blocked,None,1,1,0,0,None,0,30.319091,77.92781,3.9,10.71,8.12,2979,P2
UKD-003271,Landslide,Missing Person,63,28,2,9,8,5,0.4,9.3,Partially Blocked,Severe,0,1,1,0,None,0,29.416907,79.356279,3.47,8.22,5.39,578,P2
UKD-001748,Flood,Trapped People,53,35,1,2,12,6,4.23,51.57,Partially Blocked,Minor,0,1,0,0,None,0,28.851561,79.683003,3.42,7.71,8.46,1139,P1
UKD-001288,Landslide,Injured Person,45,29,14,3,13,4,1.02,16.1,Blocked,Severe,0,0,0,1,Critical,1,29.44202,79.529684,9.91,3.52,9.43,840,P1
UKD-001282,Landslide,Infrastructure Damage,83,43,2,0,12,4,0.79,18.56,Partially Blocked,Minor,0,1,1,1,Moderate,1,29.359162,79.497078,5.12,4.92,5.81,1056,P1
UKD-004935,Cloudburst,Flooded Road,2,0,0,0,1,0,1.47,27.74,Partially Blocked,Minor,0,1,0,0,None,0,30.30666,78.270059,11.27,4.47,6.36,302,P3
UKD-002620,Flood,Trapped People,27,7,3,1,8,3,1.58,38.91,Open,Minor,1,1,1,0,None,0,29.916614,78.158796,4.37,10.13,5.47,962,P2
UKD-002064,Flood,Trapped People,16,4,1,1,0,3,1.85,40.04,Open,Minor,1,0,1,1,Moderate,0,30.219735,78.011118,2.8,4.98,4.56,510,P2
UKD-002192,Cloudburst,Missing Person,51,12,4,10,12,8,1.4,21.3,Open,Severe,0,1,1,1,Low,1,30.263834,78.06845,5.69,2.34,2.23,959,P2
UKD-004650,Cloudburst,Damaged House,16,2,1,1,1,4,2.02,53.96,Partially Blocked,Moderate,1,0,1,1,Moderate,1,30.557883,78.221691,18.69,10.17,4.85,176,P3
UKD-005155,Flood,Damaged House,7,1,0,0,3,1,1.04,20.77,Open,None,1,1,1,0,None,0,29.921894,78.045399,4.21,0.89,3.64,2197,P3
UKD-004718,Cloudburst,Damaged House,22,4,0,1,7,2,1.46,32.6,Open,Moderate,1,1,0,1,Low,0,30.442437,79.222112,4.93,8.42,9.88,216,P3
UKD-001952,Flood,Flooded Road,163,41,1,3,13,16,3.75,81.66,Blocked,Minor,0,0,1,1,Low,1,29.344198,79.285434,14.27,4.22,7.84,1149,P1
UKD-004579,Cloudburst,Waterlogging,9,0,0,0,3,1,0.93,24.19,Open,None,1,1,1,0,None,0,30.251167,78.10898,1.35,3.95,0.6,9031,P3
UKD-002918,Earthquake,Infrastructure Damage,34,17,0,2,5,2,0.08,1.46,Partially Blocked,Minor,0,1,0,1,Low,0,29.383569,80.215739,8.13,6.3,9.18,559,P2
UKD-004936,Flood,Flooded Road,3,1,0,0,0,0,1.07,19.05,Partially Blocked,None,0,1,1,0,None,0,30.343242,78.071644,10.56,4.06,5.83,2026,P3
UKD-000608,Flood,Missing Person,46,32,3,8,8,9,4.05,59.19,Blocked,Moderate,0,1,1,1,Moderate,1,29.372068,79.956876,8.86,4.79,11.61,468,P1
UKD-004094,Flood,Damaged House,16,1,0,0,4,3,1.08,21.16,Open,Minor,1,1,1,0,None,0,28.971469,79.388092,2.12,2.52,8.86,482,P3
UKD-004804,Flood,Infrastructure Damage,23,3,1,1,6,3,1.13,22.14,Partially Blocked,Minor,1,1,1,1,Moderate,1,29.442118,79.425131,30.0,4.87,10.97,1426,P3
UKD-003405,Landslide,Missing Person,102,48,2,6,8,9,0.62,15.32,Partially Blocked,Moderate,0,0,0,1,Critical,1,30.261725,77.987635,7.88,9.54,4.36,1334,P2
UKD-005857,Flood,Flooded Road,8,0,0,0,1,0,1.2,28.51,Open,Minor,1,1,1,0,None,0,30.322759,78.971729,8.57,19.63,6.86,129,P3
UKD-003942,Flood,Flooded Road,33,7,2,3,4,3,2.83,55.01,Blocked,Minor,0,1,1,1,Low,1,29.935702,78.105907,4.18,7.0,4.83,768,P2
UKD-004853,Cloudburst,Missing Person,55,30,2,7,7,2,2.16,35.06,Blocked,Minor,0,0,1,0,None,0,28.893736,79.417203,8.9,1.92,5.76,1614,P3
UKD-005894,Flood,Infrastructure Damage,9,1,1,0,3,1,0.84,17.92,Partially Blocked,Severe,1,1,0,1,Low,0,30.135826,78.183557,2.69,0.49,4.09,859,P3
UKD-004507,Earthquake,Trapped People,13,5,0,0,2,1,0.03,0.72,Open,Moderate,1,1,1,0,None,0,29.323577,79.373119,5.45,1.06,9.77,1832,P3
UKD-000204,Cloudburst,Damaged House,39,20,3,4,6,1,2.37,52.94,Blocked,Moderate,0,0,0,1,Moderate,1,30.394578,77.974102,3.45,0.83,4.32,606,P1
UKD-000340,Earthquake,Damaged House,147,42,3,2,20,8,0.1,2.01,Partially Blocked,Moderate,0,1,1,1,Moderate,1,29.533847,79.667297,8.32,2.0,10.62,244,P1
UKD-000838,Flood,Injured Person,15,10,4,0,4,1,2.78,72.23,Blocked,Moderate,0,1,1,1,Moderate,1,30.053533,78.20628,4.86,2.03,8.02,1355,P1
UKD-004360,Landslide,Damaged House,49,10,0,0,7,5,0.25,4.94,Partially Blocked,Minor,1,0,1,1,Low,1,30.369769,78.037439,2.86,1.33,1.73,3773,P3
UKD-000388,Flood,Injured Person,57,21,11,1,9,6,2.85,61.42,Blocked,Moderate,1,0,1,1,Critical,1,28.92989,79.535966,2.73,2.27,3.06,2581,P1
UKD-004153,Flood,Waterlogging,31,1,0,1,4,1,3.07,73.25,Open,Minor,0,1,1,1,Moderate,1,29.391595,80.173044,17.44,9.01,11.61,591,P3
UKD-004823,Landslide,Trapped People,31,12,4,2,4,1,0.24,6.88,Open,Severe,0,1,1,1,Moderate,1,30.10931,79.10285,7.22,8.22,8.96,237,P3
UKD-002577,Flood,Injured Person,60,15,8,1,12,8,3.09,49.55,Open,Moderate,1,1,0,1,Moderate,0,30.032846,78.204415,5.22,0.92,8.36,762,P2
UKD-003784,Flood,Evacuation Request,120,40,2,3,3,6,1.82,46.05,Open,Moderate,0,0,0,1,Low,0,29.98403,78.030997,2.69,2.04,2.5,1829,P2
UKD-003024,Landslide,Missing Person,69,22,0,7,9,8,0.41,10.81,Partially Blocked,Moderate,0,1,1,1,Moderate,1,30.211804,79.029777,14.41,2.69,4.71,296,P2
UKD-003427,Earthquake,Injured Person,8,3,3,1,4,0,0.07,1.47,Partially Blocked,Moderate,1,1,1,1,Low,0,30.447655,78.617451,10.4,15.68,11.21,127,P2
UKD-003384,Flood,Damaged House,13,1,1,1,0,2,1.41,23.07,Open,Minor,1,1,1,1,Low,0,28.911615,79.665472,1.25,11.18,7.84,1565,P2
UKD-004666,Flood,Damaged House,16,5,3,1,2,6,3.33,59.48,Partially Blocked,Severe,1,1,1,1,Moderate,0,29.597867,80.086135,13.62,13.19,26.74,251,P3
UKD-002234,Flood,Flooded Road,54,11,2,1,10,2,3.06,65.02,Blocked,Severe,1,1,1,1,Low,0,29.114339,79.496206,9.88,9.31,7.12,2313,P2
UKD-001651,Earthquake,Missing Person,159,65,6,8,12,4,0.13,2.45,Blocked,Severe,0,1,1,1,Low,1,29.380101,79.296358,3.18,3.13,8.21,984,P1
UKD-003248,Landslide,Injured Person,7,1,1,0,0,0,0.16,4.71,Open,Minor,1,1,1,1,Low,0,30.516645,78.303566,9.27,17.21,5.13,218,P2
UKD-004907,Earthquake,Injured Person,2,0,1,0,0,0,0.01,0.36,Open,None,1,1,1,1,Low,0,30.323065,79.084049,9.65,7.72,7.11,95,P3
UKD-000678,Earthquake,Injured Person,26,16,6,1,2,2,0.17,3.56,Blocked,Moderate,0,0,1,1,Low,1,30.40277,79.351286,4.2,3.43,15.1,409,P1
UKD-003862,Earthquake,Trapped People,8,5,0,0,0,0,0.07,1.44,Partially Blocked,Moderate,1,1,1,0,None,0,30.229136,78.633652,8.27,1.62,12.09,206,P2
UKD-001540,Landslide,Damaged House,60,32,5,2,14,4,0.72,12.38,Partially Blocked,Severe,0,0,0,1,Moderate,1,29.712146,80.486703,19.51,6.19,21.48,284,P1
UKD-001917,Cloudburst,Infrastructure Damage,101,63,6,3,5,13,3.78,60.57,Blocked,Severe,0,0,1,1,Critical,1,30.319502,77.939089,5.15,3.87,1.42,1361,P1
UKD-000062,Cloudburst,Evacuation Request,200,63,7,3,6,3,3.16,60.82,Blocked,Severe,0,0,1,1,Critical,1,29.002209,79.484175,15.39,6.69,4.76,3404,P1
UKD-003660,Landslide,Damaged House,30,16,2,2,5,5,0.52,8.38,Blocked,Severe,1,1,1,1,Moderate,0,29.505914,80.190678,2.75,12.68,9.16,271,P2
UKD-004138,Landslide,Evacuation Request,18,9,0,1,4,1,0.36,5.4,Partially Blocked,Minor,0,1,1,0,None,0,29.630472,80.254605,18.16,11.87,25.59,545,P3
UKD-004358,Cloudburst,Injured Person,8,0,3,0,1,1,0.73,16.63,Partially Blocked,None,1,1,1,1,Low,0,30.228554,78.969405,2.0,4.12,8.96,215,P3
UKD-001481,Cloudburst,Trapped People,105,85,5,1,14,3,2.08,47.04,Blocked,Moderate,0,0,1,1,Low,1,29.627482,80.383733,16.8,5.82,11.92,249,P1
UKD-000791,Flood,Flooded Road,140,33,6,4,10,7,4.64,100.0,Blocked,Severe,0,0,0,1,Low,0,30.386259,77.908269,11.4,1.3,4.11,1092,P1
UKD-001671,Earthquake,Evacuation Request,200,63,5,2,13,5,0.16,2.94,Blocked,Severe,0,0,1,1,Critical,1,30.410658,78.26173,30.0,6.99,26.32,269,P1
UKD-003209,Cloudburst,Evacuation Request,72,44,1,1,9,7,2.72,35.11,Blocked,Moderate,0,1,1,1,Moderate,1,30.198993,78.710887,7.16,8.27,21.32,1855,P2
UKD-005435,Earthquake,Trapped People,14,5,1,1,2,3,0.08,1.42,Open,Minor,1,0,1,1,Low,0,28.997014,79.581258,8.32,2.53,3.0,713,P3
UKD-003117,Landslide,Trapped People,101,44,6,2,15,1,0.49,9.19,Partially Blocked,Severe,1,0,1,1,Moderate,0,29.954407,79.730392,11.52,3.63,3.12,438,P2
UKD-004948,Landslide,Damaged House,25,2,0,0,4,1,0.17,5.12,Open,Moderate,1,1,1,0,None,0,30.55607,79.322605,6.54,2.22,13.64,59,P3
UKD-004236,Flood,Waterlogging,20,3,1,2,5,2,2.15,41.15,Partially Blocked,None,1,1,1,0,None,0,30.416063,77.98158,2.76,5.23,4.33,3467,P3
UKD-005342,Cloudburst,Evacuation Request,183,32,0,1,14,9,2.27,46.9,Partially Blocked,Minor,1,0,1,0,None,0,30.078634,78.289599,3.53,3.38,1.19,2594,P3
UKD-003750,Cloudburst,Infrastructure Damage,9,2,1,1,0,0,1.03,20.59,Partially Blocked,Minor,0,1,0,1,Low,1,30.218892,78.359797,3.32,8.8,15.75,433,P2
UKD-004400,Landslide,Infrastructure Damage,10,3,0,0,0,3,0.14,3.26,Partially Blocked,Minor,1,0,1,0,None,0,30.538554,78.559996,12.2,5.63,10.3,87,P3
UKD-002597,Flood,Waterlogging,22,2,1,1,6,2,2.81,66.96,Blocked,Moderate,0,0,1,0,None,0,29.83441,79.823942,3.87,3.62,15.05,158,P2
UKD-004005,Earthquake,Evacuation Request,14,1,0,0,0,4,0.04,0.67,Open,None,1,1,1,1,Low,0,30.347563,78.063248,0.88,0.88,6.29,3662,P3
UKD-002094,Flood,Damaged House,56,7,3,0,8,8,2.89,46.96,Open,Severe,1,0,1,0,None,0,29.687582,79.615942,5.03,4.94,14.05,283,P2
UKD-000734,Landslide,Damaged House,30,8,3,3,6,6,0.65,9.63,Open,Severe,0,0,0,1,Low,0,30.308184,78.901264,7.39,9.84,6.78,435,P1
UKD-003691,Flood,Waterlogging,4,0,0,0,0,0,1.62,39.22,Partially Blocked,None,0,1,0,0,None,0,29.339339,79.497618,5.88,4.54,16.49,354,P2
UKD-004550,Earthquake,Damaged House,76,17,2,2,18,7,0.12,2.4,Partially Blocked,Minor,1,0,0,0,None,0,29.962555,78.288747,2.25,5.21,2.58,2541,P3
UKD-003957,Landslide,Infrastructure Damage,20,2,0,1,0,2,0.26,4.45,Partially Blocked,None,1,1,1,0,None,0,29.923755,78.104232,3.55,4.64,9.46,2248,P2
UKD-005090,Cloudburst,Injured Person,5,2,2,0,1,0,0.41,7.11,Partially Blocked,None,1,1,1,0,None,0,30.210663,77.972559,2.98,4.31,6.8,832,P3
UKD-001841,Landslide,Missing Person,32,5,1,8,3,4,0.55,8.95,Partially Blocked,Moderate,1,0,1,1,Low,1,30.227137,78.138826,4.68,0.2,4.08,2021,P1
UKD-002852,Flood,Trapped People,38,23,4,0,4,3,2.59,41.91,Partially Blocked,Minor,0,0,1,1,Critical,1,29.420912,79.47676,4.79,6.49,2.83,503,P2
UKD-000528,Landslide,Trapped People,19,17,2,0,3,5,0.83,13.16,Blocked,Moderate,0,0,1,0,None,0,30.267669,78.129769,4.93,1.91,2.56,2811,P1
UKD-003304,Flood,Waterlogging,3,0,0,0,0,0,1.18,17.31,Open,None,1,1,1,0,None,0,30.339846,77.963566,3.85,0.31,3.39,2125,P2
UKD-005660,Flood,Waterlogging,19,4,0,0,4,2,2.34,38.38,Open,None,0,1,1,1,Low,0,28.968986,79.540808,4.52,9.66,3.14,1956,P3
UKD-002510,Flood,Trapped People,31,11,2,2,7,2,1.82,44.17,Partially Blocked,Minor,1,1,1,1,Moderate,1,28.962455,79.583936,2.64,0.66,3.05,4509,P2
UKD-002229,Landslide,Trapped People,75,60,1,0,8,5,0.65,9.17,Blocked,Moderate,0,0,1,1,Low,1,30.161909,78.809758,28.45,3.14,13.69,480,P2
UKD-002095,Landslide,Missing Person,55,22,3,9,14,6,0.37,8.05,Partially Blocked,None,0,1,1,1,Moderate,1,30.845866,78.435126,0.64,2.92,19.59,455,P2
UKD-004336,Landslide,Missing Person,56,4,1,10,6,6,0.37,5.02,Open,Minor,1,0,1,1,Low,1,29.402041,79.489592,5.84,3.08,1.93,985,P3
UKD-000804,Cloudburst,Damaged House,15,3,3,1,1,3,1.47,32.9,Partially Blocked,Severe,1,0,1,1,Low,0,30.082646,78.245117,1.62,3.59,1.53,1275,P1
UKD-000858,Cloudburst,Flooded Road,49,18,2,3,10,5,4.2,61.18,Partially Blocked,Moderate,0,1,1,1,Moderate,1,30.563624,78.517084,24.14,6.06,24.29,115,P1
UKD-003471,Flood,Flooded Road,200,31,4,4,10,2,4.32,69.29,Blocked,Moderate,0,0,1,1,Moderate,1,29.668261,79.585639,16.29,4.24,9.44,525,P2
UKD-002419,Flood,Damaged House,12,0,1,0,1,2,1.46,25.13,Open,None,1,1,1,1,Low,0,30.570011,79.468659,4.46,4.91,9.19,336,P2
UKD-002755,Flood,Damaged House,95,38,5,3,13,3,2.41,43.03,Open,Severe,0,0,1,1,Moderate,1,29.907645,78.233389,5.71,0.65,4.75,765,P2
UKD-004680,Landslide,Missing Person,54,21,1,9,13,7,0.6,8.86,Partially Blocked,Moderate,0,1,1,1,Critical,1,30.508221,78.44573,30.0,12.42,14.81,1192,P3
UKD-001644,Earthquake,Trapped People,49,32,4,2,8,8,0.12,3.09,Partially Blocked,None,0,1,1,1,Critical,1,29.878367,79.968897,10.88,4.36,28.34,87,P1
UKD-000220,Flood,Flooded Road,31,10,3,2,6,5,3.6,66.11,Blocked,Minor,0,0,1,1,Low,0,30.295951,79.199903,14.36,20.0,15.97,252,P1
UKD-005175,Earthquake,Evacuation Request,87,36,0,2,8,6,0.14,2.65,Partially Blocked,Minor,0,0,0,0,None,0,30.043999,78.710063,14.66,1.62,2.38,589,P3
UKD-001289,Flood,Flooded Road,41,6,2,0,10,2,3.73,59.61,Blocked,Moderate,0,1,1,1,Low,1,29.367632,79.533627,10.22,1.19,12.95,344,P1
UKD-001116,Flood,Evacuation Request,129,43,1,2,19,6,3.34,48.03,Partially Blocked,Minor,0,0,0,1,Critical,1,30.33858,78.014358,6.56,4.4,6.22,752,P1
UKD-000583,Landslide,Missing Person,105,63,2,5,11,7,0.43,12.46,Blocked,Minor,0,0,1,1,Moderate,1,29.87325,78.073729,4.92,0.66,4.84,1280,P1
UKD-003162,Earthquake,Damaged House,47,3,1,1,9,4,0.04,0.81,Open,None,1,1,1,1,Low,0,30.346803,78.027327,1.83,6.09,0.92,852,P2
UKD-000044,Earthquake,Damaged House,95,30,7,2,17,6,0.18,2.55,Partially Blocked,Severe,1,0,0,1,Moderate,1,29.453014,79.416763,14.15,3.11,14.79,234,P1
UKD-005772,Earthquake,Damaged House,26,2,1,1,5,5,0.06,0.85,Open,Moderate,1,1,1,1,Moderate,0,30.382629,78.19399,5.23,2.17,1.49,3647,P3
UKD-002452,Flood,Missing Person,30,11,2,13,8,6,2.66,54.45,Partially Blocked,Moderate,1,1,0,1,Moderate,1,30.218564,78.847758,10.66,9.62,4.68,218,P2
UKD-005950,Landslide,Infrastructure Damage,2,0,0,0,0,0,0.24,4.06,Open,None,0,1,0,0,None,0,29.39808,79.466501,13.98,4.67,12.93,1833,P3
UKD-001521,Flood,Flooded Road,199,35,5,2,6,7,4.77,92.3,Blocked,None,0,0,0,1,Moderate,1,30.180734,77.9457,5.51,9.38,7.61,1919,P1
UKD-003129,Cloudburst,Trapped People,120,83,3,3,5,9,2.18,52.78,Blocked,Moderate,0,0,1,1,Low,0,29.408742,80.030484,10.99,9.11,8.3,1049,P2
UKD-002132,Flood,Evacuation Request,4,0,0,0,1,0,0.36,5.93,Open,None,1,1,1,0,None,0,29.917801,78.097244,2.43,3.4,3.41,1273,P2
UKD-001745,Cloudburst,Trapped People,80,41,3,3,15,9,3.94,56.05,Partially Blocked,Moderate,1,0,0,1,Critical,0,30.62534,78.44865,15.32,10.55,15.05,216,P1
UKD-005790,Landslide,Infrastructure Damage,51,17,1,0,12,2,0.6,8.88,Partially Blocked,Moderate,0,0,1,1,Critical,1,30.790392,78.397534,16.45,8.25,29.95,52,P3
UKD-001225,Landslide,Missing Person,76,54,5,8,11,2,0.73,14.75,Blocked,Severe,0,0,0,1,Critical,1,30.448868,78.067024,11.95,10.63,5.32,1106,P1
UKD-002800,Flood,Trapped People,63,45,11,5,10,7,3.85,62.1,Partially Blocked,Severe,0,0,0,1,Critical,1,28.957251,79.4803,3.2,4.07,2.72,1893,P2
UKD-001072,Flood,Evacuation Request,40,24,2,4,7,3,3.52,53.21,Blocked,Severe,0,0,0,1,Low,0,29.286928,79.427076,9.7,3.62,20.96,473,P1
UKD-000719,Flood,Trapped People,96,45,5,1,6,8,4.3,76.01,Partially Blocked,Severe,1,0,1,1,Critical,1,30.372631,78.089207,5.79,0.37,10.13,1227,P1
UKD-004357,Flood,Waterlogging,10,1,0,0,1,1,2.43,62.2,Open,Moderate,0,1,1,0,None,0,30.152437,78.871535,5.46,4.84,16.36,541,P3
UKD-001962,Earthquake,Damaged House,78,55,6,3,12,7,0.17,3.51,Blocked,Severe,0,1,0,1,Critical,1,28.88807,79.50691,1.38,2.55,3.71,2331,P1
UKD-000671,Landslide,Damaged House,81,56,1,2,10,6,0.77,14.33,Blocked,Severe,0,0,1,1,Low,0,29.328563,79.400012,10.99,20.0,30.0,99,P1
UKD-003894,Flood,Waterlogging,38,2,0,1,4,7,2.51,41.7,Open,Moderate,1,1,1,1,Low,1,29.940532,78.212734,14.19,1.72,0.5,1973,P2
UKD-003103,Flood,Evacuation Request,25,10,1,3,2,4,2.95,54.79,Partially Blocked,Moderate,0,1,0,1,Moderate,0,30.108148,78.846589,5.64,7.42,17.53,245,P2
UKD-002046,Flood,Evacuation Request,38,23,5,1,7,5,3.48,64.28,Blocked,Severe,0,0,0,1,Critical,1,30.290611,78.386689,12.43,10.54,13.69,365,P2
UKD-004798,Landslide,Flooded Road,8,0,0,0,1,0,0.79,15.3,Partially Blocked,Minor,1,1,1,0,None,0,30.292065,78.589723,9.39,5.41,16.33,329,P3
UKD-005954,Cloudburst,Damaged House,16,2,0,0,1,4,1.0,18.6,Partially Blocked,Moderate,1,0,0,0,None,0,28.905657,79.574752,0.52,2.43,3.1,534,P3
UKD-000898,Landslide,Trapped People,8,7,2,0,2,0,0.66,18.22,Blocked,Severe,0,1,0,1,Low,0,30.371757,78.077334,8.69,2.73,10.13,437,P1
UKD-001259,Earthquake,Evacuation Request,84,46,1,0,7,6,0.13,3.78,Partially Blocked,Minor,0,0,1,1,Critical,1,30.069356,78.824514,10.39,2.43,3.81,896,P1
UKD-002856,Landslide,Damaged House,39,9,4,1,12,3,0.34,9.0,Partially Blocked,Minor,1,0,1,1,Moderate,1,30.332491,78.034811,7.61,1.18,1.77,885,P2
UKD-000096,Landslide,Damaged House,41,31,6,1,11,5,0.64,13.34,Blocked,Severe,0,0,1,1,Critical,1,30.413119,79.277955,3.61,14.8,18.82,160,P1
UKD-003022,Cloudburst,Waterlogging,27,3,1,2,5,4,2.09,44.6,Partially Blocked,Minor,1,1,0,1,Low,0,30.170414,79.50396,15.1,3.7,13.81,78,P2
UKD-003277,Landslide,Trapped People,146,85,4,3,10,6,0.68,15.97,Blocked,Moderate,0,1,0,1,Low,1,30.479809,78.620231,10.99,20.0,5.99,185,P2
UKD-000843,Cloudburst,Evacuation Request,45,29,0,3,8,1,3.53,54.83,Blocked,Moderate,0,0,0,0,None,0,30.551372,78.396918,3.26,2.39,6.1,80,P1
UKD-004035,Cloudburst,Injured Person,4,0,1,0,1,0,0.54,11.18,Open,None,1,1,1,1,Low,0,28.819271,79.629202,0.5,2.71,7.39,2796,P3
UKD-002706,Flood,Evacuation Request,40,16,2,0,10,4,1.89,43.59,Blocked,None,1,0,0,1,Moderate,1,29.981206,78.150463,5.3,4.43,6.33,1149,P2
UKD-004976,Cloudburst,Flooded Road,18,3,0,1,6,0,1.38,36.71,Open,None,0,1,1,0,None,0,30.080617,78.035415,1.22,2.33,15.05,3330,P3
UKD-002619,Flood,Flooded Road,16,1,1,0,4,1,1.42,30.99,Open,None,0,0,1,1,Low,0,29.822532,78.153262,1.48,0.78,6.1,3534,P2
UKD-003419,Landslide,Evacuation Request,42,23,1,0,17,5,0.72,9.96,Blocked,Moderate,0,1,0,1,Low,0,30.41118,78.444751,7.22,9.97,3.86,186,P2
UKD-004632,Flood,Flooded Road,35,8,1,2,8,2,2.7,55.31,Blocked,None,0,1,0,1,Low,1,28.99392,79.596314,0.68,2.37,7.19,1841,P3
UKD-005152,Flood,Waterlogging,17,2,0,0,3,1,1.22,32.96,Open,Minor,0,0,1,0,None,0,29.410222,79.499729,6.41,4.07,3.92,656,P3
UKD-000323,Landslide,Trapped People,139,78,0,2,11,6,0.67,11.33,Partially Blocked,Minor,0,0,1,1,Moderate,0,30.345189,78.14271,7.4,3.29,1.06,1508,P1
UKD-004356,Cloudburst,Infrastructure Damage,17,7,1,0,5,3,2.09,27.75,Blocked,Minor,0,0,0,1,Low,1,29.335871,79.473505,4.65,4.17,21.29,302,P3
UKD-002133,Cloudburst,Flooded Road,22,1,0,0,3,3,1.54,38.57,Open,None,1,1,1,0,None,0,30.166157,78.037921,2.67,1.51,1.87,1555,P2
UKD-003728,Landslide,Infrastructure Damage,18,1,1,0,4,2,0.44,8.05,Partially Blocked,Minor,1,1,1,1,Low,0,29.036454,79.565201,6.46,12.0,10.01,2055,P2
UKD-000335,Landslide,Infrastructure Damage,89,48,6,4,2,7,0.82,13.62,Blocked,Severe,1,0,0,1,Moderate,0,30.280046,78.449586,12.1,8.99,22.4,957,P1
UKD-002645,Landslide,Damaged House,22,2,1,1,7,2,0.37,8.58,Blocked,Moderate,1,1,1,1,Low,0,30.356517,78.048539,0.5,1.09,2.74,3172,P2
UKD-000333,Flood,Infrastructure Damage,57,19,1,1,8,7,2.8,81.05,Partially Blocked,Moderate,0,0,1,0,None,0,28.848513,79.508162,11.35,6.25,8.04,837,P1
UKD-000834,Landslide,Damaged House,19,7,0,0,1,1,0.45,9.93,Open,Moderate,0,0,1,0,None,0,29.94618,79.937325,18.95,7.4,24.57,248,P1
UKD-002535,Earthquake,Infrastructure Damage,32,4,3,0,3,3,0.05,1.23,Open,Moderate,1,1,1,1,Moderate,0,30.293847,78.013778,2.86,0.32,6.33,842,P2
UKD-002168,Cloudburst,Flooded Road,40,0,1,1,12,3,2.18,40.44,Open,Minor,1,1,1,1,Low,0,30.32063,78.315008,9.19,8.36,6.88,150,P2
UKD-002252,Earthquake,Evacuation Request,130,24,5,1,9,2,0.1,3.04,Open,Severe,1,0,1,1,Critical,1,29.485358,80.046057,7.21,1.75,13.54,79,P2
UKD-001887,Earthquake,Trapped People,133,83,2,0,2,8,0.19,2.95,Blocked,Severe,0,1,1,1,Moderate,1,28.973646,79.431223,4.14,2.53,3.74,1199,P1
UKD-002167,Earthquake,Injured Person,21,12,8,0,6,0,0.09,1.72,Partially Blocked,Severe,0,1,1,1,Moderate,1,30.02751,78.829076,6.52,4.85,8.58,698,P2
UKD-000732,Earthquake,Damaged House,190,71,3,3,4,6,0.16,3.24,Blocked,Severe,0,0,1,1,Critical,1,28.982364,79.436617,7.03,5.16,2.91,7290,P1
UKD-001696,Flood,Flooded Road,9,2,0,2,0,1,1.87,48.94,Partially Blocked,Minor,0,1,1,0,None,0,30.303196,78.083726,1.96,9.91,10.84,1345,P1
UKD-000292,Flood,Trapped People,11,9,1,0,1,2,3.75,76.17,Partially Blocked,None,0,1,1,1,Low,0,29.982535,78.088766,8.27,3.2,2.3,1917,P1
UKD-000185,Flood,Injured Person,12,5,2,0,0,1,3.11,66.57,Partially Blocked,Minor,0,1,1,1,Low,1,30.429107,79.403852,5.59,6.15,3.96,147,P1
UKD-004727,Cloudburst,Missing Person,9,1,0,3,1,1,1.19,31.86,Open,None,1,1,0,1,Moderate,0,30.494636,77.948011,0.91,5.46,3.32,1663,P3
UKD-004764,Earthquake,Trapped People,43,21,1,0,6,4,0.06,1.2,Partially Blocked,None,1,1,1,1,Low,0,29.379409,79.564805,8.53,4.52,4.35,392,P3
UKD-003212,Earthquake,Trapped People,35,28,2,4,11,4,0.16,3.25,Blocked,Minor,0,1,1,1,Critical,1,30.734024,78.627745,11.68,12.86,18.93,208,P2
UKD-000534,Earthquake,Missing Person,62,33,1,5,12,3,0.14,3.4,Partially Blocked,Moderate,0,0,1,1,Moderate,1,30.366617,78.076312,1.61,4.6,3.2,1828,P1
UKD-002836,Earthquake,Injured Person,23,7,5,1,5,2,0.06,1.8,Partially Blocked,Severe,0,1,0,1,Low,0,30.640945,78.51324,14.36,14.45,5.94,237,P2
UKD-002716,Cloudburst,Flooded Road,28,2,2,2,8,1,1.28,25.09,Open,Minor,1,0,0,1,Moderate,1,29.956692,78.187987,3.96,2.58,1.28,1847,P2
UKD-003899,Flood,Waterlogging,55,2,0,1,5,5,2.7,53.05,Open,Minor,1,1,1,0,None,0,29.816145,78.062088,5.22,2.64,2.19,4551,P2
UKD-003169,Cloudburst,Evacuation Request,39,5,0,1,12,4,1.43,34.02,Open,Moderate,1,1,1,1,Moderate,1,30.396188,78.941974,20.56,2.05,16.65,347,P2
UKD-000658,Earthquake,Missing Person,107,59,5,12,13,8,0.14,3.03,Partially Blocked,Minor,0,0,0,1,Low,0,30.292644,79.233796,24.33,6.47,23.89,190,P1
UKD-001256,Landslide,Damaged House,12,6,3,0,2,0,1.11,21.6,Partially Blocked,Severe,0,1,0,0,None,0,29.423207,79.410872,9.11,4.96,11.18,130,P1
UKD-002723,Cloudburst,Missing Person,42,4,0,12,6,10,1.81,27.66,Open,Minor,1,1,0,1,Low,0,29.993378,79.830539,3.94,3.2,11.32,364,P2
UKD-002733,Flood,Trapped People,200,86,0,0,3,5,4.69,81.18,Blocked,Moderate,0,0,1,0,None,0,29.454881,79.407875,7.52,5.05,13.53,602,P2
UKD-002482,Cloudburst,Infrastructure Damage,15,12,1,0,3,0,1.16,26.97,Blocked,Minor,0,1,1,1,Low,0,30.419276,79.070829,5.69,1.68,19.74,215,P2
UKD-005088,Landslide,Missing Person,11,4,0,3,2,2,0.22,6.56,Blocked,Moderate,1,1,1,0,None,0,29.480982,80.078691,9.01,4.14,21.27,362,P3
UKD-000899,Flood,Waterlogging,76,26,3,4,14,4,3.43,95.18,Blocked,Moderate,0,0,0,1,Critical,1,30.000287,78.156854,21.52,4.12,8.16,1953,P1
UKD-000429,Flood,Waterlogging,96,32,4,1,5,8,3.79,94.69,Blocked,None,0,0,0,1,Moderate,1,29.667154,79.768832,4.22,7.61,12.82,1452,P1
UKD-005449,Landslide,Trapped People,3,2,0,0,0,0,0.24,5.05,Partially Blocked,Minor,0,1,1,0,None,0,30.302654,78.142364,4.81,2.27,3.0,1251,P3
UKD-001993,Cloudburst,Injured Person,88,52,6,2,14,6,3.23,53.63,Blocked,Moderate,0,1,1,1,Moderate,1,30.428028,79.274533,22.38,4.91,24.39,220,P1
UKD-002005,Landslide,Missing Person,47,4,1,5,9,10,0.4,9.09,Open,Minor,1,1,0,1,Moderate,1,30.350666,78.091026,2.8,3.49,5.8,543,P2
UKD-001437,Landslide,Evacuation Request,179,72,5,1,17,2,0.86,18.17,Blocked,Severe,0,1,0,1,Critical,1,30.336251,79.310131,8.73,4.57,8.93,185,P1
UKD-005430,Cloudburst,Flooded Road,10,0,1,1,1,0,1.73,33.72,Open,Minor,1,1,1,1,Low,0,29.357029,79.557024,1.83,1.62,15.07,1137,P3
UKD-001223,Landslide,Infrastructure Damage,200,72,4,5,6,5,0.68,20.47,Blocked,Moderate,0,0,0,1,Critical,1,30.332156,79.2088,13.72,20.0,16.07,106,P1
UKD-002888,Earthquake,Trapped People,26,5,2,0,5,1,0.04,1.39,Open,Minor,1,0,1,1,Low,0,30.668807,78.499066,10.56,6.93,15.17,198,P2
UKD-002338,Flood,Waterlogging,175,7,2,2,5,8,3.13,65.12,Partially Blocked,Moderate,1,0,1,0,None,0,29.453636,79.49299,8.68,0.56,3.14,1117,P2
UKD-003516,Landslide,Evacuation Request,124,46,4,1,7,4,0.72,15.26,Blocked,Moderate,1,0,1,1,Low,0,30.165023,78.070843,3.55,2.35,3.94,749,P2
UKD-004520,Cloudburst,Injured Person,9,3,3,0,1,3,0.69,13.49,Partially Blocked,Minor,1,1,1,1,Low,0,28.933609,79.492882,2.2,2.04,0.73,805,P3
UKD-005911,Landslide,Damaged House,17,2,0,0,7,5,0.22,4.72,Open,Moderate,1,1,0,0,None,0,30.096084,78.775116,8.46,4.83,13.13,552,P3
UKD-004714,Flood,Damaged House,59,10,1,1,17,4,2.09,47.07,Open,Moderate,1,1,1,0,None,0,29.855569,78.222863,1.12,2.57,5.18,1589,P3
UKD-002848,Landslide,Infrastructure Damage,66,27,1,5,15,5,0.72,10.25,Blocked,None,1,0,0,1,Critical,1,30.380063,79.215129,21.28,16.51,14.11,273,P2
UKD-004337,Cloudburst,Flooded Road,46,16,1,4,11,6,3.06,53.31,Blocked,Severe,0,1,1,1,Moderate,1,29.257294,79.340981,22.77,3.41,8.07,394,P3
UKD-003387,Flood,Evacuation Request,200,51,1,2,12,7,3.01,68.37,Open,Minor,0,1,1,0,None,0,29.055089,79.538107,4.05,0.63,11.6,1277,P2
UKD-001722,Earthquake,Infrastructure Damage,47,34,2,3,6,1,0.16,2.98,Blocked,Severe,0,0,1,1,Moderate,1,29.353004,79.449451,22.51,4.87,16.38,1423,P1
UKD-002405,Earthquake,Damaged House,101,47,2,0,8,8,0.11,1.75,Partially Blocked,Moderate,0,1,1,1,Low,1,30.047196,78.852932,2.38,3.4,10.87,604,P2
UKD-001819,Landslide,Trapped People,64,57,7,2,12,1,0.93,12.64,Blocked,Severe,0,0,0,0,None,0,30.871303,78.295207,21.91,19.17,30.0,509,P1
UKD-005419,Landslide,Damaged House,16,9,0,0,3,1,0.26,6.87,Blocked,Minor,0,1,1,0,None,0,30.248181,78.044464,8.98,0.85,3.86,1504,P3
UKD-002677,Flood,Flooded Road,32,8,2,0,2,5,1.74,44.92,Blocked,Minor,0,0,1,1,Low,0,28.951219,79.591749,1.75,2.19,3.77,2802,P2
UKD-004956,Earthquake,Evacuation Request,12,1,1,0,0,1,0.03,0.64,Open,None,1,0,1,1,Low,0,28.945909,79.540145,7.16,4.82,5.98,2085,P3
UKD-003613,Earthquake,Trapped People,34,18,2,0,6,4,0.04,0.77,Blocked,None,1,1,1,0,None,0,30.274778,78.025612,4.63,1.85,1.32,2354,P2
UKD-003729,Flood,Damaged House,31,3,1,0,12,1,1.93,44.25,Open,Minor,1,1,1,1,Low,1,30.187903,78.087568,0.84,0.98,4.37,3268,P2
UKD-002906,Earthquake,Infrastructure Damage,39,13,1,3,7,2,0.08,1.33,Partially Blocked,Moderate,1,1,0,1,Moderate,1,29.456618,79.554002,4.57,6.6,5.26,405,P2
UKD-001411,Landslide,Evacuation Request,166,34,5,1,14,6,0.88,20.66,Partially Blocked,Minor,1,0,1,1,Critical,1,30.203576,78.068108,3.84,1.0,5.04,4100,P1
UKD-004343,Cloudburst,Evacuation Request,9,3,0,0,2,0,1.13,15.76,Blocked,None,1,0,0,0,None,0,30.031341,78.176577,7.33,3.01,7.91,3146,P3
UKD-004003,Cloudburst,Flooded Road,4,0,0,0,2,1,1.25,21.0,Partially Blocked,Moderate,1,1,1,0,None,0,29.431936,79.39697,8.26,4.5,6.89,605,P3
UKD-005714,Landslide,Infrastructure Damage,6,2,0,0,1,3,0.31,4.45,Blocked,Minor,1,1,1,1,Low,0,29.521314,80.074557,12.11,12.28,30.0,322,P3
UKD-002165,Earthquake,Evacuation Request,12,0,1,0,3,1,0.04,0.83,Open,Severe,1,1,1,1,Low,0,30.679991,78.210434,6.91,5.87,19.09,157,P2
UKD-001832,Cloudburst,Damaged House,56,22,6,3,4,5,2.62,50.62,Partially Blocked,Severe,1,0,0,1,Low,0,30.372541,79.385075,9.98,9.32,4.49,602,P1
UKD-001127,Landslide,Injured Person,32,20,11,2,6,9,0.66,13.6,Blocked,Moderate,0,0,0,1,Moderate,1,30.11141,78.714185,13.53,19.96,3.97,433,P1
UKD-004372,Landslide,Infrastructure Damage,12,5,1,0,1,2,0.35,4.6,Partially Blocked,Minor,0,0,1,1,Low,0,29.794157,78.233125,7.11,3.86,6.49,1150,P3
UKD-005638,Landslide,Damaged House,23,12,2,1,6,0,0.21,5.49,Blocked,Severe,0,0,1,1,Low,1,30.301604,78.06009,14.37,2.28,7.29,3954,P3
UKD-005923,Cloudburst,Trapped People,17,5,1,0,2,5,0.78,17.82,Open,None,1,1,1,1,Moderate,1,30.615969,78.498469,17.9,11.27,2.81,102,P3
UKD-003781,Flood,Trapped People,45,27,0,0,9,6,1.78,35.87,Partially Blocked,Moderate,0,1,1,0,None,0,30.260654,78.165924,4.51,2.28,1.07,1616,P2
UKD-000305,Flood,Waterlogging,10,0,0,3,1,3,3.92,72.01,Partially Blocked,None,1,0,1,1,Moderate,1,29.377764,79.526468,3.94,3.55,14.6,537,P1
UKD-001898,Flood,Damaged House,26,8,5,1,5,1,1.88,35.28,Open,Severe,0,0,1,1,Moderate,1,30.068101,78.203211,6.34,2.33,2.69,2661,P1
UKD-001293,Flood,Waterlogging,81,16,5,5,11,6,4.24,59.05,Partially Blocked,Moderate,0,1,1,1,Moderate,0,30.13444,78.7565,3.52,4.18,2.49,338,P1
UKD-000071,Flood,Evacuation Request,118,26,2,2,4,7,2.0,64.92,Open,Moderate,0,0,1,1,Low,0,30.021231,78.080369,5.28,3.32,3.36,2726,P1
UKD-004145,Flood,Damaged House,3,1,1,0,1,0,1.13,18.39,Open,Minor,1,1,1,1,Low,0,30.0215,78.200086,4.95,2.52,6.4,2358,P3
UKD-001306,Landslide,Infrastructure Damage,31,11,3,1,7,1,0.73,18.59,Partially Blocked,Moderate,0,0,1,1,Moderate,1,29.813955,78.189806,5.75,7.2,3.4,1181,P1
UKD-002781,Flood,Damaged House,28,12,5,2,5,8,1.56,35.2,Partially Blocked,Severe,1,1,1,1,Critical,1,30.324494,78.014772,2.65,0.26,10.35,1809,P2
UKD-005252,Landslide,Missing Person,10,3,0,4,1,3,0.26,5.34,Partially Blocked,Minor,0,0,0,0,None,0,29.362607,79.385941,12.12,5.78,8.83,443,P3
UKD-004225,Landslide,Infrastructure Damage,54,5,1,2,5,6,0.41,5.51,Open,Moderate,1,1,1,1,Low,0,30.295319,79.054377,8.52,4.22,6.82,550,P3
UKD-001666,Cloudburst,Injured Person,27,5,6,1,11,0,1.98,34.04,Open,None,1,1,1,1,Critical,1,30.412111,78.456844,7.16,3.28,4.5,372,P1
UKD-001341,Landslide,Infrastructure Damage,129,50,9,5,19,5,0.74,12.75,Blocked,Severe,1,0,0,1,Moderate,1,30.378628,78.326608,18.45,8.95,14.58,374,P1
UKD-000832,Landslide,Evacuation Request,192,27,7,3,4,3,0.92,22.06,Open,Severe,1,0,1,1,Critical,1,30.460489,79.22481,11.67,11.8,30.0,156,P1
UKD-002572,Flood,Damaged House,59,38,2,4,13,4,2.67,80.34,Blocked,Moderate,0,1,0,1,Low,0,30.355667,79.352988,14.52,5.37,15.32,234,P2
UKD-001457,Landslide,Evacuation Request,85,36,5,1,12,7,0.69,12.07,Blocked,Moderate,1,1,0,1,Low,0,30.314427,79.341136,20.3,6.21,19.27,120,P1
UKD-003208,Cloudburst,Injured Person,20,14,5,0,3,1,2.55,51.93,Blocked,Severe,0,1,1,1,Moderate,1,30.361005,78.045179,5.7,2.02,2.4,677,P2
UKD-003247,Landslide,Missing Person,28,8,3,8,5,5,0.43,11.6,Partially Blocked,Minor,1,1,0,1,Critical,1,29.627898,79.815823,6.14,8.69,17.0,159,P2
UKD-000239,Landslide,Evacuation Request,105,47,1,3,11,1,0.66,10.64,Blocked,Moderate,1,0,1,1,Low,0,30.397366,78.475039,12.1,10.55,9.22,112,P1
UKD-000093,Landslide,Evacuation Request,112,61,3,2,16,7,0.9,16.7,Blocked,Moderate,0,1,1,1,Moderate,0,29.448327,79.338856,5.33,1.63,6.49,1688,P1
UKD-005710,Cloudburst,Waterlogging,13,0,0,0,1,5,1.43,33.52,Open,Minor,1,0,1,0,None,0,29.485996,79.485192,11.86,12.34,5.84,1068,P3
UKD-002945,Earthquake,Trapped People,13,10,2,3,2,1,0.09,1.55,Blocked,Severe,0,0,1,1,Moderate,0,30.254008,78.096364,3.74,1.1,1.39,1076,P2
UKD-002520,Earthquake,Waterlogging,93,20,8,3,8,8,0.6,14.09,Partially Blocked,Severe,0,0,0,1,Critical,1,29.528423,79.670947,8.05,15.75,16.17,169,P2
UKD-002772,Flood,Evacuation Request,84,29,1,6,12,6,3.29,73.22,Partially Blocked,Minor,1,1,1,1,Moderate,1,30.22456,78.85039,19.4,2.14,5.66,1110,P2
UKD-002604,Flood,Flooded Road,36,5,0,1,12,7,1.3,35.34,Blocked,Minor,1,1,1,0,None,0,30.369947,77.920174,0.81,2.27,2.83,1311,P2
UKD-005307,Cloudburst,Flooded Road,4,0,0,0,0,0,1.15,20.88,Open,None,1,1,0,0,None,0,30.499195,79.209186,6.01,20.0,27.91,553,P3
UKD-003440,Flood,Waterlogging,34,6,1,2,6,4,1.66,43.18,Blocked,Minor,1,1,0,1,Moderate,0,29.420224,79.456798,9.14,7.9,15.52,761,P2
UKD-001002,Flood,Flooded Road,53,8,1,1,13,6,2.57,63.79,Blocked,Minor,1,0,1,1,Moderate,0,29.379505,79.446384,5.43,7.15,5.57,853,P1
UKD-002043,Landslide,Flooded Road,58,5,0,1,4,7,0.94,23.3,Partially Blocked,Minor,1,1,1,0,None,0,30.287097,78.428293,8.09,4.45,2.44,505,P2
UKD-005179,Landslide,Infrastructure Damage,12,1,0,0,1,1,0.16,2.47,Open,None,1,1,1,0,None,0,29.405007,79.339289,10.74,6.1,6.94,375,P3
UKD-003429,Landslide,Trapped People,106,75,1,1,19,4,0.61,9.68,Blocked,Minor,0,1,1,1,Low,0,30.068199,78.745499,6.48,5.83,8.41,873,P2
UKD-002616,Landslide,Injured Person,37,16,7,1,9,4,0.73,9.52,Blocked,Minor,1,0,0,1,Moderate,1,29.91305,78.142458,5.34,1.52,9.78,1568,P2
UKD-001505,Earthquake,Trapped People,36,27,1,2,6,4,0.09,2.82,Blocked,Minor,0,0,1,0,None,0,29.795199,78.282405,13.51,1.78,2.38,1057,P1
UKD-000958,Landslide,Trapped People,89,71,0,4,13,6,0.77,10.55,Blocked,Moderate,0,0,1,1,Low,1,29.929631,78.096708,0.97,1.65,11.62,1765,P1
UKD-003802,Flood,Flooded Road,61,17,3,4,15,4,3.55,87.14,Blocked,None,1,1,0,1,Moderate,1,30.680708,78.414668,18.96,5.37,9.65,90,P2
UKD-005313,Landslide,Evacuation Request,9,2,0,0,2,1,0.21,4.2,Partially Blocked,Minor,1,0,0,1,Low,0,30.300485,78.014519,0.95,2.04,0.92,3364,P3
UKD-004762,Flood,Flooded Road,16,3,1,0,2,2,2.24,38.65,Open,Moderate,0,1,1,1,Low,0,30.33136,77.990969,3.19,0.84,4.56,471,P3
UKD-001533,Landslide,Trapped People,46,25,5,1,11,11,0.87,22.28,Partially Blocked,Severe,0,0,1,1,Critical,1,30.337128,78.075482,2.05,8.12,2.81,889,P1
UKD-002303,Landslide,Trapped People,126,79,0,1,7,2,0.62,10.56,Blocked,Moderate,0,1,1,0,None,0,30.311169,79.095471,25.36,13.51,8.78,105,P2
UKD-000412,Flood,Injured Person,83,32,12,4,14,5,3.53,86.65,Open,Minor,0,0,0,1,Critical,1,29.952524,78.244175,3.77,2.89,3.48,4009,P1
UKD-001406,Landslide,Damaged House,11,8,0,1,2,2,0.48,10.56,Blocked,None,0,1,1,0,None,0,30.668128,78.561671,4.72,11.55,16.71,222,P1
UKD-003348,Flood,Flooded Road,52,5,3,2,6,5,3.47,82.23,Partially Blocked,None,1,1,0,1,Critical,1,28.897827,79.49488,6.29,5.72,10.62,2331,P2
UKD-005759,Cloudburst,Damaged House,6,3,0,0,0,3,1.09,20.38,Partially Blocked,Moderate,0,1,1,1,Low,0,29.739364,79.861732,27.85,14.39,17.21,461,P3
UKD-001789,Earthquake,Infrastructure Damage,55,25,2,2,8,6,0.09,2.78,Blocked,Moderate,1,0,0,1,Low,0,30.169789,78.575843,7.49,3.25,10.5,499,P1
UKD-002882,Flood,Damaged House,133,12,0,2,6,4,2.81,50.06,Open,Minor,1,1,1,1,Critical,1,29.392242,79.438073,8.05,0.59,4.97,262,P2
UKD-003051,Flood,Flooded Road,44,7,1,1,8,4,2.72,59.31,Partially Blocked,Minor,0,0,1,0,None,0,30.320883,79.114783,4.34,11.74,17.18,133,P2
UKD-002088,Cloudburst,Trapped People,110,65,0,6,20,7,3.46,68.65,Blocked,Moderate,1,1,0,1,Moderate,1,30.028308,78.114507,6.15,3.39,3.79,2399,P2
UKD-001035,Landslide,Evacuation Request,79,37,5,3,13,11,0.84,18.6,Partially Blocked,Minor,0,0,1,1,Low,1,30.09875,79.07161,17.98,17.62,17.58,151,P1
UKD-005264,Flood,Flooded Road,3,0,0,0,0,0,2.04,37.46,Open,None,1,0,1,0,None,0,28.87977,79.555315,2.9,5.83,3.57,1336,P3
UKD-005886,Earthquake,Missing Person,21,5,0,6,9,1,0.09,1.3,Blocked,Moderate,1,1,1,0,None,0,30.484681,79.433571,21.32,4.1,7.16,256,P3
UKD-005221,Flood,Waterlogging,3,0,0,0,0,0,1.76,42.58,Partially Blocked,None,1,1,1,1,Low,0,29.912648,78.072681,6.33,1.17,2.55,2469,P3
UKD-000932,Flood,Trapped People,94,79,3,0,6,6,3.47,72.52,Blocked,None,0,1,1,1,Critical,1,30.309643,77.96396,5.17,1.06,1.37,909,P1
UKD-005472,Landslide,Missing Person,6,0,0,1,1,1,0.09,1.78,Open,Minor,1,1,1,0,None,0,29.321895,79.598391,9.92,9.69,5.96,270,P3
UKD-003329,Cloudburst,Infrastructure Damage,72,39,1,1,4,4,2.43,32.12,Partially Blocked,Moderate,0,1,1,1,Low,0,28.987114,79.545285,5.78,3.36,5.83,499,P2
UKD-000634,Flood,Evacuation Request,130,17,4,0,14,4,3.52,68.39,Open,Minor,1,1,1,1,Moderate,1,30.080993,78.716603,6.01,5.87,2.57,791,P1
UKD-001742,Cloudburst,Missing Person,200,24,6,6,8,2,2.8,61.34,Partially Blocked,Severe,1,1,1,1,Critical,1,29.386859,79.395225,5.16,8.32,13.47,886,P1
UKD-000499,Cloudburst,Waterlogging,95,15,1,4,13,2,3.77,73.28,Open,Moderate,1,0,0,0,None,0,30.365966,77.973682,0.92,2.66,5.93,1011,P1
UKD-000938,Earthquake,Damaged House,35,3,2,1,9,2,0.08,1.46,Open,Minor,1,1,1,1,Low,0,29.909869,78.126115,3.05,1.36,2.56,1965,P1
UKD-000416,Flood,Trapped People,33,21,3,1,10,6,2.59,55.64,Blocked,Moderate,1,1,1,1,Critical,1,29.897365,78.356446,13.07,4.84,4.33,1358,P1
UKD-002329,Flood,Infrastructure Damage,9,0,0,0,2,0,1.94,43.54,Partially Blocked,Moderate,1,0,1,0,None,0,30.44164,78.930869,15.07,12.91,10.8,315,P2
UKD-003280,Cloudburst,Trapped People,10,7,0,0,2,2,3.03,54.75,Blocked,Severe,1,0,1,1,Critical,1,30.268221,78.851424,9.8,1.34,14.65,590,P2
UKD-003587,Flood,Evacuation Request,6,1,0,0,0,1,1.68,23.57,Open,Minor,1,1,1,0,None,0,29.908214,78.167928,2.91,2.36,5.57,929,P2
UKD-004368,Landslide,Infrastructure Damage,9,1,1,0,1,2,0.17,3.77,Partially Blocked,None,1,1,1,1,Critical,1,30.337054,77.974309,9.31,1.71,3.19,1830,P3
UKD-004913,Cloudburst,Trapped People,27,7,0,1,7,4,0.98,25.1,Open,None,1,0,1,1,Low,1,29.882656,78.218001,3.26,2.0,1.63,1001,P3
UKD-000758,Flood,Evacuation Request,86,55,5,5,5,8,3.93,92.4,Blocked,Severe,0,1,1,1,Critical,1,28.920325,79.622484,5.86,2.29,4.06,1699,P1
UKD-001617,Landslide,Injured Person,47,35,9,5,11,1,1.1,18.05,Blocked,Moderate,0,0,0,1,Critical,1,29.603237,79.693681,21.95,2.57,8.38,302,P1
UKD-001042,Flood,Flooded Road,11,3,0,0,3,0,4.29,82.66,Partially Blocked,Severe,0,0,0,1,Moderate,0,29.478379,79.327478,3.81,1.07,3.46,955,P1
UKD-003632,Cloudburst,Damaged House,3,0,0,0,0,0,0.34,8.96,Open,Minor,1,1,1,0,None,0,29.463222,79.442194,6.38,6.0,6.41,202,P2
UKD-004654,Earthquake,Damaged House,30,8,1,0,1,4,0.05,1.26,Partially Blocked,Minor,1,0,0,1,Low,1,29.930637,78.157952,1.91,8.58,3.15,905,P3
UKD-004465,Earthquake,Evacuation Request,15,1,0,0,5,0,0.05,0.82,Open,None,1,1,1,0,None,0,30.397528,79.263201,9.81,4.75,11.28,892,P3
UKD-002463,Landslide,Trapped People,69,58,1,4,6,11,0.54,9.72,Blocked,Moderate,0,1,0,1,Low,0,30.706515,79.527233,9.89,4.53,5.16,320,P2
UKD-000597,Flood,Flooded Road,200,33,2,2,21,8,3.71,85.91,Blocked,Severe,1,0,1,1,Moderate,1,30.329673,79.354116,11.45,20.0,8.71,197,P1
UKD-004044,Landslide,Infrastructure Damage,25,13,0,0,9,2,0.18,5.23,Blocked,Minor,0,1,1,0,None,0,29.486955,80.212559,14.17,7.78,30.0,161,P3
UKD-002764,Cloudburst,Missing Person,24,10,1,7,5,0,2.98,48.57,Partially Blocked,Moderate,1,1,1,1,Moderate,1,30.420093,78.05447,2.52,4.08,7.74,718,P2
UKD-001069,Landslide,Trapped People,132,87,4,5,14,7,0.65,22.03,Blocked,Moderate,0,0,0,1,Moderate,1,30.344216,79.445654,6.63,9.21,12.01,470,P1
UKD-002196,Cloudburst,Evacuation Request,17,3,2,1,1,1,1.02,26.14,Open,Minor,1,0,1,1,Moderate,1,30.693366,79.343687,9.04,4.08,12.19,135,P2
UKD-003040,Flood,Evacuation Request,43,14,2,0,12,2,1.8,37.16,Blocked,Minor,1,1,1,1,Low,0,30.368496,78.007396,10.34,2.15,12.28,1624,P2
UKD-005605,Landslide,Infrastructure Damage,148,25,2,4,7,5,0.57,9.76,Partially Blocked,Moderate,1,0,1,1,Low,0,30.219065,78.011188,2.53,3.76,1.2,1392,P3
UKD-003228,Flood,Infrastructure Damage,154,69,0,4,15,6,2.96,48.34,Blocked,Minor,0,0,0,1,Low,1,30.728699,78.229661,25.24,20.0,30.0,190,P2
UKD-000653,Earthquake,Missing Person,200,67,6,11,7,4,0.17,3.15,Blocked,Severe,0,0,1,1,Critical,1,28.936436,79.49454,11.4,4.48,10.38,2638,P1
UKD-004625,Flood,Flooded Road,32,4,2,0,5,1,1.87,47.73,Blocked,None,1,1,1,1,Moderate,1,29.98826,78.179666,3.74,3.75,5.4,1705,P3
UKD-005332,Landslide,Infrastructure Damage,34,7,0,1,4,6,0.25,7.24,Partially Blocked,Moderate,1,1,1,0,None,0,30.47226,78.78551,14.11,20.0,27.19,314,P3
UKD-005168,Flood,Flooded Road,3,0,0,0,1,0,0.66,21.2,Open,Minor,1,1,1,0,None,0,30.065183,78.181137,1.81,1.74,2.38,4369,P3
UKD-002717,Cloudburst,Injured Person,25,21,12,2,4,2,2.77,75.52,Blocked,Severe,0,0,0,1,Moderate,1,28.980052,79.517757,4.92,0.46,0.5,917,P2
UKD-004854,Flood,Evacuation Request,58,18,2,0,9,8,1.01,28.49,Open,Moderate,0,1,1,1,Low,1,30.164272,78.641844,8.19,4.8,16.07,2049,P3
UKD-005902,Flood,Infrastructure Damage,8,3,0,0,2,0,0.96,15.38,Partially Blocked,None,0,1,1,0,None,0,29.89447,78.147604,0.77,2.6,2.69,1276,P3
UKD-002700,Flood,Evacuation Request,61,18,2,1,8,4,2.05,57.95,Partially Blocked,None,1,1,1,1,Moderate,0,30.436142,78.045113,1.88,2.46,1.38,2629,P2
UKD-004546,Earthquake,Infrastructure Damage,3,0,0,0,1,0,0.06,0.85,Open,Minor,1,1,1,0,None,0,30.068296,78.091702,2.39,1.35,1.49,1627,P3
UKD-000076,Flood,Missing Person,30,12,0,7,5,6,3.18,69.82,Partially Blocked,Moderate,1,1,0,1,Moderate,1,30.428896,78.567423,8.38,9.97,4.45,470,P1
UKD-003667,Earthquake,Damaged House,14,8,1,1,6,1,0.08,1.96,Blocked,Severe,0,1,0,1,Moderate,0,30.067849,78.058257,3.08,4.65,0.71,1990,P2
UKD-005925,Flood,Damaged House,24,5,1,0,1,3,2.08,28.74,Partially Blocked,Moderate,0,0,1,1,Moderate,1,29.278942,79.40258,14.69,4.42,7.98,494,P3
UKD-002930,Landslide,Missing Person,97,54,2,8,8,5,0.68,12.33,Blocked,Minor,0,1,1,0,None,0,30.028031,78.21716,10.14,1.52,7.11,5899,P2
UKD-005529,Flood,Damaged House,13,3,0,0,3,1,1.66,35.19,Open,Severe,1,0,1,1,Low,0,30.337035,78.052675,6.26,0.81,1.15,1932,P3
UKD-005956,Landslide,Damaged House,7,1,0,0,5,0,0.14,2.51,Open,None,1,1,0,0,None,0,30.304367,78.561499,19.23,13.58,13.43,276,P3
UKD-003804,Landslide,Infrastructure Damage,29,16,1,0,4,4,0.64,14.13,Blocked,Moderate,0,0,1,1,Moderate,1,30.339656,78.100327,0.96,11.15,2.11,1514,P2
UKD-005026,Flood,Waterlogging,2,0,0,0,0,0,1.66,35.87,Open,None,1,0,1,0,None,0,29.927181,78.131285,3.88,3.51,2.32,1011,P3
UKD-005283,Earthquake,Evacuation Request,14,3,0,0,5,3,0.02,0.44,Blocked,Moderate,1,1,0,0,None,0,30.361151,78.012286,1.26,3.28,4.52,1681,P3
UKD-002485,Landslide,Evacuation Request,7,2,0,0,1,0,0.17,3.43,Open,None,0,1,1,0,None,0,30.297171,78.011851,4.49,3.62,5.76,6811,P2
UKD-004792,Earthquake,Infrastructure Damage,26,2,0,0,7,1,0.04,0.79,Open,Minor,1,1,0,1,Low,0,30.004719,77.997223,4.38,3.81,4.13,1222,P3
UKD-001011,Flood,Flooded Road,79,12,1,3,12,4,3.15,81.63,Partially Blocked,Moderate,1,1,0,1,Low,0,28.959961,79.613932,0.88,1.82,5.3,997,P1
UKD-001030,Landslide,Infrastructure Damage,99,60,2,2,5,3,0.43,10.75,Blocked,Moderate,0,1,1,1,Low,1,30.301458,77.998514,2.96,5.95,8.3,2353,P1
UKD-002843,Flood,Infrastructure Damage,46,31,3,2,1,3,2.89,68.98,Blocked,Minor,0,1,1,1,Critical,1,30.730281,78.628806,10.36,7.2,9.11,461,P2
UKD-000829,Earthquake,Injured Person,11,4,3,1,4,1,0.1,2.52,Open,Moderate,0,1,1,1,Low,1,30.3203,78.081131,4.58,0.65,9.6,1032,P1
UKD-002707,Earthquake,Damaged House,47,22,5,2,7,4,0.09,2.9,Open,Severe,0,0,1,1,Critical,1,29.373719,79.337973,6.99,5.72,14.44,855,P2
UKD-001877,Flood,Flooded Road,171,22,1,4,8,8,3.57,85.93,Blocked,None,0,1,1,0,None,0,30.599265,79.267315,8.84,14.26,12.6,210,P1
UKD-000097,Cloudburst,Infrastructure Damage,30,6,5,0,8,5,2.53,57.73,Blocked,Moderate,1,1,1,1,Critical,1,30.222427,78.061625,8.72,2.55,3.69,2567,P1
UKD-003379,Earthquake,Trapped People,74,25,1,2,14,5,0.07,1.58,Partially Blocked,Minor,1,1,0,1,Low,1,29.428157,79.903816,18.26,16.6,11.38,638,P2
UKD-004598,Flood,Trapped People,10,4,0,0,3,1,1.12,18.24,Blocked,Minor,1,1,1,0,None,0,29.90918,78.090688,4.02,1.47,14.25,597,P3
UKD-004596,Landslide,Trapped People,43,37,1,2,8,4,0.54,13.12,Blocked,Minor,0,1,1,1,Moderate,0,28.968007,79.614019,0.98,4.9,4.67,1835,P3
UKD-004842,Cloudburst,Flooded Road,34,1,8,0,4,6,2.75,66.31,Partially Blocked,Severe,1,1,1,1,Low,0,30.435744,78.048237,0.9,6.23,1.63,1367,P3
UKD-001201,Flood,Evacuation Request,16,7,3,1,3,2,3.15,89.51,Blocked,Severe,1,0,0,1,Low,0,30.332332,78.396138,30.0,7.98,9.21,314,P1
UKD-000622,Landslide,Trapped People,61,48,3,5,9,6,1.05,18.55,Blocked,Severe,0,0,0,1,Moderate,1,30.380422,77.971994,20.75,3.18,9.8,3235,P1
UKD-005454,Flood,Waterlogging,16,0,1,1,5,3,1.54,47.47,Open,Minor,1,1,0,1,Low,0,28.88749,79.51412,11.65,2.91,3.5,856,P3
UKD-001413,Flood,Evacuation Request,161,64,6,2,17,10,5.0,64.62,Blocked,Severe,0,1,1,1,Critical,1,29.936007,78.07237,8.17,5.71,7.96,4377,P1
UKD-000567,Earthquake,Damaged House,160,60,3,5,8,6,0.14,2.7,Partially Blocked,Moderate,0,0,0,1,Moderate,1,29.350354,79.372383,14.35,10.98,14.18,635,P1
UKD-000544,Earthquake,Trapped People,31,16,1,1,11,3,0.07,1.26,Partially Blocked,None,1,1,1,0,None,0,30.34527,78.392788,16.52,4.44,26.11,324,P1
UKD-001335,Flood,Missing Person,49,6,1,2,5,9,2.16,47.81,Open,Minor,1,1,0,1,Moderate,0,30.272365,78.010693,10.16,0.54,10.52,1751,P1
UKD-004300,Earthquake,Damaged House,76,26,4,0,7,7,0.08,1.44,Open,Severe,0,0,1,1,Critical,1,29.650879,79.987709,21.9,4.22,5.38,283,P3
UKD-000052,Earthquake,Injured Person,67,45,6,2,5,6,0.14,3.37,Blocked,Moderate,0,0,1,1,Critical,1,30.35723,78.065562,1.99,4.74,1.58,1817,P1
UKD-005047,Flood,Flooded Road,75,7,2,2,16,7,2.3,59.31,Partially Blocked,Moderate,1,1,1,1,Critical,1,29.467838,79.51402,17.38,2.8,10.95,1210,P3
UKD-002068,Landslide,Damaged House,41,27,2,2,4,6,0.75,13.21,Blocked,Moderate,0,1,1,1,Moderate,1,30.284583,79.437117,23.35,15.9,19.04,352,P2
UKD-003873,Flood,Flooded Road,64,8,1,1,19,4,2.22,42.18,Partially Blocked,Minor,1,1,1,1,Low,0,29.975656,78.165445,5.74,5.29,3.21,1429,P2
UKD-001559,Landslide,Evacuation Request,134,36,2,3,9,2,0.87,17.36,Partially Blocked,Moderate,1,1,0,1,Low,0,28.98651,79.558474,3.63,1.61,3.84,1763,P1
UKD-000746,Landslide,Missing Person,111,71,6,9,5,7,0.75,17.79,Blocked,Severe,0,0,0,1,Critical,1,29.94156,79.610072,27.05,20.0,8.55,294,P1
UKD-004526,Cloudburst,Flooded Road,13,0,0,2,1,2,0.83,31.65,Open,None,1,1,1,1,Moderate,0,30.440745,79.299441,17.45,11.06,7.35,200,P3
UKD-004672,Landslide,Missing Person,22,8,0,2,6,1,0.27,6.27,Partially Blocked,Minor,0,1,1,0,None,0,30.078609,78.760831,10.51,3.85,2.7,265,P3
UKD-001468,Flood,Trapped People,49,38,2,3,3,7,3.68,60.08,Partially Blocked,Severe,0,0,0,1,Low,0,29.343172,79.415005,16.21,0.2,6.99,383,P1
UKD-004463,Cloudburst,Trapped People,29,23,0,1,2,7,1.87,34.93,Blocked,Minor,0,1,1,0,None,0,30.335142,78.438649,30.0,13.09,16.66,1017,P3
UKD-000196,Landslide,Injured Person,28,11,7,3,6,5,0.91,15.7,Partially Blocked,Minor,1,1,0,1,Moderate,0,30.717034,78.386787,17.94,9.5,18.92,474,P1
UKD-003401,Flood,Evacuation Request,131,33,7,1,17,8,2.97,66.29,Partially Blocked,Severe,1,1,1,1,Critical,1,30.63643,78.420205,11.81,3.44,6.81,309,P2
UKD-004268,Landslide,Missing Person,36,25,2,4,3,8,0.57,11.73,Blocked,Moderate,0,1,1,1,Moderate,1,30.105647,78.815964,5.49,4.72,12.73,2012,P3
UKD-003780,Landslide,Trapped People,60,45,3,1,8,8,0.49,9.22,Blocked,None,0,1,1,1,Moderate,1,29.385441,79.410074,13.37,2.21,7.72,2017,P2
UKD-000803,Cloudburst,Trapped People,108,87,1,4,4,7,2.23,60.56,Blocked,Moderate,0,0,1,1,Critical,1,29.517297,80.246775,11.16,13.88,13.78,1079,P1
UKD-001619,Flood,Damaged House,94,46,8,0,12,5,3.16,62.88,Partially Blocked,Severe,0,0,1,0,None,0,30.158164,78.824781,5.43,9.68,13.15,1709,P1
UKD-005187,Landslide,Infrastructure Damage,86,29,4,0,8,10,0.33,6.37,Blocked,Moderate,1,0,0,1,Moderate,1,29.342265,79.573662,8.04,5.72,8.85,321,P3
UKD-004438,Earthquake,Evacuation Request,47,19,0,0,15,6,0.07,1.27,Partially Blocked,Minor,0,0,1,1,Low,0,28.88457,79.483197,5.88,6.06,0.73,2593,P3
UKD-000621,Flood,Damaged House,6,1,2,0,3,0,2.88,53.53,Blocked,Severe,1,0,1,1,Moderate,0,29.764398,79.967629,30.0,9.65,8.76,225,P1
UKD-005340,Flood,Flooded Road,13,0,1,1,2,0,1.45,47.38,Open,Moderate,1,1,1,1,Low,0,29.423542,79.490885,15.14,4.6,2.67,1365,P3
UKD-004149,Cloudburst,Flooded Road,29,1,0,1,6,2,1.36,25.99,Open,Minor,1,1,1,0,None,0,29.625878,80.28862,7.17,16.14,12.27,379,P3
UKD-003627,Earthquake,Damaged House,11,5,0,0,0,1,0.08,2.39,Blocked,Moderate,1,1,1,0,None,0,30.37087,78.60526,23.48,20.0,22.16,546,P2
UKD-004113,Flood,Evacuation Request,37,5,2,2,6,5,0.69,21.22,Partially Blocked,None,1,1,1,1,Low,0,29.407593,79.467123,4.33,5.27,16.83,846,P3
UKD-003407,Landslide,Evacuation Request,7,5,0,0,1,1,0.39,7.78,Blocked,Minor,0,0,1,0,None,0,30.313139,78.100212,6.03,2.27,13.91,891,P2
UKD-003385,Flood,Trapped People,51,21,0,1,10,4,2.47,53.06,Partially Blocked,Moderate,1,0,0,0,None,0,30.383838,77.912028,1.47,8.12,3.88,596,P2
UKD-000645,Landslide,Trapped People,139,44,2,0,21,4,0.33,6.62,Partially Blocked,None,1,1,1,1,Low,0,29.910652,78.122212,5.77,5.02,2.96,546,P1
UKD-002790,Earthquake,Trapped People,33,32,2,1,6,2,0.15,2.62,Blocked,Moderate,0,0,0,1,Low,0,30.004205,78.288754,1.34,1.91,7.73,10000,P2
UKD-005437,Landslide,Evacuation Request,24,4,0,0,0,2,0.29,6.64,Partially Blocked,Moderate,1,1,1,1,Low,0,30.407385,77.970948,6.81,5.31,12.04,2741,P3
UKD-001790,Landslide,Trapped People,90,80,4,4,4,8,0.75,12.54,Blocked,Minor,0,0,0,1,Critical,1,30.300703,77.946273,5.02,1.72,1.3,1301,P1
UKD-001062,Flood,Waterlogging,24,5,0,2,1,1,3.16,76.55,Partially Blocked,None,0,0,1,1,Low,0,30.005559,78.208054,13.32,0.69,8.91,1201,P1
UKD-004158,Cloudburst,Missing Person,12,1,0,3,5,2,0.6,13.02,Open,Moderate,1,0,1,0,None,0,29.950333,78.162717,5.66,1.71,11.43,1270,P3
UKD-004600,Landslide,Damaged House,8,1,1,0,1,0,0.14,2.16,Open,Minor,0,1,1,1,Moderate,0,30.401012,78.096724,5.55,5.41,4.3,1324,P3
UKD-000121,Cloudburst,Damaged House,43,11,5,2,5,4,2.48,54.15,Partially Blocked,Severe,1,0,1,1,Moderate,1,30.10435,78.957699,8.38,13.7,13.83,150,P1
UKD-002917,Landslide,Evacuation Request,58,11,1,0,9,9,0.32,6.53,Partially Blocked,Moderate,1,1,1,0,None,0,30.589126,79.244881,16.04,13.1,4.26,407,P2
UKD-003881,Landslide,Injured Person,30,5,6,0,6,1,0.44,9.81,Open,Minor,1,1,1,1,Low,0,28.875196,79.596083,8.27,2.61,1.47,1514,P2
UKD-004130,Landslide,Infrastructure Damage,31,10,3,1,3,4,0.3,5.62,Partially Blocked,Minor,1,1,1,1,Moderate,0,30.204328,78.804341,8.06,4.43,20.77,1555,P3
UKD-004820,Cloudburst,Flooded Road,6,0,0,1,0,0,2.09,31.88,Blocked,None,1,1,0,0,None,0,29.358437,79.449187,16.71,13.85,10.95,1165,P3
UKD-003195,Landslide,Missing Person,36,8,3,10,15,10,0.55,12.3,Partially Blocked,Moderate,1,0,0,1,Low,1,30.173067,78.553707,10.17,18.08,3.59,99,P2
UKD-001231,Earthquake,Evacuation Request,189,43,3,3,14,5,0.11,2.81,Partially Blocked,Severe,0,0,1,0,None,0,30.494717,78.982337,29.13,8.27,8.97,159,P1
UKD-002761,Flood,Flooded Road,31,3,0,2,8,0,2.14,49.18,Open,Moderate,1,1,1,0,None,0,29.553814,79.685797,5.06,4.21,20.83,1153,P2
UKD-005538,Landslide,Flooded Road,28,1,1,0,7,3,0.98,20.15,Partially Blocked,Minor,1,0,1,1,Moderate,0,29.99917,78.716726,5.3,5.88,2.94,308,P3
UKD-005575,Cloudburst,Evacuation Request,59,22,6,1,14,7,1.18,27.32,Partially Blocked,Severe,0,1,1,1,Low,0,29.027864,79.520338,9.59,5.33,3.74,2988,P3
UKD-005953,Flood,Waterlogging,22,0,1,0,7,0,1.61,38.59,Partially Blocked,Minor,1,1,1,0,None,0,29.02234,79.480409,4.61,5.94,1.33,395,P3
UKD-003307,Earthquake,Injured Person,33,18,9,2,6,6,0.12,2.54,Blocked,Severe,0,1,1,1,Moderate,0,30.014903,78.212815,8.06,6.92,4.81,1810,P2
UKD-000135,Earthquake,Damaged House,64,16,5,2,14,3,0.08,1.76,Open,Severe,0,0,1,1,Critical,1,29.478148,79.60879,2.41,5.34,11.36,2456,P1
UKD-003484,Landslide,Damaged House,19,4,1,0,5,1,0.53,8.05,Partially Blocked,Moderate,1,1,1,0,None,0,29.739132,80.156221,21.44,10.7,3.75,191,P2
UKD-002580,Earthquake,Injured Person,24,8,9,4,6,3,0.15,2.78,Open,Minor,1,1,1,1,Critical,1,29.432101,79.462356,6.94,3.8,6.73,382,P2
UKD-002841,Cloudburst,Infrastructure Damage,29,18,4,0,3,6,2.75,44.06,Blocked,Severe,0,0,1,1,Critical,1,30.298612,77.994097,7.96,1.41,4.19,2495,P2
UKD-003793,Landslide,Trapped People,55,37,1,1,11,6,0.77,15.02,Partially Blocked,Moderate,0,1,1,1,Critical,1,29.684266,79.81285,7.02,15.06,27.2,172,P2
UKD-005717,Flood,Evacuation Request,95,51,2,1,8,7,3.12,52.52,Blocked,Severe,0,0,1,1,Moderate,1,30.456674,78.566642,6.02,14.48,21.05,329,P3
UKD-002219,Cloudburst,Flooded Road,3,0,0,0,0,0,1.91,39.37,Blocked,None,0,1,1,0,None,0,29.523397,80.279182,22.49,5.65,17.59,200,P2
UKD-000512,Landslide,Evacuation Request,190,48,1,3,19,6,0.71,20.64,Partially Blocked,Moderate,0,0,0,1,Low,0,28.86461,79.488756,4.03,2.35,6.44,2381,P1
UKD-005985,Landslide,Damaged House,1,1,0,0,0,0,0.09,1.57,Partially Blocked,Moderate,1,1,1,0,None,0,30.398946,79.033302,7.98,4.22,17.28,103,P3
UKD-000063,Landslide,Damaged House,33,12,2,0,3,4,0.3,8.81,Partially Blocked,Severe,0,0,1,1,Low,0,30.795341,78.318806,17.94,5.95,14.15,356,P1
UKD-001554,Earthquake,Damaged House,83,50,0,1,18,3,0.13,2.66,Blocked,Severe,0,1,1,1,Low,0,30.412177,78.478083,13.7,7.06,14.27,342,P1
UKD-003771,Landslide,Damaged House,29,11,1,1,11,1,0.36,11.05,Blocked,Moderate,1,0,1,1,Moderate,0,30.330675,78.334212,25.2,9.94,7.82,173,P2
UKD-005217,Flood,Damaged House,56,20,0,1,12,4,1.4,27.0,Open,Moderate,0,1,1,0,None,0,30.03036,78.81565,2.66,5.6,1.82,1038,P3
UKD-005589,Flood,Flooded Road,3,0,0,0,2,0,1.49,35.78,Open,Minor,1,1,1,1,Low,1,30.832173,78.104426,13.4,9.68,13.02,572,P3
UKD-001719,Flood,Flooded Road,37,13,3,3,5,3,4.39,74.5,Blocked,None,0,0,0,1,Moderate,1,30.006198,78.25352,11.4,1.77,17.5,875,P1
UKD-002861,Earthquake,Missing Person,21,3,0,7,4,2,0.07,1.61,Partially Blocked,Moderate,1,1,1,1,Low,0,30.426202,79.410252,30.0,6.23,7.64,196,P2
UKD-004371,Cloudburst,Waterlogging,27,8,1,1,5,5,2.62,49.77,Blocked,None,1,0,1,1,Low,0,30.277315,77.868751,3.12,2.41,3.6,381,P3
UKD-002096,Landslide,Flooded Road,15,4,0,1,6,0,1.23,18.61,Blocked,Moderate,0,0,0,0,None,0,30.342898,78.030829,4.64,1.31,4.22,2610,P2
UKD-000680,Cloudburst,Infrastructure Damage,15,8,1,0,2,0,2.89,70.87,Blocked,Moderate,0,0,0,1,Moderate,0,30.282831,78.087555,1.43,5.02,19.95,4829,P1
UKD-003687,Cloudburst,Waterlogging,21,2,0,3,1,6,1.2,25.41,Partially Blocked,Minor,0,1,1,0,None,0,30.225272,77.876623,3.01,2.28,1.12,1822,P2
UKD-001212,Earthquake,Damaged House,23,4,1,0,6,3,0.05,1.06,Open,Severe,1,1,1,1,Critical,1,30.296763,78.057147,1.43,1.42,3.86,1093,P1
UKD-000123,Flood,Evacuation Request,71,39,2,1,8,8,2.63,70.79,Blocked,Moderate,0,1,1,0,None,0,30.172861,78.705256,26.08,1.23,13.6,1294,P1
UKD-002642,Flood,Waterlogging,30,5,5,0,4,3,2.89,46.14,Partially Blocked,Severe,0,1,1,1,Critical,1,28.942487,79.567185,6.54,12.12,11.97,6834,P2
UKD-003086,Flood,Trapped People,35,17,2,2,9,1,3.67,60.66,Open,Moderate,0,1,1,1,Low,0,29.832902,78.250971,4.45,1.62,3.85,2189,P2
UKD-004078,Landslide,Missing Person,34,4,0,7,6,2,0.32,7.19,Open,None,1,1,0,0,None,0,30.028678,78.871854,3.4,4.07,5.76,920,P3
UKD-004918,Cloudburst,Infrastructure Damage,85,59,1,3,3,4,1.84,43.53,Blocked,Moderate,0,1,0,1,Moderate,0,30.10218,78.728198,4.23,11.43,7.92,731,P3
UKD-003177,Flood,Evacuation Request,111,45,2,1,14,2,3.82,85.34,Partially Blocked,Moderate,0,0,1,1,Critical,1,30.207924,79.013757,13.72,4.85,7.63,158,P2
UKD-001211,Flood,Damaged House,42,12,2,2,11,3,2.49,39.77,Partially Blocked,Moderate,1,0,1,1,Critical,1,29.478255,79.513438,6.26,4.33,3.58,662,P1
UKD-000568,Landslide,Evacuation Request,200,67,5,7,7,5,0.61,18.23,Blocked,Severe,0,1,0,1,Moderate,1,29.549132,79.711073,8.04,8.62,1.59,1381,P1
UKD-003430,Flood,Trapped People,132,53,4,2,15,4,1.96,60.86,Blocked,Minor,1,1,1,1,Moderate,1,28.891166,79.522771,14.71,0.46,8.69,803,P2
UKD-000549,Flood,Flooded Road,20,4,3,0,5,3,4.12,84.43,Blocked,Severe,1,1,1,1,Moderate,0,29.617556,79.630893,4.24,8.55,1.38,443,P1
UKD-000865,Cloudburst,Damaged House,70,47,1,0,11,10,2.21,43.64,Blocked,Minor,0,0,1,1,Moderate,1,29.004074,79.505194,1.12,5.85,5.42,2202,P1
UKD-004540,Cloudburst,Trapped People,71,29,3,1,10,5,2.08,37.27,Partially Blocked,Moderate,1,0,0,0,None,0,29.343282,79.431365,1.33,5.01,4.79,902,P3
UKD-001393,Flood,Damaged House,103,64,6,0,8,8,4.45,86.73,Blocked,Severe,0,0,1,1,Low,0,29.995226,78.101083,8.23,8.46,3.36,1937,P1
UKD-005726,Flood,Missing Person,25,8,3,5,7,4,2.49,53.53,Open,Moderate,0,1,0,1,Low,1,30.300526,79.096844,5.39,4.13,21.73,84,P3
UKD-002403,Earthquake,Injured Person,134,62,8,5,0,7,0.1,2.86,Blocked,Moderate,0,1,0,1,Critical,1,30.214282,78.946384,10.19,6.95,12.85,93,P2
UKD-003985,Landslide,Infrastructure Damage,104,12,1,1,14,9,0.37,10.65,Open,Minor,1,0,1,0,None,0,30.269205,78.827779,25.04,3.11,1.11,343,P2
UKD-002058,Flood,Waterlogging,42,7,1,2,11,6,3.12,45.63,Blocked,Moderate,1,1,1,1,Low,0,28.979099,79.599721,1.38,5.65,2.34,1235,P2
UKD-004771,Landslide,Flooded Road,13,3,1,2,6,1,0.62,16.38,Blocked,Minor,0,1,0,1,Moderate,1,28.940278,79.535582,1.52,7.15,0.79,817,P3
UKD-000721,Flood,Flooded Road,88,30,4,2,10,6,3.73,95.97,Blocked,Moderate,0,1,1,1,Critical,1,29.61816,79.704552,3.34,5.33,6.85,434,P1
UKD-003838,Flood,Evacuation Request,30,15,2,3,10,3,1.92,40.14,Blocked,None,0,1,1,0,None,0,29.587314,79.67517,17.03,3.59,5.88,705,P2
UKD-002883,Flood,Trapped People,67,57,3,0,10,9,3.05,45.01,Blocked,None,0,0,1,1,Critical,1,29.93714,78.193862,9.56,5.12,5.04,2161,P2
UKD-000691,Flood,Evacuation Request,52,20,1,4,4,2,3.2,51.31,Open,Moderate,0,1,0,1,Low,1,30.451621,78.579886,5.79,10.69,13.79,344,P1
UKD-000603,Landslide,Damaged House,67,43,5,1,13,10,1.0,17.02,Blocked,Severe,0,1,1,1,Moderate,1,30.081559,78.690764,5.96,4.55,30.0,149,P1
UKD-002216,Earthquake,Damaged House,20,0,0,0,5,3,0.03,0.58,Open,Moderate,1,1,1,0,None,0,29.520915,80.200348,14.52,5.69,2.94,217,P2
UKD-004968,Landslide,Flooded Road,30,7,1,3,4,1,1.21,19.06,Blocked,Minor,1,0,0,1,Low,0,30.433309,78.587015,8.39,4.02,13.3,83,P3
UKD-005376,Landslide,Damaged House,78,27,1,2,9,2,0.51,9.0,Blocked,None,1,1,1,1,Low,1,29.361841,79.587543,8.09,2.38,13.95,807,P3
UKD-005016,Earthquake,Damaged House,26,1,0,0,2,2,0.03,0.7,Open,Moderate,1,1,1,1,Low,0,30.292685,77.962581,9.2,0.59,1.29,540,P3
UKD-005578,Flood,Evacuation Request,116,65,2,2,11,5,3.73,73.76,Blocked,Minor,0,1,0,1,Low,0,30.572318,79.519128,1.81,5.0,11.96,358,P3
UKD-000504,Earthquake,Trapped People,147,89,7,2,9,4,0.18,3.45,Blocked,Severe,0,0,0,1,Critical,1,28.946829,79.508453,10.36,2.87,2.98,2101,P1
UKD-004503,Earthquake,Damaged House,6,0,0,0,0,1,0.02,0.53,Open,Severe,1,1,1,0,None,0,30.280126,77.987972,1.74,2.52,3.55,1239,P3
UKD-000319,Flood,Flooded Road,26,2,2,0,5,9,1.85,31.63,Partially Blocked,None,1,1,0,1,Low,0,29.99799,78.805169,8.31,1.77,4.06,691,P1
UKD-005879,Earthquake,Damaged House,7,1,1,0,0,1,0.03,0.72,Partially Blocked,Severe,1,0,1,1,Low,1,29.491154,79.429843,7.55,4.17,7.39,2522,P3
UKD-005514,Flood,Damaged House,4,1,0,0,2,0,0.52,8.84,Partially Blocked,None,0,1,1,0,None,0,29.929254,78.148471,3.43,6.75,1.77,922,P3
UKD-000275,Cloudburst,Missing Person,97,56,6,8,10,6,3.74,75.99,Partially Blocked,Severe,0,0,1,1,Critical,1,29.442269,79.416432,10.05,6.71,15.01,1018,P1
UKD-005156,Flood,Waterlogging,15,1,1,0,3,2,1.69,36.98,Partially Blocked,None,0,1,1,0,None,0,28.803167,79.610898,3.34,2.62,6.66,440,P3
UKD-003621,Cloudburst,Evacuation Request,65,35,3,0,8,3,2.28,43.04,Blocked,Moderate,0,0,1,1,Critical,1,28.915985,79.646697,7.54,6.54,3.17,1995,P2
UKD-001362,Cloudburst,Missing Person,26,11,1,10,7,2,1.48,30.88,Blocked,Minor,0,1,1,1,Critical,1,30.325532,78.052887,6.89,3.36,0.71,1444,P1
UKD-004196,Cloudburst,Trapped People,74,53,1,3,3,2,1.4,25.84,Blocked,Moderate,0,0,0,1,Moderate,1,30.074074,78.802892,15.13,3.63,6.23,1796,P3
UKD-001527,Earthquake,Injured Person,56,34,12,4,3,7,0.21,3.61,Partially Blocked,Severe,0,0,1,1,Moderate,1,30.266829,78.40163,14.81,7.55,9.14,401,P1
UKD-002367,Flood,Flooded Road,93,20,1,0,9,6,3.03,68.36,Partially Blocked,Minor,0,0,1,1,Moderate,1,30.257511,78.089474,3.47,1.34,8.72,751,P2
UKD-003376,Cloudburst,Injured Person,3,0,1,0,2,0,1.85,38.86,Partially Blocked,Minor,1,0,1,1,Low,0,29.211543,79.448265,6.32,2.43,15.77,1086,P2
UKD-004161,Cloudburst,Injured Person,26,18,7,3,1,1,2.46,36.13,Blocked,Severe,0,0,0,0,None,0,30.332157,78.059068,9.6,5.31,7.92,878,P3
UKD-002292,Flood,Missing Person,35,26,1,8,9,4,2.21,50.94,Blocked,None,0,1,1,0,None,0,30.299504,77.839421,6.34,1.11,1.68,909,P2
UKD-003289,Cloudburst,Trapped People,138,34,4,1,5,4,1.86,28.52,Open,Moderate,1,0,0,1,Moderate,1,29.449922,79.538325,14.91,1.84,13.19,503,P2
UKD-003876,Landslide,Trapped People,95,77,4,3,8,6,0.76,10.0,Blocked,Moderate,0,1,1,1,Moderate,1,29.880266,79.604894,30.0,11.35,21.2,216,P2
UKD-003559,Landslide,Trapped People,32,10,3,1,5,8,0.73,14.64,Partially Blocked,Minor,1,1,1,1,Critical,1,30.0628,79.183776,8.37,2.6,21.86,652,P2
UKD-005158,Landslide,Flooded Road,6,0,0,0,1,0,0.6,19.42,Partially Blocked,None,1,1,1,0,None,0,30.015272,78.196952,8.35,3.84,6.28,473,P3
UKD-000946,Cloudburst,Injured Person,71,35,8,2,14,8,3.03,50.7,Partially Blocked,Moderate,0,0,0,1,Critical,1,30.194891,78.424882,6.6,6.91,13.02,77,P1
UKD-004717,Flood,Flooded Road,34,6,3,1,11,2,1.63,35.3,Partially Blocked,Minor,0,1,1,1,Low,0,30.104113,78.799933,12.04,6.64,5.72,790,P3
UKD-005782,Cloudburst,Damaged House,4,0,0,1,0,0,0.82,12.57,Partially Blocked,Minor,0,1,0,0,None,0,30.283706,78.049453,4.55,6.38,2.39,1051,P3
UKD-000296,Flood,Evacuation Request,133,70,9,2,14,10,4.17,84.74,Blocked,Severe,0,1,1,1,Low,0,30.320594,77.970236,8.14,2.8,6.23,2617,P1
UKD-003167,Earthquake,Injured Person,19,11,5,1,7,2,0.11,2.03,Partially Blocked,Moderate,0,0,0,1,Moderate,0,29.951399,78.223205,4.45,5.73,1.89,1620,P2
UKD-002183,Flood,Flooded Road,46,12,1,0,9,8,2.78,61.25,Blocked,Minor,0,1,1,1,Low,0,30.405078,77.964397,6.86,4.35,0.82,3823,P2
UKD-000299,Landslide,Evacuation Request,24,6,2,1,5,4,0.71,11.18,Open,Minor,1,1,1,0,None,0,29.580332,79.517871,2.92,3.37,2.18,1035,P1
UKD-000069,Flood,Evacuation Request,46,28,7,4,12,8,3.37,83.57,Blocked,Severe,0,0,0,1,Low,0,30.439239,78.26749,15.98,12.03,16.01,296,P1
UKD-004393,Landslide,Trapped People,51,23,1,2,9,5,0.36,5.71,Open,Minor,0,1,1,1,Low,0,29.561828,79.572831,2.3,4.96,2.75,476,P3
UKD-000737,Landslide,Infrastructure Damage,76,44,2,3,16,2,0.7,15.45,Blocked,Moderate,0,1,1,1,Moderate,0,29.565125,80.151844,27.88,14.03,11.38,125,P1
UKD-003476,Flood,Trapped People,159,45,2,6,12,5,1.81,51.77,Open,Minor,1,1,0,1,Moderate,1,30.370378,78.042364,3.17,1.43,6.13,1813,P2
UKD-004267,Cloudburst,Flooded Road,5,0,0,0,0,2,1.3,31.64,Partially Blocked,Moderate,1,0,0,0,None,0,29.372791,79.500994,0.84,17.33,7.01,409,P3
UKD-002989,Flood,Damaged House,39,16,5,2,11,3,3.55,67.17,Blocked,Severe,1,0,1,1,Critical,1,29.877472,78.219041,5.14,1.22,0.75,966,P2
UKD-003647,Earthquake,Evacuation Request,56,14,2,2,6,3,0.08,1.74,Partially Blocked,Moderate,0,1,1,1,Moderate,0,30.333305,78.084689,15.97,4.07,9.43,5131,P2
UKD-001504,Landslide,Missing Person,200,70,0,13,13,2,0.88,13.78,Blocked,Moderate,0,0,0,1,Low,0,30.417746,78.079189,4.73,1.69,2.77,764,P1
UKD-002073,Landslide,Flooded Road,5,0,0,1,1,0,0.59,19.71,Partially Blocked,None,1,1,1,1,Low,0,28.946041,79.552034,7.13,1.83,6.24,1952,P2
UKD-000151,Earthquake,Missing Person,88,60,1,5,8,12,0.11,2.78,Blocked,Moderate,0,0,0,0,None,0,29.471481,79.546267,6.64,5.72,21.2,1417,P1
UKD-000757,Flood,Trapped People,35,29,1,6,10,3,3.17,77.71,Blocked,Severe,0,0,0,1,Critical,1,29.992121,79.684657,18.01,13.06,24.0,85,P1
UKD-005899,Cloudburst,Damaged House,26,0,1,2,4,7,1.2,19.32,Open,Minor,1,1,0,1,Low,0,29.600392,79.682182,2.8,3.12,6.68,859,P3
UKD-003502,Flood,Flooded Road,73,20,1,1,18,14,4.01,87.88,Blocked,Minor,0,0,1,1,Critical,1,28.829658,79.462152,2.35,3.35,2.19,1474,P2
UKD-001704,Flood,Evacuation Request,200,71,7,5,8,5,3.06,85.6,Blocked,Severe,0,0,1,1,Critical,1,30.357056,78.087838,7.07,3.51,6.83,3417,P1
UKD-005467,Flood,Injured Person,8,4,2,0,2,0,2.18,28.89,Partially Blocked,None,1,0,1,1,Low,0,29.952507,78.144341,1.19,4.23,3.49,1712,P3
UKD-002105,Flood,Infrastructure Damage,19,8,3,0,2,2,2.19,29.09,Partially Blocked,Severe,0,0,1,1,Moderate,1,30.383532,77.983714,4.5,7.21,8.63,632,P2
UKD-000170,Earthquake,Injured Person,66,35,7,5,9,5,0.11,1.99,Partially Blocked,Moderate,0,0,1,1,Moderate,1,29.64832,79.666664,19.7,5.51,14.6,427,P1
UKD-002155,Earthquake,Infrastructure Damage,64,35,1,2,9,6,0.15,3.18,Open,Minor,0,0,1,1,Moderate,1,30.404147,78.041172,2.15,2.73,2.99,2610,P2
UKD-000377,Earthquake,Trapped People,68,54,4,4,9,7,0.14,2.85,Blocked,Moderate,0,0,0,0,None,0,30.326373,78.000777,7.21,3.25,0.92,927,P1
UKD-002026,Landslide,Trapped People,73,55,2,2,9,8,0.52,12.49,Blocked,None,0,1,0,0,None,0,29.884217,79.709087,7.03,4.23,15.87,474,P2
UKD-000860,Landslide,Infrastructure Damage,196,45,8,0,7,8,0.93,16.12,Open,Severe,0,1,1,1,Critical,1,29.045917,79.588549,6.84,1.63,9.6,1711,P1
UKD-002688,Flood,Trapped People,85,68,1,0,13,8,2.9,52.37,Blocked,Severe,0,0,1,1,Low,0,29.353639,79.317877,6.36,19.84,5.14,814,P2
UKD-005036,Flood,Missing Person,19,6,0,5,1,1,1.8,25.53,Open,Minor,0,1,1,1,Moderate,0,29.43137,79.455974,5.76,2.44,3.09,902,P3
UKD-005349,Earthquake,Damaged House,18,3,0,0,4,2,0.05,1.15,Partially Blocked,Moderate,1,0,1,0,None,0,28.931512,79.549833,2.43,3.96,2.46,1615,P3
UKD-000379,Flood,Waterlogging,123,18,4,2,6,5,4.41,84.99,Partially Blocked,Moderate,0,1,1,1,Critical,1,29.350765,80.046786,20.97,5.33,6.21,486,P1
UKD-004784,Landslide,Evacuation Request,151,25,1,3,13,6,0.41,10.9,Blocked,None,1,1,0,1,Low,0,30.041173,78.158375,17.47,0.73,4.72,1677,P3
UKD-005457,Flood,Damaged House,3,0,0,0,0,1,0.77,20.42,Partially Blocked,Severe,0,1,1,0,None,0,30.005794,78.234743,1.97,2.56,7.26,914,P3
UKD-001295,Flood,Flooded Road,107,14,4,0,7,13,2.33,76.82,Partially Blocked,Moderate,1,0,1,1,Critical,1,29.900553,78.252459,5.25,0.66,4.41,995,P1
UKD-004972,Landslide,Missing Person,12,0,1,3,3,2,0.3,7.53,Open,Moderate,1,0,1,1,Low,0,29.881507,78.173342,2.59,0.76,3.98,1403,P3
UKD-001433,Flood,Missing Person,95,66,7,6,5,1,4.32,72.41,Blocked,Severe,0,0,0,1,Critical,1,29.370468,79.516192,7.21,11.83,10.09,454,P1
UKD-005326,Landslide,Infrastructure Damage,14,3,1,0,8,0,0.3,4.24,Blocked,Minor,1,1,1,1,Low,1,30.331725,78.172055,8.18,9.7,3.02,1461,P3
UKD-005860,Flood,Flooded Road,14,2,0,0,6,0,1.82,35.76,Partially Blocked,Minor,1,1,1,0,None,0,30.132126,78.921437,8.04,7.99,0.5,768,P3
UKD-002943,Flood,Waterlogging,4,0,0,0,0,1,1.63,33.37,Open,Minor,1,0,0,0,None,0,30.238463,78.882637,4.98,2.86,6.48,1187,P2
UKD-001780,Landslide,Trapped People,158,87,1,0,17,9,0.56,11.42,Blocked,Moderate,0,1,1,0,None,0,30.29554,78.016887,2.86,0.7,4.29,10000,P1
UKD-003389,Flood,Injured Person,46,18,13,3,12,3,2.35,57.2,Partially Blocked,Severe,0,1,0,1,Moderate,1,29.042682,79.551995,6.13,2.03,4.72,464,P2
UKD-005163,Flood,Flooded Road,2,0,0,0,1,0,1.57,19.59,Partially Blocked,None,1,1,1,0,None,0,29.915304,78.131759,5.63,2.97,2.01,1138,P3
UKD-005136,Cloudburst,Damaged House,41,7,2,1,6,1,1.18,24.49,Partially Blocked,Moderate,1,1,1,1,Low,0,30.513388,78.506851,8.2,1.71,24.86,182,P3
UKD-003544,Flood,Flooded Road,49,2,1,1,6,6,2.27,38.88,Partially Blocked,Moderate,1,1,1,1,Low,0,29.931031,78.130291,3.13,0.75,0.78,1277,P2
UKD-000842,Landslide,Damaged House,128,35,2,2,13,10,0.72,8.86,Blocked,Severe,1,0,1,1,Low,0,30.604097,78.419051,6.8,20.0,24.06,157,P1
UKD-002573,Landslide,Infrastructure Damage,13,6,3,1,5,2,0.66,9.61,Partially Blocked,Minor,1,1,0,1,Critical,1,29.511247,79.714154,10.7,6.34,11.09,644,P2
UKD-001190,Flood,Trapped People,100,81,9,2,14,5,4.66,62.51,Blocked,Severe,0,0,0,1,Low,1,29.375067,79.417043,20.73,12.54,5.18,823,P1
UKD-000176,Cloudburst,Evacuation Request,118,44,0,3,1,10,3.37,64.8,Partially Blocked,Minor,0,0,0,1,Moderate,1,30.312648,78.04158,6.64,6.74,12.61,1206,P1
UKD-004776,Earthquake,Injured Person,10,0,3,0,2,2,0.03,0.84,Open,None,1,1,1,1,Moderate,1,30.186125,78.106288,6.78,1.91,1.76,1937,P3
UKD-000928,Flood,Missing Person,58,24,2,12,3,7,3.1,60.51,Open,Moderate,0,0,1,1,Moderate,1,30.215162,78.832904,9.82,11.11,13.11,546,P1
UKD-003259,Flood,Waterlogging,11,1,0,0,3,2,1.85,39.59,Open,Minor,0,1,1,1,Low,0,30.33864,79.28589,14.74,7.1,13.41,382,P2
UKD-000046,Cloudburst,Flooded Road,161,11,4,3,13,1,3.76,57.87,Partially Blocked,Severe,0,0,1,1,Moderate,1,29.511326,79.532565,6.03,5.55,10.17,788,P1
UKD-001261,Landslide,Missing Person,100,72,7,4,7,4,0.97,19.93,Blocked,Severe,0,0,1,1,Critical,1,29.661199,80.186275,18.66,9.71,9.41,87,P1
UKD-001097,Landslide,Trapped People,54,43,3,1,8,4,0.59,9.83,Blocked,Severe,0,1,1,0,None,0,29.689875,79.723641,3.95,3.1,8.04,1578,P1
UKD-001444,Cloudburst,Flooded Road,36,6,1,3,3,5,3.73,68.35,Partially Blocked,Moderate,1,0,0,0,None,0,30.107602,79.059423,7.97,8.22,4.57,284,P1
UKD-002108,Flood,Injured Person,80,26,9,1,6,4,2.59,66.41,Partially Blocked,Moderate,1,0,0,1,Moderate,1,30.259489,78.021414,3.34,3.03,5.77,1380,P2
UKD-005004,Flood,Evacuation Request,92,32,4,2,9,2,2.0,44.67,Partially Blocked,Severe,0,0,1,1,Low,0,29.844543,79.744133,30.0,2.0,4.0,128,P3
UKD-001188,Flood,Flooded Road,191,29,4,1,13,7,4.8,93.3,Blocked,Severe,0,0,1,1,Moderate,1,30.188723,78.524865,14.25,10.55,19.52,220,P1
UKD-005094,Flood,Waterlogging,27,5,2,1,4,2,1.77,33.63,Partially Blocked,Minor,0,1,1,1,Moderate,1,30.063529,79.030609,16.27,13.25,15.93,766,P3
UKD-003788,Earthquake,Missing Person,180,21,1,3,7,6,0.11,2.1,Open,Moderate,1,1,0,1,Moderate,0,30.246983,77.972158,1.58,4.84,1.75,1289,P2
UKD-001031,Landslide,Infrastructure Damage,21,8,1,3,2,5,0.47,12.89,Blocked,Moderate,1,0,0,1,Low,0,29.393506,79.380324,12.29,6.62,5.01,3476,P1
UKD-004818,Flood,Flooded Road,1,0,0,0,0,0,0.74,22.78,Open,None,1,1,1,0,None,0,30.218578,77.932229,5.22,1.37,9.89,4131,P3
UKD-000301,Earthquake,Trapped People,64,30,2,3,2,13,0.12,2.85,Open,Severe,0,1,1,0,None,0,29.843665,78.327014,7.71,3.01,5.83,1885,P1
UKD-002524,Earthquake,Evacuation Request,46,8,4,1,12,6,0.1,1.63,Partially Blocked,Moderate,1,1,1,0,None,0,30.515778,79.294135,17.85,6.42,30.0,477,P2
UKD-001473,Landslide,Trapped People,68,56,2,2,12,3,0.82,19.19,Blocked,Minor,0,0,0,1,Moderate,1,30.321173,78.028144,4.91,0.58,4.48,284,P1
UKD-000284,Flood,Flooded Road,55,7,1,2,10,8,3.33,51.34,Blocked,Moderate,1,1,1,0,None,0,28.950607,79.515082,3.51,9.02,5.05,2073,P1
UKD-004383,Earthquake,Damaged House,2,0,0,0,0,0,0.02,0.55,Open,Minor,1,1,1,0,None,0,30.751884,78.567651,17.04,7.87,12.22,178,P3
UKD-002481,Earthquake,Trapped People,64,28,1,1,9,9,0.05,1.35,Partially Blocked,None,1,1,1,1,Low,0,30.396672,79.016016,15.8,14.16,14.69,138,P2
UKD-004756,Flood,Waterlogging,53,6,1,3,8,9,2.55,48.65,Open,Moderate,0,1,1,0,None,0,29.902779,78.162225,7.47,2.4,4.47,806,P3
UKD-003347,Flood,Flooded Road,86,7,4,0,14,3,2.36,56.75,Partially Blocked,Severe,1,0,1,1,Moderate,1,30.339852,78.921748,17.66,10.4,14.06,292,P2
UKD-001814,Earthquake,Injured Person,52,24,5,3,3,6,0.14,2.28,Partially Blocked,Moderate,0,0,0,1,Moderate,1,29.835615,78.15304,1.57,4.89,7.1,973,P1
UKD-003888,Cloudburst,Evacuation Request,97,54,3,5,14,4,1.82,32.39,Blocked,None,0,1,0,1,Critical,1,30.245287,78.996841,15.71,17.62,19.51,740,P2
UKD-004314,Landslide,Injured Person,3,1,1,0,0,1,0.35,5.06,Open,Minor,1,1,1,0,None,0,30.512495,78.336436,10.25,8.07,14.36,262,P3
UKD-004142,Flood,Flooded Road,15,3,1,0,2,2,1.97,35.49,Partially Blocked,Minor,0,0,1,1,Low,0,30.264191,78.027488,5.28,1.92,3.82,3524,P3
UKD-005062,Landslide,Infrastructure Damage,25,1,1,0,7,2,0.24,4.59,Open,Minor,1,1,1,1,Low,0,29.391521,79.485604,8.0,8.13,3.89,555,P3
UKD-004828,Earthquake,Evacuation Request,19,7,2,2,3,1,0.06,1.04,Partially Blocked,Moderate,1,1,1,1,Critical,1,30.410189,78.090277,5.55,0.37,2.65,2671,P3
UKD-002933,Earthquake,Missing Person,54,34,7,5,8,6,0.12,2.06,Blocked,Severe,0,0,0,1,Moderate,1,30.346629,78.160574,7.85,5.4,2.27,1606,P2
UKD-002120,Landslide,Missing Person,30,8,0,3,5,4,0.49,8.45,Partially Blocked,Moderate,1,1,1,0,None,0,30.935621,78.31751,11.85,11.34,11.99,268,P2
UKD-005658,Cloudburst,Waterlogging,5,0,0,1,1,3,1.2,22.14,Open,None,0,0,1,0,None,0,30.62225,79.338626,16.68,11.7,5.01,220,P3
UKD-004815,Earthquake,Evacuation Request,4,1,0,0,1,2,0.04,0.72,Partially Blocked,None,1,1,1,1,Low,0,30.287939,77.941275,2.27,3.9,0.81,921,P3
UKD-003808,Flood,Infrastructure Damage,21,7,6,2,6,1,3.24,75.68,Partially Blocked,Severe,0,0,1,1,Critical,1,28.869678,79.41843,2.6,6.71,3.04,3089,P2
UKD-005706,Earthquake,Infrastructure Damage,20,3,0,0,5,4,0.05,1.09,Partially Blocked,Minor,1,1,1,0,None,0,30.335681,77.969154,9.22,3.08,1.14,744,P3
UKD-005775,Flood,Flooded Road,28,9,1,2,4,4,3.15,61.44,Blocked,Minor,0,0,1,0,None,0,30.297034,78.02054,0.5,1.49,2.23,2865,P3
UKD-002331,Earthquake,Evacuation Request,34,10,1,1,12,2,0.06,0.99,Blocked,None,1,0,1,1,Low,0,29.593431,79.46781,3.88,4.22,6.54,660,P2
UKD-002030,Flood,Missing Person,107,30,3,7,13,4,2.67,40.21,Partially Blocked,Minor,1,0,1,1,Critical,1,29.001541,79.487974,4.81,1.4,5.42,6461,P2
UKD-005465,Cloudburst,Missing Person,26,13,1,7,4,8,1.12,15.26,Blocked,None,0,1,1,1,Moderate,0,29.311333,80.024883,8.42,8.67,5.89,1109,P3
UKD-000258,Landslide,Infrastructure Damage,14,9,0,0,1,5,0.48,10.67,Blocked,Moderate,0,1,0,0,None,0,30.776955,78.434356,4.17,2.04,18.1,154,P1
UKD-000508,Landslide,Trapped People,63,53,1,1,13,11,0.66,18.66,Blocked,Moderate,0,0,1,1,Low,0,30.070911,78.711927,22.68,2.4,13.3,92,P1
UKD-001943,Cloudburst,Evacuation Request,79,50,0,3,11,9,3.79,53.98,Blocked,Minor,1,0,1,0,None,0,30.3879,78.175033,12.64,20.0,9.99,1089,P1
UKD-000100,Flood,Flooded Road,117,19,0,1,10,3,3.74,67.81,Blocked,None,0,1,1,0,None,0,30.32043,77.963524,20.79,0.94,3.62,1376,P1
UKD-002956,Earthquake,Trapped People,115,80,4,4,5,4,0.12,3.14,Blocked,Moderate,0,0,0,1,Moderate,0,30.222281,77.931089,5.63,3.49,1.33,8609,P2
UKD-000745,Flood,Waterlogging,72,14,5,1,8,7,4.05,62.42,Partially Blocked,Severe,0,1,1,1,Critical,1,30.372125,79.108142,7.47,6.78,5.31,209,P1
UKD-004571,Flood,Evacuation Request,115,41,4,1,11,2,3.24,56.3,Blocked,Severe,1,0,1,1,Low,0,30.110208,78.857797,11.53,3.61,8.37,281,P3
UKD-005553,Cloudburst,Waterlogging,8,1,1,0,1,2,1.38,34.49,Partially Blocked,Minor,1,1,1,0,None,0,29.913232,78.187645,5.27,1.6,3.14,1976,P3
UKD-001376,Earthquake,Damaged House,132,66,4,4,14,4,0.16,2.76,Blocked,Severe,0,0,0,1,Moderate,1,29.646245,80.279022,21.26,20.0,22.62,183,P1
UKD-003867,Landslide,Evacuation Request,27,7,1,2,10,3,0.38,9.49,Partially Blocked,None,0,1,0,1,Low,0,29.439732,79.435902,6.21,12.36,14.06,798,P2
UKD-003820,Flood,Waterlogging,32,8,2,0,1,4,1.5,46.18,Partially Blocked,None,0,0,1,1,Moderate,1,30.104322,78.289553,3.34,9.48,1.4,1766,P2
UKD-003683,Landslide,Infrastructure Damage,101,24,5,1,7,3,0.5,9.13,Partially Blocked,Severe,1,0,0,0,None,0,30.270473,78.070856,15.0,1.37,10.56,1640,P2
UKD-001955,Flood,Injured Person,27,18,10,3,9,0,3.78,58.63,Blocked,Severe,0,0,1,1,Critical,1,30.28436,78.009475,4.77,4.55,5.82,2960,P1
UKD-004747,Flood,Flooded Road,12,0,1,1,2,0,1.18,26.81,Open,None,1,1,1,1,Low,0,28.976732,79.57352,11.85,1.43,4.58,2523,P3
UKD-001158,Cloudburst,Infrastructure Damage,44,17,1,2,11,8,1.49,26.88,Open,Moderate,0,0,0,0,None,0,30.726368,78.22167,13.36,12.01,12.52,428,P1
UKD-004369,Cloudburst,Missing Person,11,0,0,3,3,2,0.64,17.66,Open,None,1,1,1,0,None,0,30.732209,78.714534,6.13,10.25,7.28,170,P3
UKD-003366,Earthquake,Injured Person,8,3,1,0,2,0,0.16,2.72,Blocked,Moderate,0,1,1,0,None,0,30.468167,77.995215,4.33,0.32,4.41,3665,P2
UKD-004906,Cloudburst,Infrastructure Damage,142,22,5,3,15,6,1.63,36.84,Partially Blocked,Minor,1,1,1,0,None,0,28.972213,79.611867,12.91,2.95,4.72,1742,P3
UKD-001438,Flood,Evacuation Request,58,28,2,3,13,8,2.57,77.71,Partially Blocked,Minor,0,1,1,1,Moderate,1,30.13192,79.004509,28.31,4.94,10.75,259,P1
UKD-000367,Cloudburst,Flooded Road,190,33,1,1,10,4,2.31,76.77,Blocked,Moderate,0,0,1,0,None,0,30.764094,78.327804,23.0,5.72,12.45,776,P1
UKD-004814,Cloudburst,Trapped People,90,50,3,3,10,2,2.22,42.92,Partially Blocked,Minor,1,0,0,1,Critical,1,30.173627,78.936512,4.57,5.14,14.99,875,P3
UKD-002942,Earthquake,Trapped People,40,23,1,1,3,6,0.08,1.85,Blocked,Moderate,0,1,1,1,Moderate,1,30.26883,78.085281,3.97,9.57,1.88,1475,P2
UKD-000403,Landslide,Damaged House,57,27,0,2,11,11,0.43,8.99,Blocked,Moderate,0,0,0,1,Low,0,29.422471,79.438958,14.78,4.31,4.98,1413,P1
UKD-004645,Earthquake,Injured Person,37,7,11,2,3,3,0.07,1.91,Open,Severe,1,0,0,1,Critical,1,30.226861,78.090151,2.17,3.18,0.69,3159,P3
UKD-005655,Landslide,Damaged House,14,1,0,1,2,5,0.27,5.11,Partially Blocked,Moderate,1,1,1,0,None,0,29.460382,79.519414,21.39,8.39,10.58,568,P3
UKD-000950,Cloudburst,Trapped People,200,86,5,1,12,3,4.32,52.67,Blocked,Severe,0,1,1,1,Critical,1,30.306978,78.120163,2.96,2.31,4.94,1876,P1
UKD-002782,Cloudburst,Evacuation Request,27,10,1,4,5,1,1.52,22.49,Blocked,Minor,0,1,1,1,Low,0,30.329988,77.952183,2.31,4.64,3.88,910,P2
UKD-000020,Flood,Waterlogging,52,2,0,0,6,4,2.63,59.41,Open,Minor,1,0,1,0,None,0,30.296284,79.092801,26.42,8.34,10.21,708,P1
UKD-000230,Cloudburst,Flooded Road,76,21,0,0,9,1,2.82,57.86,Blocked,Minor,0,0,1,1,Critical,1,29.486494,79.548659,15.87,4.8,3.54,303,P1
UKD-004188,Earthquake,Evacuation Request,6,3,0,1,1,1,0.06,1.7,Blocked,None,1,0,1,0,None,0,30.28426,78.212018,19.38,2.43,7.82,88,P3
UKD-000669,Earthquake,Damaged House,65,28,1,2,8,8,0.12,2.17,Partially Blocked,Moderate,0,0,1,1,Moderate,0,29.020889,79.419699,1.92,3.97,2.14,592,P1
UKD-000219,Landslide,Trapped People,59,42,2,2,13,3,0.88,15.25,Partially Blocked,Minor,0,1,1,1,Low,0,30.29421,77.950101,5.37,6.5,6.98,1415,P1
UKD-005008,Landslide,Infrastructure Damage,23,14,2,2,4,2,0.47,6.4,Blocked,Minor,0,1,1,1,Low,0,30.154925,78.726426,30.0,5.4,7.05,948,P3
UKD-004025,Landslide,Flooded Road,15,0,0,1,2,1,0.75,9.5,Open,Moderate,1,1,1,0,None,0,30.443188,78.285464,13.4,8.18,15.49,99,P3
UKD-003572,Landslide,Missing Person,13,1,1,2,4,0,0.19,3.86,Open,Minor,1,1,0,1,Moderate,1,30.4643,78.987888,14.36,5.39,10.59,228,P2
UKD-002514,Earthquake,Infrastructure Damage,49,27,6,3,7,7,0.1,2.26,Blocked,Severe,1,0,1,1,Low,1,30.476385,78.283601,11.05,9.18,23.44,503,P2
UKD-004391,Flood,Evacuation Request,3,2,0,0,0,0,0.88,23.7,Partially Blocked,Minor,0,1,0,0,None,0,30.172111,78.903578,6.77,8.87,6.1,3069,P3
UKD-000586,Cloudburst,Evacuation Request,37,14,1,2,2,10,2.37,43.56,Blocked,Severe,1,0,1,1,Low,1,29.503175,79.632899,4.61,2.3,6.91,1549,P1
UKD-001913,Flood,Trapped People,200,83,6,2,4,5,4.39,67.71,Blocked,Severe,0,1,0,1,Moderate,1,30.252085,77.947743,8.72,1.53,3.99,1682,P1
UKD-005378,Flood,Infrastructure Damage,31,1,2,2,6,6,0.79,16.37,Open,Minor,1,1,0,0,None,0,30.240941,78.049713,6.56,1.03,1.55,3536,P3
UKD-004432,Cloudburst,Flooded Road,3,1,0,0,1,0,1.04,18.86,Partially Blocked,Minor,1,1,1,0,None,0,30.408455,77.913833,2.44,1.48,0.8,3588,P3
UKD-004348,Landslide,Trapped People,40,25,1,1,10,2,0.67,9.66,Blocked,Minor,1,0,1,1,Moderate,1,29.489461,79.448026,4.24,2.3,6.61,1724,P3
UKD-003830,Earthquake,Trapped People,24,13,0,0,7,3,0.07,1.43,Partially Blocked,Moderate,0,0,1,0,None,0,29.408558,79.46924,10.04,3.39,5.46,1130,P2
UKD-003480,Cloudburst,Evacuation Request,49,12,2,2,12,8,1.2,23.18,Partially Blocked,None,1,1,1,1,Low,0,28.96544,79.442352,7.62,11.09,2.54,2222,P2
UKD-004578,Earthquake,Damaged House,17,3,0,0,7,1,0.05,0.82,Partially Blocked,Moderate,1,1,1,0,None,0,29.368321,79.580841,12.4,5.18,4.2,1267,P3
UKD-000778,Landslide,Flooded Road,96,25,3,5,15,5,1.12,25.16,Partially Blocked,Severe,0,0,0,1,Critical,1,28.850554,79.592255,2.95,4.36,1.67,3374,P1
UKD-002315,Earthquake,Damaged House,94,61,4,2,5,8,0.16,3.39,Blocked,Moderate,0,1,0,1,Moderate,1,30.432232,78.918695,30.0,13.06,16.34,209,P2
UKD-001019,Landslide,Missing Person,34,18,7,9,10,1,0.86,18.89,Partially Blocked,Severe,0,0,1,1,Moderate,1,30.026697,78.950876,26.08,7.15,4.98,611,P1
UKD-001607,Cloudburst,Flooded Road,82,20,6,2,15,4,2.47,56.32,Blocked,Moderate,0,1,1,1,Critical,1,29.045201,79.658137,9.61,2.28,0.59,1143,P1
UKD-002506,Flood,Flooded Road,154,11,2,1,7,8,3.39,70.44,Partially Blocked,Moderate,1,0,1,1,Low,0,29.878741,78.185172,3.32,0.78,4.5,3368,P2
UKD-002808,Earthquake,Injured Person,8,4,2,0,0,3,0.07,1.93,Partially Blocked,Severe,0,0,1,1,Low,0,29.804477,79.869708,3.79,5.8,22.23,161,P2
UKD-004589,Earthquake,Missing Person,7,0,0,2,0,1,0.06,1.44,Open,Moderate,1,0,1,0,None,0,29.990784,78.053789,2.24,4.1,5.48,2737,P3
UKD-003214,Flood,Waterlogging,29,5,0,0,6,4,2.27,45.53,Blocked,Moderate,0,1,1,0,None,0,29.035618,79.459446,11.39,1.75,0.6,1410,P2
UKD-001492,Landslide,Trapped People,144,66,1,3,5,4,0.77,13.02,Partially Blocked,Minor,0,1,1,1,Critical,1,29.351265,79.705437,2.3,1.07,7.58,454,P1
UKD-004985,Earthquake,Infrastructure Damage,152,48,4,1,7,4,0.13,2.08,Partially Blocked,Severe,0,1,0,0,None,0,29.730044,79.630911,3.73,1.85,15.74,292,P3
UKD-005248,Landslide,Damaged House,25,0,1,0,7,0,0.17,5.21,Open,Minor,1,1,1,0,None,0,30.283463,78.049701,5.14,2.0,0.83,737,P3
UKD-004341,Landslide,Injured Person,3,1,1,0,0,0,0.36,8.64,Partially Blocked,Moderate,1,1,1,1,Low,0,29.471597,79.371408,6.21,1.49,9.08,275,P3
UKD-003661,Earthquake,Flooded Road,41,8,1,3,6,6,0.26,10.01,Blocked,Minor,1,0,1,1,Low,0,30.408783,78.093642,5.9,3.47,8.31,2542,P2
UKD-004488,Landslide,Injured Person,3,0,1,0,1,0,0.39,6.52,Open,Minor,0,1,1,1,Low,0,30.275808,78.595261,7.51,4.43,17.02,181,P3
UKD-002878,Flood,Trapped People,120,81,6,0,13,5,3.51,57.75,Blocked,Severe,0,1,1,1,Low,1,30.412938,77.929495,5.0,2.89,6.24,1456,P2
UKD-001594,Landslide,Evacuation Request,101,64,4,1,10,4,0.61,19.48,Blocked,Moderate,0,0,1,1,Moderate,1,30.183787,78.07862,1.44,1.36,7.68,1073,P1
UKD-000518,Cloudburst,Missing Person,50,25,3,7,8,11,3.44,72.0,Blocked,None,1,1,1,1,Critical,1,30.266123,78.001848,5.45,7.35,8.83,3931,P1
UKD-000322,Flood,Damaged House,81,16,8,1,8,4,3.35,55.69,Open,Severe,1,0,0,1,Critical,1,30.351722,78.029946,3.86,1.97,3.53,2354,P1
UKD-005265,Landslide,Injured Person,12,3,3,0,1,1,0.66,13.54,Partially Blocked,Moderate,1,1,1,1,Low,1,29.475485,79.520344,2.78,6.15,4.24,470,P3
UKD-005636,Flood,Trapped People,3,1,0,0,1,1,0.3,7.2,Partially Blocked,Moderate,1,1,1,0,None,0,29.395892,79.610538,7.77,3.41,3.74,548,P3
UKD-004100,Landslide,Trapped People,45,35,1,3,3,8,0.57,8.03,Blocked,None,0,1,1,1,Moderate,1,30.294345,78.101223,2.7,7.08,1.88,2855,P3
UKD-003690,Flood,Trapped People,9,2,1,0,1,1,1.55,42.62,Open,None,1,1,1,1,Low,0,29.496954,79.489931,10.66,20.0,12.15,1740,P2
UKD-000218,Landslide,Waterlogging,54,8,0,4,9,2,1.02,30.13,Blocked,Minor,0,1,0,1,Low,0,30.317603,78.071472,16.95,5.82,5.15,2342,P1
UKD-002656,Cloudburst,Evacuation Request,18,9,1,1,9,0,1.18,24.01,Open,Minor,0,1,1,1,Low,0,30.30568,79.392362,14.17,4.3,14.27,462,P2
UKD-002389,Earthquake,Infrastructure Damage,77,53,3,3,1,5,0.09,2.17,Blocked,Minor,0,1,1,1,Moderate,0,30.306542,78.013244,5.64,3.82,1.17,1359,P2
UKD-000361,Cloudburst,Flooded Road,50,12,2,4,4,3,3.27,57.63,Partially Blocked,Moderate,0,0,1,1,Moderate,0,30.923368,78.519973,20.95,6.68,8.93,205,P1
UKD-004376,Cloudburst,Evacuation Request,23,14,0,1,5,4,1.9,26.24,Blocked,Minor,0,0,1,1,Low,1,29.644454,79.54705,12.21,6.57,17.06,2314,P3
UKD-003337,Earthquake,Evacuation Request,89,37,4,1,9,4,0.11,1.69,Partially Blocked,Minor,0,1,0,0,None,0,30.275368,77.978826,3.61,6.25,3.37,1586,P2
UKD-003011,Landslide,Infrastructure Damage,6,2,0,1,1,0,0.31,6.56,Blocked,Minor,0,1,1,0,None,0,29.708528,80.289898,10.76,5.32,30.0,124,P2
UKD-002319,Flood,Missing Person,31,13,1,6,4,3,1.77,38.57,Partially Blocked,Minor,0,1,1,1,Low,0,28.900755,79.523161,4.26,1.67,6.31,2363,P2
UKD-001053,Earthquake,Evacuation Request,72,39,6,1,4,5,0.11,1.96,Blocked,Severe,0,1,0,0,None,0,28.899741,79.611514,3.75,5.67,17.59,4842,P1
UKD-005141,Flood,Missing Person,20,3,0,4,1,4,0.54,19.06,Open,None,0,1,1,0,None,0,29.496671,79.667263,3.81,2.38,4.87,1474,P3
UKD-000760,Flood,Trapped People,11,5,0,0,1,4,2.68,61.47,Partially Blocked,Minor,0,0,0,1,Critical,1,29.925037,78.305838,7.33,1.92,13.55,1429,P1
UKD-004668,Flood,Damaged House,23,2,0,0,5,3,1.17,36.32,Open,None,1,1,1,0,None,0,30.205115,78.07266,4.85,1.28,1.37,1386,P3
UKD-005278,Flood,Flooded Road,8,2,0,0,2,1,1.23,23.99,Partially Blocked,None,0,1,1,1,Moderate,1,30.020293,78.800759,12.93,1.84,7.27,388,P3
UKD-005996,Cloudburst,Infrastructure Damage,89,47,3,2,11,9,1.95,40.13,Blocked,Moderate,0,1,0,0,None,0,28.890301,79.501946,2.12,4.85,6.13,3946,P3
UKD-001427,Flood,Missing Person,174,32,3,5,13,12,2.86,50.41,Partially Blocked,Severe,1,0,1,1,Moderate,1,29.349671,80.128488,21.03,20.0,11.29,920,P1
UKD-004408,Landslide,Damaged House,32,1,0,3,8,3,0.25,4.57,Open,None,1,1,0,0,None,0,29.001017,79.472262,2.14,3.93,5.93,416,P3
UKD-003698,Earthquake,Damaged House,102,64,5,2,6,9,0.1,1.96,Blocked,Severe,0,0,1,1,Critical,1,29.035044,79.499267,2.03,6.9,1.86,1545,P2
UKD-000215,Landslide,Injured Person,24,5,12,2,4,1,0.81,12.31,Open,Severe,1,0,1,1,Moderate,1,30.406803,78.440244,2.72,7.23,2.19,379,P1
UKD-001615,Earthquake,Trapped People,28,22,5,2,5,5,0.13,2.69,Blocked,Severe,0,0,1,1,Critical,0,30.358964,78.061523,1.39,3.06,7.47,1219,P1
UKD-004676,Cloudburst,Flooded Road,27,1,2,0,6,4,0.86,18.56,Partially Blocked,Minor,1,1,1,1,Low,1,29.475211,79.37012,3.69,5.91,5.53,812,P3
UKD-001718,Landslide,Infrastructure Damage,127,71,2,5,10,3,0.83,19.68,Blocked,Moderate,0,0,0,1,Moderate,1,29.385561,79.402644,9.93,6.88,18.44,720,P1
UKD-002742,Earthquake,Evacuation Request,16,6,0,0,1,4,0.05,1.58,Partially Blocked,Minor,0,0,1,0,None,0,29.621251,79.630327,10.11,2.98,2.8,1773,P2
UKD-002054,Landslide,Injured Person,38,14,7,1,4,4,0.6,8.49,Partially Blocked,Severe,0,0,0,1,Moderate,0,30.328823,78.970232,2.1,17.72,16.23,91,P2
UKD-002999,Landslide,Infrastructure Damage,13,6,0,0,0,1,0.31,4.73,Partially Blocked,None,0,1,1,0,None,0,29.882542,78.092402,0.72,4.68,2.36,3200,P2
UKD-001984,Landslide,Missing Person,25,12,2,8,2,4,0.56,18.25,Partially Blocked,Minor,0,0,1,1,Critical,1,30.563603,78.484298,8.59,3.54,6.28,68,P1
UKD-001703,Landslide,Infrastructure Damage,51,13,2,2,20,9,0.48,14.76,Open,Minor,1,1,1,1,Moderate,1,29.637948,79.600968,3.16,7.77,14.67,583,P1
UKD-003102,Cloudburst,Flooded Road,88,27,1,1,5,9,2.73,50.85,Blocked,Minor,0,0,1,1,Low,0,30.326055,77.900036,6.6,1.46,2.79,2946,P2
UKD-003035,Earthquake,Trapped People,13,9,2,0,2,3,0.11,1.86,Blocked,Moderate,1,0,1,1,Moderate,1,28.938516,79.415543,11.44,1.86,4.99,4496,P2
UKD-005328,Earthquake,Injured Person,11,0,3,0,5,1,0.03,0.63,Open,Minor,1,1,1,1,Low,1,30.279649,77.949895,3.36,3.37,3.63,4519,P3
UKD-000197,Earthquake,Injured Person,27,19,8,4,6,3,0.13,3.47,Blocked,Severe,0,0,0,1,Low,0,29.813829,77.954079,29.77,2.8,3.16,666,P1
UKD-000726,Earthquake,Trapped People,30,20,5,2,3,5,0.15,2.8,Partially Blocked,Severe,0,0,0,1,Moderate,0,30.185179,78.779056,17.98,0.95,10.22,1038,P1
UKD-003919,Landslide,Infrastructure Damage,106,50,5,1,12,6,0.89,11.5,Partially Blocked,Severe,0,0,1,1,Moderate,1,30.295072,77.987548,1.0,3.0,4.72,1777,P2
UKD-001513,Flood,Flooded Road,78,13,4,1,11,3,4.35,87.51,Open,Moderate,0,1,1,1,Critical,1,29.910366,78.175486,2.43,5.76,14.64,534,P1
UKD-002624,Flood,Trapped People,33,17,1,2,3,3,3.07,43.38,Blocked,Moderate,1,0,0,1,Low,0,29.625122,79.586926,2.43,9.54,16.44,804,P2
UKD-004539,Flood,Waterlogging,27,2,0,1,7,1,2.68,64.53,Open,Moderate,1,0,1,0,None,0,29.375444,79.414339,11.72,2.83,4.5,307,P3
UKD-004696,Flood,Flooded Road,32,1,0,1,9,6,2.41,56.92,Blocked,Minor,1,1,1,0,None,0,30.237916,77.965678,8.74,2.76,3.49,296,P3
UKD-001057,Earthquake,Damaged House,101,25,2,0,10,5,0.11,1.94,Partially Blocked,Moderate,1,0,1,1,Low,0,30.310992,78.975099,17.78,15.34,26.65,187,P1
UKD-004994,Landslide,Evacuation Request,11,0,0,0,6,1,0.1,2.34,Open,Minor,1,1,1,1,Low,1,30.186338,78.062322,7.55,4.81,4.46,1898,P3
UKD-000888,Flood,Damaged House,44,12,2,2,6,3,2.51,39.72,Open,Severe,1,0,1,0,None,0,30.177964,78.758243,2.46,5.83,11.2,232,P1
UKD-002699,Landslide,Flooded Road,73,15,1,1,10,10,0.77,21.51,Blocked,Moderate,1,1,0,1,Moderate,1,30.164704,79.309062,7.07,20.0,11.86,406,P2
UKD-001093,Cloudburst,Damaged House,18,1,0,0,0,1,1.27,15.7,Open,None,1,1,1,0,None,0,30.120378,78.140343,2.2,6.84,0.62,3816,P1
UKD-005098,Flood,Flooded Road,1,0,0,0,0,0,0.96,29.6,Partially Blocked,None,0,1,1,0,None,0,29.643716,80.380338,4.74,4.27,27.95,283,P3
UKD-004126,Landslide,Infrastructure Damage,38,11,1,0,7,7,0.3,5.2,Open,Minor,0,1,1,1,Low,0,30.756013,78.529619,5.54,11.22,4.16,274,P3
UKD-000569,Landslide,Injured Person,8,4,3,0,2,0,0.55,10.94,Blocked,Minor,0,1,0,0,None,0,30.819194,78.450948,18.89,16.02,2.47,577,P1
UKD-000517,Flood,Flooded Road,30,5,4,1,10,1,2.47,58.68,Partially Blocked,Minor,0,1,1,1,Moderate,1,29.675541,79.828136,8.87,9.16,5.12,1120,P1
UKD-003629,Landslide,Infrastructure Damage,39,21,2,0,8,2,0.44,10.35,Blocked,Minor,0,1,1,1,Moderate,0,30.326816,78.691888,11.86,20.0,24.72,360,P2
UKD-004830,Cloudburst,Trapped People,23,13,1,0,5,0,1.54,38.34,Partially Blocked,Minor,1,1,1,1,Low,1,29.371407,79.414028,13.93,3.79,15.68,1276,P3
UKD-002150,Cloudburst,Trapped People,96,65,3,2,9,3,3.17,69.47,Partially Blocked,Moderate,0,1,0,1,Moderate,1,30.389976,78.927276,10.09,8.89,9.67,462,P2
UKD-000140,Flood,Waterlogging,62,17,3,5,14,9,3.88,82.66,Blocked,Severe,0,1,1,1,Critical,1,30.812665,78.360204,6.94,13.29,26.77,141,P1
UKD-005830,Landslide,Infrastructure Damage,14,1,0,0,3,1,0.1,2.81,Open,Moderate,1,1,1,0,None,0,28.931651,79.62268,7.01,1.24,7.47,1959,P3
UKD-005275,Flood,Trapped People,5,1,0,0,1,0,0.45,13.42,Open,None,1,1,1,0,None,0,29.940103,78.124908,3.8,4.42,8.75,1330,P3
UKD-002285,Cloudburst,Injured Person,35,13,7,3,6,2,2.27,50.74,Partially Blocked,Minor,1,1,0,1,Moderate,0,30.027874,78.116407,2.83,1.03,10.37,1641,P2
UKD-005011,Earthquake,Injured Person,26,6,7,2,7,3,0.09,2.09,Partially Blocked,Minor,1,1,0,0,None,0,29.490892,79.491753,9.27,1.79,2.77,250,P3
UKD-001150,Flood,Waterlogging,2,1,0,0,0,0,3.1,61.51,Partially Blocked,Minor,1,0,0,0,None,0,30.038285,78.181068,1.61,2.65,3.93,2041,P1
UKD-004049,Earthquake,Trapped People,37,16,2,0,6,5,0.07,1.81,Partially Blocked,Minor,1,0,1,1,Low,0,29.403548,79.549799,4.46,5.67,4.24,1017,P3
UKD-002499,Landslide,Flooded Road,4,2,0,0,1,1,1.29,21.63,Blocked,None,1,1,1,0,None,0,28.885678,79.524636,0.58,2.49,1.76,721,P2
UKD-002274,Cloudburst,Flooded Road,99,27,7,2,9,10,2.4,60.44,Partially Blocked,Severe,0,0,0,1,Critical,1,30.333979,78.006892,1.4,3.7,3.01,2890,P2
UKD-002527,Flood,Infrastructure Damage,86,48,2,3,10,6,2.93,76.5,Blocked,Moderate,0,1,1,1,Moderate,0,29.461468,79.310569,6.59,7.45,4.8,1085,P2
UKD-000464,Landslide,Damaged House,69,50,7,2,5,14,0.8,13.24,Blocked,Severe,0,0,0,1,Low,1,29.488445,79.569033,3.64,3.62,6.93,609,P1
UKD-003308,Flood,Waterlogging,44,3,0,3,5,7,3.58,67.8,Partially Blocked,Minor,1,1,1,0,None,0,30.483146,78.52737,30.0,7.43,19.46,300,P2
UKD-003133,Flood,Infrastructure Damage,20,1,1,0,4,3,0.75,22.36,Open,None,1,1,1,1,Low,0,29.508011,79.34268,9.89,1.57,7.66,460,P2
UKD-004986,Earthquake,Evacuation Request,32,4,0,2,3,8,0.07,1.06,Partially Blocked,Minor,1,1,1,0,None,0,30.299257,78.030079,9.22,4.14,5.33,2947,P3
UKD-000595,Flood,Injured Person,50,22,9,0,8,10,3.16,81.24,Blocked,Moderate,1,1,1,1,Moderate,1,28.948993,79.663009,2.28,5.49,2.86,4434,P1
UKD-003081,Cloudburst,Flooded Road,13,2,0,1,1,1,1.9,41.64,Blocked,None,0,1,0,0,None,0,29.981226,78.068685,14.92,12.86,9.15,4608,P2
UKD-001808,Landslide,Damaged House,20,9,4,0,6,1,0.6,11.99,Blocked,Severe,1,1,1,1,Moderate,1,30.067756,78.657895,15.07,12.12,11.24,2485,P1
UKD-005137,Flood,Flooded Road,26,6,1,1,4,0,2.02,33.87,Partially Blocked,None,0,1,1,1,Low,0,28.924154,79.410558,5.55,3.43,1.12,1346,P3
UKD-000451,Earthquake,Trapped People,55,44,1,3,16,8,0.1,2.14,Blocked,Moderate,0,1,0,1,Moderate,0,30.124674,78.845613,5.14,10.17,10.01,742,P1
UKD-003044,Earthquake,Damaged House,17,0,2,0,1,2,0.05,0.79,Open,Minor,1,1,0,1,Low,1,30.301185,79.26104,8.16,12.53,24.82,340,P2
UKD-005827,Flood,Waterlogging,7,1,0,0,2,1,1.13,33.1,Open,Moderate,1,1,1,0,None,0,30.268427,77.907168,7.03,1.89,8.49,1702,P3
UKD-000519,Earthquake,Trapped People,54,16,5,4,8,1,0.11,2.17,Open,Moderate,1,1,0,1,Critical,1,30.324364,78.024536,1.34,0.99,1.5,2655,P1
UKD-002523,Landslide,Damaged House,8,4,0,0,1,0,0.41,7.23,Blocked,None,1,0,1,0,None,0,28.905936,79.464571,8.52,6.62,11.16,2708,P2
UKD-000313,Landslide,Evacuation Request,104,33,4,4,11,8,0.6,14.61,Open,Severe,0,0,0,1,Moderate,1,30.358042,78.012259,1.51,1.26,2.3,4774,P1
UKD-005888,Landslide,Infrastructure Damage,3,0,0,0,0,0,0.12,2.58,Open,None,1,1,1,0,None,0,29.698057,80.16569,7.26,5.86,17.8,339,P3
UKD-004484,Cloudburst,Missing Person,23,13,2,6,8,2,2.89,49.66,Partially Blocked,Minor,0,0,0,1,Low,0,28.996979,79.505069,12.51,2.76,4.59,655,P3
UKD-002648,Flood,Injured Person,31,17,8,3,9,5,3.46,83.79,Partially Blocked,Moderate,0,0,0,1,Critical,1,28.855267,79.551431,3.25,1.27,2.48,1119,P2
UKD-003438,Flood,Waterlogging,110,8,1,0,13,8,2.97,51.68,Open,None,1,0,1,0,None,0,30.240402,78.830665,9.13,1.72,3.73,996,P2
UKD-001175,Cloudburst,Evacuation Request,190,46,2,5,7,4,2.87,53.7,Partially Blocked,Moderate,0,0,1,1,Moderate,1,29.522711,80.120803,5.35,8.1,4.12,121,P1
UKD-003533,Flood,Damaged House,18,8,3,0,3,0,1.5,45.74,Blocked,Moderate,1,1,0,1,Low,0,30.344102,77.935383,2.83,4.7,2.82,5411,P2
UKD-000452,Landslide,Missing Person,21,6,1,3,6,3,0.37,7.53,Blocked,Minor,1,1,1,0,None,0,30.772391,78.262316,20.43,20.0,19.52,229,P1
UKD-005038,Earthquake,Missing Person,9,3,0,1,1,2,0.03,0.49,Partially Blocked,Moderate,0,1,1,0,None,0,29.983584,78.26499,2.71,2.87,6.13,4351,P3
UKD-003425,Flood,Flooded Road,58,16,1,2,11,8,3.27,65.4,Blocked,Minor,0,1,1,0,None,0,29.550102,80.504736,14.96,7.11,12.06,316,P2
UKD-001113,Cloudburst,Trapped People,150,66,3,5,14,5,3.76,66.19,Blocked,Moderate,1,1,0,1,Moderate,1,29.05877,79.473899,5.49,2.91,9.24,549,P1
UKD-004845,Landslide,Infrastructure Damage,32,10,2,2,3,1,0.51,8.12,Partially Blocked,Moderate,1,1,1,0,None,0,29.897126,78.217666,6.86,0.24,6.2,1804,P3
UKD-001579,Cloudburst,Flooded Road,62,13,3,5,8,3,3.46,63.64,Blocked,Minor,1,0,0,1,Moderate,1,29.975689,78.233405,3.72,7.58,6.96,1488,P1
UKD-000891,Cloudburst,Missing Person,90,58,1,7,16,6,4.0,61.98,Blocked,Moderate,0,0,0,1,Moderate,1,30.266888,79.052673,30.0,16.3,6.28,487,P1
UKD-001616,Flood,Trapped People,153,60,2,3,12,1,5.0,100.0,Partially Blocked,Moderate,1,1,1,1,Moderate,0,30.362302,77.989947,5.06,0.73,5.84,1390,P1
UKD-004349,Cloudburst,Infrastructure Damage,13,11,1,0,3,1,1.98,41.77,Blocked,Minor,0,0,0,1,Low,0,30.323179,77.954523,5.29,2.77,4.52,354,P3
UKD-003980,Cloudburst,Flooded Road,28,1,1,0,5,2,1.3,30.28,Partially Blocked,None,1,1,1,1,Moderate,1,28.972858,79.542761,0.5,3.44,7.45,1270,P2
UKD-005681,Flood,Waterlogging,33,2,0,2,5,7,1.66,42.56,Open,None,0,1,0,0,None,0,30.28623,78.03118,4.58,2.2,5.19,1006,P3
UKD-005840,Earthquake,Evacuation Request,12,0,0,0,3,3,0.04,0.58,Open,Minor,1,1,1,0,None,0,29.893774,78.09914,3.03,8.21,5.04,2466,P3
UKD-002926,Flood,Evacuation Request,37,13,2,2,8,4,2.61,55.99,Partially Blocked,None,0,0,1,1,Moderate,1,30.138137,78.911626,2.96,3.78,6.47,398,P2
UKD-001264,Landslide,Evacuation Request,71,53,4,0,8,10,0.71,15.25,Blocked,Severe,0,0,1,1,Moderate,1,30.713794,78.289873,13.32,13.2,6.7,310,P1
UKD-005616,Flood,Waterlogging,22,6,0,1,6,1,2.55,48.0,Partially Blocked,Minor,0,1,1,1,Moderate,1,29.924389,78.240951,3.93,1.77,3.44,1880,P3
UKD-001000,Landslide,Trapped People,23,14,7,1,1,4,0.88,20.6,Blocked,Severe,1,0,1,1,Critical,1,30.09592,78.972272,12.32,8.21,8.16,252,P1
UKD-003762,Earthquake,Evacuation Request,150,22,0,0,12,10,0.08,1.49,Open,Minor,0,0,1,0,None,0,30.204772,78.105237,12.24,2.6,7.26,2067,P2
UKD-001360,Landslide,Missing Person,74,26,4,10,16,12,0.83,11.0,Open,Severe,0,1,0,1,Moderate,0,29.460696,79.333448,6.06,6.72,6.66,539,P1
UKD-005995,Cloudburst,Trapped People,72,56,2,0,20,4,2.07,37.92,Blocked,Moderate,0,1,1,0,None,0,30.26255,78.925182,13.88,17.36,5.91,158,P3
UKD-001477,Flood,Flooded Road,18,8,3,1,7,2,3.8,62.82,Blocked,Severe,0,0,1,1,Low,0,29.996723,78.128447,0.81,7.66,2.58,508,P1
UKD-000193,Landslide,Injured Person,83,60,11,3,11,3,0.79,12.84,Blocked,Severe,0,0,0,1,Moderate,1,30.753185,78.37378,18.59,20.0,17.13,69,P1
UKD-004693,Earthquake,Damaged House,33,13,0,1,7,6,0.05,1.19,Open,Moderate,0,1,0,1,Critical,1,29.281297,80.110177,10.85,5.59,5.18,413,P3
UKD-005399,Flood,Waterlogging,12,1,0,1,4,1,2.83,59.99,Open,Minor,1,0,1,0,None,0,29.884473,78.199228,3.31,2.25,8.3,2242,P3
UKD-002793,Landslide,Trapped People,200,87,5,1,16,4,0.74,13.25,Blocked,Severe,0,0,0,1,Critical,1,30.120117,78.082642,5.58,1.44,7.51,4472,P2
UKD-005002,Flood,Waterlogging,24,4,2,0,0,2,2.03,27.67,Open,None,1,1,1,1,Moderate,0,30.221821,78.772179,8.25,5.92,3.95,614,P3
UKD-002408,Landslide,Infrastructure Damage,9,5,2,2,2,1,0.61,15.18,Blocked,Severe,1,0,1,1,Low,1,30.255852,78.032093,5.95,3.21,4.64,2798,P2
UKD-005058,Landslide,Waterlogging,27,8,0,1,5,2,1.15,15.36,Blocked,Moderate,0,1,1,1,Low,1,30.401939,78.055928,3.71,2.46,2.75,4708,P3
UKD-001875,Earthquake,Infrastructure Damage,95,62,1,1,9,4,0.1,2.13,Blocked,Severe,0,1,1,1,Low,0,29.517697,79.403246,11.62,12.45,6.29,552,P1
UKD-005301,Landslide,Infrastructure Damage,16,5,0,0,4,0,0.6,10.84,Partially Blocked,Severe,1,0,1,0,None,0,30.72304,78.484118,6.87,3.93,18.69,205,P3
UKD-001339,Cloudburst,Evacuation Request,64,18,1,4,3,4,1.97,39.02,Partially Blocked,Moderate,1,1,1,1,Low,1,30.363776,79.605808,23.71,7.3,6.64,291,P1
UKD-003478,Flood,Evacuation Request,200,58,2,2,18,3,3.18,49.88,Blocked,Minor,0,0,0,1,Low,0,29.988035,78.108838,3.63,3.14,3.26,3387,P2
UKD-004843,Landslide,Infrastructure Damage,21,8,3,1,2,3,0.32,3.99,Partially Blocked,Minor,0,1,1,1,Low,0,29.782617,79.727348,13.02,20.0,13.47,188,P3
UKD-003872,Landslide,Infrastructure Damage,55,20,0,2,7,9,0.42,11.09,Blocked,Moderate,1,1,1,1,Low,0,29.424055,80.248704,19.82,6.15,8.51,332,P2
UKD-002806,Flood,Evacuation Request,17,9,1,0,3,0,1.4,25.13,Open,Minor,0,1,1,1,Moderate,0,29.873864,78.229659,5.81,1.46,6.3,1046,P2
UKD-005900,Cloudburst,Waterlogging,49,5,3,1,5,9,2.79,44.94,Partially Blocked,Moderate,1,0,0,1,Low,0,30.717055,78.430573,24.52,5.25,24.47,226,P3
UKD-001294,Cloudburst,Flooded Road,200,11,4,2,15,3,2.34,71.32,Open,Minor,1,1,0,1,Critical,1,30.372022,77.986971,1.97,3.17,3.64,2642,P1
UKD-005286,Flood,Flooded Road,19,7,0,0,6,3,2.79,42.16,Blocked,Moderate,0,1,1,1,Low,0,28.921391,79.455832,2.12,2.67,1.95,4957,P3
UKD-004513,Flood,Trapped People,18,3,1,0,1,1,1.0,19.54,Open,Minor,1,1,1,1,Low,0,30.34753,77.977937,3.79,2.69,1.76,2164,P3
UKD-005618,Landslide,Infrastructure Damage,200,37,2,3,7,5,0.62,17.87,Open,Moderate,0,0,1,1,Low,0,30.306402,78.066443,6.23,4.03,1.84,972,P3
UKD-003520,Flood,Flooded Road,83,26,1,1,9,10,2.79,49.98,Blocked,Minor,0,1,1,1,Moderate,0,28.981535,79.547878,7.13,4.9,4.76,1858,P2
UKD-002665,Landslide,Damaged House,27,14,4,0,4,2,0.48,8.93,Blocked,Severe,0,1,0,1,Moderate,1,30.355028,78.923175,26.95,8.36,20.48,387,P2
UKD-001908,Cloudburst,Missing Person,58,35,4,12,8,8,2.13,65.32,Blocked,Severe,0,0,1,1,Moderate,0,30.290688,78.037262,10.75,2.18,7.64,938,P1
UKD-003759,Earthquake,Missing Person,65,9,3,5,10,3,0.13,1.51,Open,Minor,1,1,1,1,Moderate,1,29.941228,78.204029,1.2,4.94,3.3,458,P2
UKD-004154,Earthquake,Injured Person,29,6,7,0,8,2,0.07,1.94,Open,Minor,1,1,1,1,Critical,1,29.950129,78.120217,0.5,2.63,2.01,2950,P3
UKD-000369,Landslide,Infrastructure Damage,6,2,0,1,1,2,0.24,4.64,Partially Blocked,Minor,1,1,0,0,None,0,30.460014,79.594202,6.35,18.7,4.96,329,P1
UKD-001938,Landslide,Trapped People,48,29,2,1,9,9,0.91,15.7,Partially Blocked,Minor,1,1,1,1,Moderate,0,30.453102,79.10316,9.31,6.0,11.42,166,P1
UKD-003574,Landslide,Trapped People,26,17,0,0,3,2,0.41,13.21,Partially Blocked,None,0,1,1,0,None,0,30.082178,78.862811,10.11,6.23,8.23,255,P2
UKD-001152,Flood,Evacuation Request,60,9,0,0,9,10,2.56,42.58,Open,Minor,1,1,1,1,Low,0,29.959941,78.129603,5.66,4.56,2.3,3336,P1
UKD-004922,Earthquake,Missing Person,44,14,1,8,10,3,0.07,1.76,Partially Blocked,Moderate,0,1,0,1,Low,0,30.298654,78.934474,6.95,6.74,20.64,724,P3
UKD-004013,Flood,Waterlogging,66,10,2,1,11,4,3.09,53.99,Blocked,None,1,0,1,1,Low,1,30.183898,78.983809,4.25,8.43,5.0,100,P3
UKD-002352,Landslide,Infrastructure Damage,160,65,1,1,16,7,0.92,17.74,Blocked,Moderate,0,1,1,1,Critical,1,30.283469,77.909588,4.43,4.65,2.2,893,P2
UKD-004052,Cloudburst,Evacuation Request,8,0,0,0,1,1,0.37,9.25,Open,None,1,1,1,0,None,0,30.393056,78.020102,3.55,3.77,1.29,1725,P3
UKD-005661,Earthquake,Missing Person,10,2,0,2,3,0,0.04,0.99,Open,Moderate,1,1,1,1,Moderate,0,30.302725,78.003811,4.19,3.09,13.13,3578,P3
UKD-003556,Flood,Waterlogging,13,1,1,0,3,2,2.13,44.43,Partially Blocked,Minor,1,1,1,1,Low,0,29.80411,78.187724,3.22,2.51,16.67,1115,P2
UKD-001873,Earthquake,Injured Person,24,19,6,2,5,2,0.13,3.5,Blocked,Severe,0,0,0,1,Critical,1,29.407623,79.477217,26.69,4.28,6.57,517,P1
UKD-005903,Earthquake,Injured Person,9,0,4,0,0,4,0.06,0.97,Open,Minor,1,1,0,1,Low,0,30.613938,78.572838,8.29,2.84,6.36,181,P3
UKD-000192,Landslide,Evacuation Request,200,70,2,6,8,8,0.78,13.87,Blocked,Moderate,0,0,1,1,Critical,1,29.369032,79.477894,0.5,7.53,15.5,1690,P1
UKD-002441,Earthquake,Damaged House,30,6,3,1,8,4,0.09,2.11,Partially Blocked,Severe,1,0,1,0,None,0,29.003896,79.541397,6.46,1.72,2.01,1844,P2
UKD-000109,Earthquake,Trapped People,44,29,0,5,9,7,0.1,2.57,Partially Blocked,Minor,0,0,0,0,None,0,30.330804,78.048028,11.33,3.58,2.61,1710,P1
UKD-000175,Landslide,Damaged House,34,10,5,2,7,6,0.55,12.72,Open,Severe,0,0,1,1,Critical,1,30.256083,78.855342,4.7,2.49,4.92,637,P1
UKD-003170,Flood,Flooded Road,15,1,1,1,1,5,2.18,35.65,Partially Blocked,None,1,1,0,1,Moderate,1,30.298565,77.912598,4.14,0.89,11.63,1213,P2
UKD-003353,Earthquake,Injured Person,24,5,6,0,7,3,0.09,1.97,Open,Moderate,1,1,0,1,Critical,1,30.170931,78.817075,6.35,4.15,2.03,263,P2
UKD-003835,Landslide,Trapped People,57,42,2,0,9,7,0.6,11.91,Blocked,Severe,0,1,1,1,Low,0,30.200271,78.861791,6.75,3.91,15.22,98,P2
UKD-001599,Landslide,Trapped People,31,24,2,1,8,3,0.43,13.9,Blocked,Severe,0,1,1,1,Critical,1,29.709977,80.226243,21.76,5.96,10.14,609,P1
UKD-001361,Flood,Injured Person,16,5,2,0,0,1,3.1,77.65,Blocked,Minor,1,0,1,1,Critical,1,28.922922,79.484055,5.24,1.55,2.81,3310,P1
UKD-002104,Earthquake,Trapped People,54,18,2,2,10,5,0.08,1.27,Open,Minor,1,0,1,1,Low,0,30.439397,78.033855,0.5,3.69,1.42,4083,P2
UKD-005220,Flood,Flooded Road,10,0,2,2,4,0,3.57,71.1,Partially Blocked,Moderate,1,1,1,1,Low,0,29.903183,78.190881,17.79,2.45,3.98,1153,P3
UKD-005841,Cloudburst,Trapped People,1,1,0,0,1,0,0.31,6.69,Open,None,1,1,1,0,None,0,30.452978,78.458357,8.85,12.67,15.08,270,P3
UKD-005044,Landslide,Infrastructure Damage,10,1,0,0,6,1,0.18,3.79,Open,Minor,1,0,1,0,None,0,30.250681,78.435739,11.91,7.4,5.29,429,P3
UKD-003581,Flood,Injured Person,72,45,7,1,4,6,3.83,57.85,Blocked,Severe,0,1,1,1,Critical,1,30.826875,78.414942,24.66,9.73,23.42,339,P2
UKD-001165,Flood,Trapped People,73,64,2,1,6,5,2.94,67.62,Blocked,Severe,0,0,1,1,Low,0,29.96753,78.022798,3.62,3.61,6.55,2206,P1
UKD-003679,Landslide,Damaged House,24,17,3,0,3,3,0.65,13.73,Blocked,Moderate,0,1,0,1,Critical,1,30.294832,78.545224,5.99,6.32,9.77,138,P2
UKD-005285,Flood,Injured Person,26,15,3,4,3,8,2.54,47.59,Blocked,None,0,0,0,0,None,0,30.275892,77.911525,1.42,0.78,4.35,645,P3
UKD-001662,Flood,Trapped People,58,47,3,3,14,6,4.07,88.94,Blocked,Moderate,0,1,1,1,Critical,1,29.541997,79.644997,13.03,8.57,12.36,662,P1
UKD-000509,Earthquake,Infrastructure Damage,64,36,4,3,8,3,0.16,3.91,Blocked,Severe,0,1,1,1,Low,1,29.327472,79.438163,14.03,8.55,4.76,2293,P1
UKD-000167,Cloudburst,Damaged House,37,12,4,2,10,1,1.39,27.52,Open,Moderate,0,0,1,0,None,0,29.403361,79.383942,6.32,6.14,13.74,210,P1
UKD-002788,Flood,Damaged House,48,11,1,4,7,5,3.09,52.39,Open,None,1,1,1,0,None,0,30.336967,78.032972,1.84,0.96,2.25,804,P2
UKD-005522,Cloudburst,Flooded Road,200,21,1,3,13,8,2.91,62.77,Blocked,Minor,0,1,0,1,Low,1,30.450237,78.589434,5.23,10.61,9.38,512,P3
UKD-002255,Landslide,Damaged House,10,2,3,1,5,1,0.46,8.19,Partially Blocked,Severe,1,1,0,1,Low,0,30.262385,77.92452,6.04,3.3,2.29,2382,P2
UKD-003962,Flood,Missing Person,200,63,8,13,10,10,3.61,77.19,Blocked,Severe,0,0,0,1,Critical,1,29.896746,78.154078,3.4,4.15,16.0,3069,P2
UKD-000104,Landslide,Trapped People,143,84,0,5,4,6,0.75,15.9,Blocked,Moderate,0,1,0,1,Low,0,30.611284,78.41748,2.31,8.45,28.65,198,P1
UKD-002413,Flood,Infrastructure Damage,33,1,1,0,2,2,1.89,35.12,Partially Blocked,Minor,1,1,1,1,Moderate,0,30.250611,77.928393,3.92,6.7,3.33,1273,P2
UKD-004926,Cloudburst,Flooded Road,30,9,1,2,6,4,2.6,49.87,Blocked,Moderate,0,0,1,1,Moderate,0,29.519666,79.685151,9.35,4.52,10.24,1215,P3
UKD-004882,Flood,Flooded Road,6,2,0,0,0,0,1.65,24.46,Partially Blocked,Minor,1,1,0,0,None,0,29.947704,78.149977,17.57,2.32,13.03,937,P3
UKD-001753,Flood,Injured Person,32,13,10,0,5,10,2.3,35.99,Partially Blocked,Minor,0,1,1,1,Critical,1,28.916228,79.555513,2.61,2.35,1.22,2094,P1
UKD-005355,Cloudburst,Waterlogging,20,1,0,0,7,1,2.57,42.28,Partially Blocked,Minor,1,1,1,0,None,0,30.385036,79.529522,9.31,3.8,25.78,100,P3
UKD-005104,Cloudburst,Flooded Road,32,0,0,0,10,0,1.48,31.59,Open,None,1,1,1,0,None,0,28.957294,79.571769,1.96,1.76,3.56,1455,P3
UKD-001659,Landslide,Infrastructure Damage,25,11,0,1,5,5,0.83,15.4,Partially Blocked,Moderate,0,1,0,0,None,0,29.373541,79.463101,4.14,5.53,2.98,681,P1
UKD-000153,Flood,Trapped People,180,73,6,2,6,4,4.11,61.93,Partially Blocked,Moderate,0,0,1,1,Critical,1,30.036205,78.693208,5.58,13.64,21.95,314,P1
UKD-002587,Cloudburst,Trapped People,9,9,0,0,3,1,1.03,20.53,Partially Blocked,None,0,1,1,0,None,0,29.84543,79.70014,30.0,15.23,13.28,424,P2
UKD-001584,Earthquake,Trapped People,200,84,2,1,20,10,0.14,3.42,Blocked,Moderate,0,1,0,1,Critical,1,30.314384,78.040923,3.78,2.14,3.19,649,P1
UKD-002178,Earthquake,Injured Person,68,30,8,1,10,7,0.19,2.91,Blocked,Severe,1,0,1,1,Critical,1,29.872505,79.821593,10.57,14.5,15.4,734,P2
UKD-005970,Cloudburst,Injured Person,7,3,2,0,3,0,1.33,32.67,Blocked,Minor,0,0,1,1,Moderate,1,29.898597,79.527423,5.62,14.46,25.04,169,P3
UKD-004890,Flood,Damaged House,34,23,5,2,12,2,2.34,65.78,Blocked,Moderate,0,0,1,1,Critical,1,30.347345,79.32677,28.4,5.04,7.97,331,P3
UKD-002115,Flood,Infrastructure Damage,49,29,4,4,6,8,4.53,71.2,Blocked,Minor,0,0,0,1,Low,1,29.089402,79.507365,6.07,0.51,2.62,4932,P2
UKD-002647,Flood,Evacuation Request,33,18,1,3,6,4,3.09,77.72,Partially Blocked,Minor,0,0,0,1,Critical,1,29.765934,80.316009,16.63,8.61,19.35,292,P2
UKD-001823,Earthquake,Infrastructure Damage,23,18,1,0,5,2,0.09,2.74,Blocked,Moderate,0,0,1,0,None,0,30.304062,78.075568,1.98,1.97,14.33,10000,P1
UKD-005070,Flood,Trapped People,78,25,0,0,5,8,1.75,27.26,Partially Blocked,Minor,1,1,1,1,Low,1,30.399413,79.236887,10.28,15.35,4.98,383,P3
UKD-003127,Landslide,Evacuation Request,51,9,1,2,4,5,0.29,6.3,Partially Blocked,None,1,1,0,1,Moderate,1,29.37478,79.612295,11.32,1.24,4.78,1884,P2
UKD-000310,Cloudburst,Damaged House,66,25,2,1,11,0,1.93,43.92,Blocked,None,1,1,1,1,Critical,1,29.508807,79.729908,9.01,4.19,19.51,627,P1
UKD-005792,Flood,Evacuation Request,33,1,1,1,8,5,1.13,17.2,Open,Minor,1,1,1,1,Low,0,30.357885,78.085417,1.37,1.46,4.83,2469,P3
UKD-002432,Earthquake,Damaged House,5,0,1,1,1,0,0.03,1.08,Open,Minor,1,1,0,0,None,0,30.286203,78.976631,14.3,4.87,11.33,124,P2
UKD-002571,Earthquake,Infrastructure Damage,98,43,1,0,12,7,0.09,2.63,Partially Blocked,Moderate,0,1,1,1,Low,1,29.410301,79.425714,8.26,2.78,9.77,886,P2
UKD-000496,Flood,Waterlogging,15,1,2,0,5,2,3.0,54.08,Open,Moderate,1,1,1,1,Critical,1,29.878233,78.272255,8.77,2.5,3.04,3175,P1
UKD-000206,Landslide,Missing Person,71,24,1,6,16,4,0.33,6.8,Open,None,0,1,1,0,None,0,30.330081,77.901713,4.31,3.67,4.94,1920,P1
UKD-001435,Flood,Waterlogging,41,5,5,0,11,4,2.79,44.02,Partially Blocked,Severe,1,0,1,1,Critical,1,30.20898,78.153568,1.41,0.62,4.64,1425,P1
UKD-001136,Landslide,Infrastructure Damage,50,35,10,1,14,9,1.04,12.63,Blocked,Severe,0,0,0,1,Low,0,30.247433,79.137703,5.36,15.26,22.37,274,P1
UKD-000869,Flood,Damaged House,16,2,1,1,4,1,1.63,33.81,Open,Moderate,1,1,0,0,None,0,29.433798,79.44756,23.28,8.81,8.92,255,P1
UKD-000306,Flood,Trapped People,37,22,2,1,4,5,1.8,33.76,Partially Blocked,Minor,0,0,1,1,Moderate,1,30.2929,77.906531,2.69,0.47,7.06,1539,P1
UKD-001850,Earthquake,Trapped People,51,36,2,3,9,4,0.11,3.3,Partially Blocked,Severe,0,0,0,1,Moderate,1,29.444091,80.225231,22.91,4.22,10.44,180,P1
UKD-002237,Flood,Flooded Road,126,30,1,3,17,5,3.85,63.51,Blocked,None,0,0,1,1,Moderate,0,30.057489,78.809915,22.85,8.43,12.43,283,P2
UKD-001989,Flood,Missing Person,103,62,5,12,13,14,4.55,92.92,Blocked,Minor,0,0,1,1,Low,0,29.47948,79.488414,6.34,13.02,8.43,648,P1
UKD-005968,Earthquake,Evacuation Request,11,1,0,0,1,0,0.03,0.51,Open,Minor,1,1,1,0,None,0,30.240959,78.846568,3.68,5.61,20.88,65,P3
UKD-001535,Landslide,Damaged House,41,25,1,3,12,2,0.66,10.94,Blocked,Minor,0,0,0,1,Moderate,0,28.93921,79.622337,3.27,2.77,5.25,934,P1
UKD-000844,Cloudburst,Waterlogging,43,10,4,1,9,7,2.96,60.01,Blocked,Minor,0,0,1,1,Low,0,30.269796,78.137941,5.23,3.42,1.26,3997,P1
UKD-001988,Cloudburst,Flooded Road,169,34,4,3,3,8,3.2,69.69,Blocked,Severe,0,1,0,1,Moderate,1,30.373119,78.034494,8.03,5.52,3.19,719,P1
UKD-005596,Flood,Waterlogging,3,0,0,1,1,1,1.78,28.81,Open,None,1,0,0,0,None,0,30.038304,78.182538,4.96,1.54,2.62,1081,P3
UKD-003842,Landslide,Injured Person,60,38,8,1,9,7,0.64,10.28,Blocked,Severe,0,1,1,1,Moderate,1,29.699961,79.567436,8.86,14.24,13.41,552,P2
UKD-002537,Landslide,Flooded Road,31,3,4,2,13,1,0.85,17.75,Partially Blocked,Severe,0,0,0,1,Moderate,1,30.055651,78.776642,6.25,9.43,22.52,804,P2
UKD-005281,Landslide,Waterlogging,6,1,2,1,0,2,0.62,14.35,Partially Blocked,Minor,1,1,1,0,None,0,30.202453,78.910788,16.88,2.67,14.28,195,P3
UKD-001539,Cloudburst,Injured Person,112,62,9,2,9,7,1.95,54.99,Blocked,Moderate,0,1,0,1,Moderate,0,29.867341,78.16171,15.8,4.24,8.38,633,P1
UKD-000212,Landslide,Missing Person,61,34,5,5,4,5,0.88,18.91,Partially Blocked,Moderate,0,0,1,1,Critical,1,30.309678,78.049561,2.23,3.53,4.63,1894,P1
UKD-001958,Earthquake,Injured Person,54,39,9,7,8,7,0.2,3.87,Blocked,Moderate,0,1,0,1,Critical,1,28.934285,79.591,4.51,4.37,2.11,1255,P1
UKD-003722,Flood,Flooded Road,18,2,1,1,6,1,1.39,37.73,Partially Blocked,Minor,0,1,0,1,Low,0,30.299137,78.004223,1.6,3.12,6.38,5591,P2
UKD-004705,Landslide,Waterlogging,10,1,0,0,2,1,1.08,24.27,Partially Blocked,Minor,1,0,1,0,None,0,29.858033,78.128214,2.48,4.97,15.51,1674,P3
UKD-002708,Flood,Flooded Road,42,5,0,1,4,10,2.84,64.47,Partially Blocked,None,0,1,1,0,None,0,30.036016,78.079543,0.95,5.73,1.02,690,P2
UKD-001350,Flood,Infrastructure Damage,113,37,2,0,4,6,2.98,45.57,Blocked,Minor,1,0,1,1,Low,0,30.167843,78.877612,19.1,6.38,8.97,1226,P1
UKD-004309,Flood,Trapped People,93,29,2,1,10,2,2.16,44.39,Partially Blocked,Minor,1,1,0,0,None,0,29.964357,78.13076,3.32,3.8,0.75,434,P3
UKD-004588,Flood,Flooded Road,17,1,1,0,1,5,1.04,29.4,Partially Blocked,None,1,1,1,1,Low,0,29.367941,79.535937,8.87,1.36,5.51,2847,P3
UKD-000681,Landslide,Damaged House,136,33,6,1,5,6,0.72,16.09,Partially Blocked,Severe,1,0,1,1,Critical,1,30.403748,78.419641,17.71,15.73,6.66,64,P1
UKD-000181,Earthquake,Trapped People,68,51,5,2,14,9,0.16,3.05,Partially Blocked,Severe,0,0,1,1,Critical,1,29.899389,78.267649,9.2,10.12,4.27,2472,P1
UKD-003758,Flood,Waterlogging,54,7,0,4,9,7,3.65,73.35,Open,Moderate,0,1,0,0,None,0,29.973226,78.18424,2.69,1.33,6.02,3716,P2
UKD-002227,Flood,Infrastructure Damage,13,4,1,1,6,0,1.86,37.81,Blocked,None,1,1,0,0,None,0,29.916655,78.200413,4.48,1.71,10.21,1156,P2
UKD-003291,Flood,Trapped People,15,8,0,2,4,1,1.48,22.2,Partially Blocked,None,0,1,1,0,None,0,28.991324,79.533914,4.05,1.63,0.5,1127,P2
UKD-000279,Cloudburst,Missing Person,45,33,5,8,4,6,2.67,42.16,Blocked,Moderate,0,0,0,1,Moderate,0,30.330703,78.121993,3.61,9.22,1.48,3542,P1
UKD-000290,Flood,Waterlogging,44,6,4,2,11,11,2.97,69.59,Open,Severe,0,0,1,1,Critical,1,29.054477,79.497491,1.34,3.49,1.95,1396,P1
UKD-004729,Flood,Infrastructure Damage,4,1,0,0,1,0,0.45,6.99,Blocked,Minor,1,1,1,0,None,0,30.241539,78.064057,2.2,0.55,3.66,1119,P3
UKD-000994,Flood,Trapped People,33,18,2,6,7,3,2.08,46.74,Open,Minor,0,1,0,1,Low,0,30.226119,78.744165,8.18,1.07,10.4,899,P1
UKD-005091,Earthquake,Flooded Road,26,1,3,0,6,3,0.24,16.1,Partially Blocked,Minor,1,1,1,1,Low,0,29.418254,79.447982,5.51,3.5,13.63,1528,P3
UKD-005039,Flood,Flooded Road,25,6,1,0,8,3,1.89,42.18,Blocked,None,1,1,1,0,None,0,30.275325,78.531874,10.74,6.28,8.75,128,P3
UKD-004713,Landslide,Infrastructure Damage,88,53,1,2,12,3,0.46,5.7,Blocked,None,0,1,0,1,Low,1,29.958125,78.116251,4.13,5.87,5.41,2013,P3
UKD-004807,Flood,Injured Person,11,1,2,0,3,1,0.82,19.04,Open,None,1,1,1,1,Low,0,30.147265,78.804601,9.44,7.32,10.1,1162,P3
UKD-000271,Flood,Infrastructure Damage,80,57,2,6,12,4,4.52,85.62,Blocked,Minor,0,0,0,1,Moderate,1,29.081722,79.366709,2.14,2.08,0.95,1965,P1
UKD-002305,Cloudburst,Waterlogging,10,0,0,0,3,1,1.21,39.59,Open,None,1,0,1,1,Critical,1,30.412587,79.035801,8.04,6.34,3.69,126,P2
UKD-004896,Landslide,Damaged House,90,23,2,2,8,2,0.53,11.58,Partially Blocked,Moderate,1,1,0,1,Low,0,30.070375,78.282549,5.74,1.32,10.96,1596,P3
UKD-005833,Flood,Damaged House,19,0,1,0,1,5,0.55,17.33,Open,None,1,1,1,1,Low,1,29.031887,79.530842,10.03,2.05,2.59,4375,P3
UKD-005806,Flood,Flooded Road,51,19,2,1,7,2,3.17,61.92,Blocked,Minor,0,1,1,1,Low,0,29.872824,78.197718,2.27,15.28,5.27,1905,P3
UKD-000112,Earthquake,Damaged House,29,10,2,0,5,8,0.09,1.74,Partially Blocked,Severe,0,1,1,1,Low,0,28.921777,79.540492,2.57,8.9,0.5,1007,P1
UKD-001392,Landslide,Infrastructure Damage,200,70,6,1,9,6,0.76,18.73,Blocked,Severe,0,0,1,1,Critical,1,30.166344,78.777134,15.58,4.46,17.19,645,P1
UKD-000221,Flood,Flooded Road,21,9,3,1,7,5,2.39,47.88,Blocked,Minor,0,0,0,1,Moderate,0,28.80394,79.462694,5.06,6.73,3.79,1054,P1
UKD-005204,Earthquake,Infrastructure Damage,22,3,1,0,7,1,0.07,0.95,Open,Moderate,1,1,1,0,None,0,29.409431,79.377172,13.84,9.39,2.41,285,P3
UKD-000084,Flood,Infrastructure Damage,200,67,3,3,15,6,3.58,60.96,Blocked,Moderate,0,1,1,1,Low,0,30.3067,79.119025,2.6,7.14,20.71,214,P1
UKD-003434,Landslide,Infrastructure Damage,16,6,0,0,1,0,0.4,9.92,Partially Blocked,Minor,0,1,0,0,None,0,30.465285,78.51095,11.05,5.13,16.83,518,P2
UKD-000462,Landslide,Injured Person,61,29,11,2,10,5,0.88,12.56,Blocked,Moderate,1,0,1,1,Critical,1,30.071635,78.716448,7.6,9.9,17.14,1695,P1
UKD-005272,Cloudburst,Trapped People,19,8,0,1,4,6,1.46,21.21,Partially Blocked,None,1,0,1,0,None,0,29.949226,78.097268,0.96,3.61,6.39,3584,P3
UKD-000552,Landslide,Infrastructure Damage,49,29,1,1,16,7,0.54,8.49,Blocked,Moderate,0,0,0,1,Low,0,30.353618,79.103755,29.43,5.27,7.07,219,P1
UKD-005041,Landslide,Infrastructure Damage,44,27,1,2,8,3,0.37,8.06,Blocked,Moderate,0,1,1,1,Low,0,29.583278,80.197936,22.79,4.21,13.55,152,P3
UKD-004695,Landslide,Injured Person,16,1,4,2,3,3,0.25,7.75,Open,Minor,1,1,1,1,Low,0,28.954803,79.483748,2.55,6.3,2.35,2059,P3
UKD-002766,Flood,Trapped People,4,1,0,0,2,0,0.69,16.42,Open,Minor,1,0,1,0,None,0,29.016142,79.536667,7.04,2.83,1.03,1638,P2
UKD-005166,Flood,Waterlogging,15,5,2,1,3,2,3.17,54.35,Blocked,Minor,1,1,0,1,Moderate,0,29.623813,79.611982,11.58,7.5,2.53,450,P3
UKD-002953,Landslide,Missing Person,20,5,0,4,5,4,0.51,8.89,Partially Blocked,Moderate,1,1,1,1,Low,0,30.365881,77.997721,3.67,11.37,0.94,1895,P2
UKD-000651,Earthquake,Evacuation Request,138,70,6,0,8,8,0.16,3.65,Blocked,Severe,0,0,1,1,Critical,1,28.878895,79.521369,8.55,4.36,5.19,1115,P1
UKD-000709,Landslide,Trapped People,54,36,5,0,9,5,0.85,14.04,Blocked,Moderate,1,0,1,1,Low,0,30.245104,78.045219,4.85,1.49,3.42,768,P1
UKD-004744,Flood,Trapped People,16,5,1,0,1,5,0.61,11.57,Partially Blocked,Minor,1,0,1,1,Low,0,29.366565,79.387448,6.35,8.51,9.95,702,P3
UKD-002410,Flood,Waterlogging,16,6,0,0,3,2,2.87,57.88,Blocked,None,1,1,1,1,Low,0,29.471406,79.705192,17.32,1.92,10.24,724,P2
UKD-002415,Earthquake,Infrastructure Damage,26,5,3,2,1,4,0.13,2.16,Open,Severe,1,0,0,1,Critical,1,29.961349,78.036312,9.71,7.94,1.11,4764,P2
UKD-001425,Flood,Injured Person,27,8,8,1,8,4,4.3,85.5,Partially Blocked,Minor,1,0,1,1,Moderate,0,29.961815,78.179755,2.3,4.77,9.72,1392,P1
UKD-001217,Cloudburst,Injured Person,16,5,2,2,6,3,2.34,46.22,Partially Blocked,Severe,0,0,1,1,Low,0,30.341568,78.470146,12.72,4.29,6.72,380,P1
UKD-004577,Cloudburst,Trapped People,3,1,0,0,0,1,0.42,11.84,Open,None,1,1,1,0,None,0,29.808712,79.694864,22.02,10.14,12.08,119,P3
UKD-001925,Cloudburst,Injured Person,41,32,7,2,12,4,2.7,54.39,Blocked,Moderate,0,0,0,1,Moderate,1,30.23941,78.872804,10.88,3.58,7.77,621,P1
UKD-004910,Landslide,Trapped People,28,19,0,2,6,8,0.57,15.85,Blocked,Moderate,0,1,1,1,Low,0,30.210479,78.825476,6.0,12.59,6.15,854,P3
UKD-002684,Flood,Flooded Road,60,12,1,2,16,9,1.96,52.55,Partially Blocked,None,0,1,1,0,None,0,29.032819,79.496541,4.96,11.94,0.59,2298,P2
UKD-000315,Flood,Injured Person,23,16,7,3,6,1,3.97,65.79,Blocked,Minor,0,1,1,1,Moderate,1,30.135536,78.714481,5.3,12.67,9.3,808,P1
UKD-002729,Landslide,Missing Person,151,51,4,17,11,7,0.7,16.6,Partially Blocked,Severe,0,0,0,1,Critical,1,30.10364,78.74939,13.37,7.83,24.8,3129,P2
UKD-001428,Earthquake,Infrastructure Damage,200,73,5,2,13,8,0.18,3.94,Blocked,Severe,0,0,1,1,Critical,1,30.315839,79.366249,22.01,6.01,26.93,67,P1
UKD-005075,Earthquake,Damaged House,4,3,0,1,0,0,0.04,1.19,Partially Blocked,Minor,0,1,0,0,None,0,29.924005,78.231064,16.03,6.46,4.3,984,P3
UKD-004754,Landslide,Missing Person,9,0,0,2,1,1,0.15,3.05,Partially Blocked,Moderate,1,1,1,0,None,0,30.602484,78.490834,5.18,4.27,10.2,112,P3
UKD-004120,Landslide,Damaged House,5,2,0,0,2,1,0.1,2.1,Open,Moderate,0,0,1,0,None,0,30.187109,78.095516,0.5,1.64,4.72,1349,P3
UKD-003865,Landslide,Missing Person,122,52,5,9,16,8,0.89,17.19,Partially Blocked,Severe,0,0,1,1,Moderate,1,30.373669,78.591802,20.52,5.41,17.95,214,P2
UKD-003215,Flood,Waterlogging,63,12,4,0,15,4,3.38,68.14,Blocked,Minor,1,1,1,1,Critical,1,30.098788,78.674083,2.78,6.78,13.98,477,P2
UKD-004415,Landslide,Evacuation Request,7,1,0,0,2,0,0.18,3.76,Open,Minor,0,1,1,1,Moderate,0,28.90577,79.491378,6.48,3.8,7.79,1833,P3
UKD-003828,Landslide,Infrastructure Damage,38,16,0,0,10,6,0.36,6.69,Blocked,Minor,1,1,0,0,None,0,29.896556,78.09974,1.91,3.79,1.29,4629,P2
UKD-006000,Earthquake,Injured Person,34,14,6,4,4,4,0.05,1.67,Blocked,Minor,0,1,0,1,Critical,1,29.311806,79.420848,5.03,1.61,5.02,228,P3
UKD-002526,Earthquake,Injured Person,4,0,2,0,1,0,0.03,0.54,Open,Minor,1,0,1,1,Moderate,1,30.255626,79.400324,9.86,2.98,11.4,80,P2
UKD-000685,Earthquake,Missing Person,91,68,6,8,14,8,0.2,4.1,Blocked,Severe,0,0,0,1,Critical,1,28.975063,79.604941,6.01,8.13,0.5,5041,P1
UKD-004395,Cloudburst,Damaged House,8,0,0,0,1,2,0.81,17.23,Open,None,1,1,1,0,None,0,30.344014,77.959609,3.33,2.0,4.8,2161,P3
UKD-002522,Flood,Waterlogging,35,4,1,1,2,3,2.1,28.23,Open,Minor,0,1,1,1,Moderate,1,28.947494,79.440223,0.63,4.7,7.24,2541,P2
UKD-002909,Flood,Flooded Road,52,4,1,1,15,4,2.58,36.05,Partially Blocked,Minor,1,1,1,1,Moderate,0,30.226228,77.948303,7.24,0.38,1.26,2497,P2
UKD-002390,Flood,Waterlogging,13,0,0,0,2,1,2.75,60.44,Open,Moderate,1,0,1,1,Low,0,29.9279,78.122517,3.12,4.3,10.15,5551,P2
UKD-000327,Cloudburst,Trapped People,88,64,1,0,11,4,3.54,79.28,Blocked,Minor,1,1,0,0,None,0,30.042773,78.653914,19.69,9.6,10.09,1315,P1
UKD-005014,Landslide,Infrastructure Damage,11,3,3,1,2,1,0.32,6.02,Partially Blocked,Severe,1,1,1,1,Low,1,30.389061,77.92664,2.93,2.57,2.37,2432,P3
UKD-002593,Flood,Injured Person,7,3,2,0,0,0,1.98,54.79,Partially Blocked,Minor,1,1,1,1,Low,0,30.29035,78.068938,5.32,5.23,2.87,2932,P2
UKD-005186,Flood,Evacuation Request,11,0,0,0,1,3,0.8,16.23,Open,Minor,1,1,1,0,None,0,30.344414,78.039077,11.9,3.84,9.36,1012,P3
UKD-002928,Landslide,Evacuation Request,19,4,1,1,3,0,0.48,11.09,Open,Moderate,1,0,0,1,Low,1,29.516203,80.013709,12.53,6.51,18.22,157,P2
UKD-004051,Flood,Flooded Road,25,2,0,1,3,6,1.51,28.27,Blocked,None,0,0,1,0,None,0,28.945984,79.470526,2.72,3.66,1.38,683,P3
UKD-005807,Flood,Damaged House,34,8,1,1,3,1,0.68,19.06,Partially Blocked,None,1,0,1,0,None,0,30.327805,78.070275,20.56,2.78,3.87,1300,P3
UKD-003786,Flood,Flooded Road,2,0,0,0,0,0,3.23,62.46,Blocked,None,0,0,1,1,Low,0,30.214985,78.110117,3.93,0.92,4.33,526,P2
UKD-000349,Cloudburst,Infrastructure Damage,200,46,4,4,13,9,3.85,68.34,Open,Severe,0,0,0,1,Moderate,0,30.549855,78.364748,7.72,14.24,13.21,460,P1
UKD-001627,Flood,Missing Person,79,37,3,11,23,4,3.13,48.34,Blocked,Severe,1,1,0,1,Low,0,30.293341,78.031248,5.16,1.71,12.59,1178,P1
UKD-004411,Landslide,Trapped People,14,8,0,0,3,2,0.18,4.0,Blocked,Minor,1,1,1,0,None,0,30.993239,78.506819,10.83,14.29,7.43,266,P3
UKD-000872,Landslide,Infrastructure Damage,67,28,0,1,12,3,0.61,10.2,Blocked,Moderate,1,0,0,1,Moderate,1,30.233319,78.962848,9.31,6.32,16.5,54,P1
UKD-003359,Landslide,Evacuation Request,39,11,0,1,5,3,0.44,6.22,Open,Minor,0,1,0,0,None,0,29.310087,79.419412,1.74,7.46,5.71,670,P2
UKD-002340,Earthquake,Trapped People,141,58,3,4,12,5,0.12,3.35,Partially Blocked,Severe,1,0,0,1,Moderate,1,29.332312,79.455559,1.37,5.27,11.46,2339,P2
UKD-004704,Landslide,Damaged House,51,21,4,1,11,8,0.8,11.95,Open,Severe,0,1,1,1,Moderate,1,30.1587,78.934328,4.36,5.8,2.69,3395,P3
UKD-002122,Earthquake,Trapped People,33,19,2,5,2,4,0.11,2.27,Open,Severe,0,1,0,1,Moderate,0,29.242668,79.415799,4.11,6.05,6.91,400,P2
UKD-003928,Landslide,Infrastructure Damage,9,3,1,0,3,1,0.28,7.6,Open,Minor,0,0,1,1,Critical,1,28.950384,79.619298,3.85,1.89,9.13,6649,P2
UKD-000086,Flood,Flooded Road,113,27,5,3,17,5,3.43,82.06,Blocked,Moderate,0,0,1,1,Moderate,1,29.943272,78.03221,4.63,3.88,6.27,1390,P1
UKD-002819,Cloudburst,Infrastructure Damage,59,20,2,0,4,4,2.19,36.85,Blocked,Minor,1,0,1,1,Critical,0,30.260563,78.112928,2.47,9.63,5.13,3235,P2
UKD-001878,Earthquake,Evacuation Request,88,39,6,2,8,2,0.15,3.9,Blocked,Severe,1,1,1,1,Critical,1,29.39698,79.49336,5.54,9.16,12.44,2107,P1
UKD-005690,Cloudburst,Injured Person,16,5,5,0,3,2,1.13,19.27,Partially Blocked,None,0,1,1,1,Low,0,30.705598,78.401814,5.45,8.8,7.71,173,P3
UKD-004086,Cloudburst,Infrastructure Damage,57,31,0,1,13,5,1.22,31.88,Blocked,None,0,1,1,0,None,0,30.334734,77.979885,6.24,0.9,2.52,1066,P3
UKD-002376,Landslide,Missing Person,42,16,0,9,6,2,0.61,10.24,Partially Blocked,Moderate,0,1,0,1,Critical,1,30.756223,78.425758,15.75,6.97,8.79,194,P2
UKD-000495,Flood,Trapped People,38,14,2,0,10,1,2.49,57.18,Open,Minor,1,1,1,1,Critical,1,29.967418,78.191789,5.58,0.46,3.43,3464,P1
UKD-002967,Flood,Evacuation Request,144,29,1,2,10,8,2.6,55.13,Open,Moderate,0,1,1,1,Low,0,29.089451,79.56401,5.59,3.38,5.54,1604,P2
UKD-003110,Landslide,Trapped People,19,15,0,1,4,1,0.45,9.35,Blocked,Moderate,0,0,1,1,Low,0,29.350053,79.514923,16.89,6.98,8.27,638,P2
UKD-002760,Flood,Infrastructure Damage,15,10,2,0,1,3,2.27,37.28,Partially Blocked,Moderate,0,1,0,1,Critical,1,29.947817,78.108232,1.21,12.14,1.21,1286,P2
UKD-001271,Cloudburst,Missing Person,80,53,5,13,7,7,3.24,53.03,Blocked,Severe,0,0,1,1,Critical,1,29.977305,78.796511,22.04,3.53,5.78,344,P1
UKD-002655,Earthquake,Trapped People,55,19,2,5,9,3,0.08,1.4,Open,Moderate,1,0,0,1,Moderate,0,29.339569,79.36413,7.38,5.1,4.24,646,P2
UKD-002634,Landslide,Flooded Road,61,14,0,0,4,6,0.93,24.1,Blocked,None,1,1,1,0,None,0,30.258111,78.09119,6.59,2.22,5.77,2489,P2
UKD-004955,Flood,Flooded Road,29,0,0,0,9,1,2.19,41.33,Open,Minor,0,1,1,0,None,0,28.948016,79.432678,2.9,1.39,1.91,1044,P3
UKD-000619,Earthquake,Missing Person,200,67,7,5,11,6,0.16,2.79,Blocked,Severe,0,0,1,1,Moderate,1,29.284767,79.490225,11.59,4.39,5.79,322,P1
UKD-005131,Cloudburst,Evacuation Request,12,1,1,2,4,0,1.32,19.92,Open,Minor,1,1,1,1,Low,1,30.559485,78.44216,13.2,9.14,6.39,513,P3
UKD-002630,Flood,Trapped People,15,2,2,0,3,2,1.31,24.92,Open,None,1,1,0,1,Moderate,1,30.243286,78.15538,8.08,3.7,2.99,2237,P2
UKD-002827,Landslide,Infrastructure Damage,16,8,1,1,1,1,0.58,10.38,Partially Blocked,Moderate,1,1,1,1,Low,0,30.389105,79.304554,12.54,20.0,9.95,274,P2
UKD-005228,Cloudburst,Missing Person,18,3,1,10,5,1,1.46,22.53,Open,Minor,1,1,1,1,Low,0,30.198496,78.866018,5.6,15.68,17.52,511,P3
UKD-002230,Earthquake,Evacuation Request,66,28,2,3,12,10,0.13,1.83,Partially Blocked,Severe,0,0,1,1,Moderate,1,29.930753,78.23777,2.81,6.22,4.07,1033,P2
UKD-005033,Flood,Waterlogging,112,24,4,2,2,6,4.64,76.49,Blocked,Severe,0,0,1,1,Moderate,1,28.928099,79.51315,7.26,2.85,7.35,1195,P3
UKD-001414,Earthquake,Injured Person,18,11,6,0,2,0,0.16,4.15,Blocked,Severe,0,0,1,1,Low,0,30.311254,78.207367,8.85,1.42,4.82,1589,P1
UKD-002202,Earthquake,Trapped People,15,12,3,0,2,0,0.11,3.16,Blocked,Severe,0,0,1,1,Critical,1,30.006963,78.152131,6.63,8.14,0.98,697,P2
UKD-004964,Landslide,Infrastructure Damage,22,12,0,0,1,7,0.36,7.05,Blocked,Minor,0,1,1,0,None,0,30.450759,78.612675,4.37,13.3,22.96,430,P3
UKD-004478,Flood,Damaged House,181,31,3,1,13,4,3.37,78.83,Partially Blocked,Moderate,1,0,0,1,Low,0,29.905414,78.073059,7.46,0.59,2.23,3608,P3
UKD-000870,Cloudburst,Infrastructure Damage,66,53,3,6,13,9,3.65,69.24,Blocked,Minor,0,0,0,1,Low,0,30.296661,78.100623,2.92,7.14,3.98,2053,P1
UKD-002007,Landslide,Evacuation Request,52,22,2,1,14,5,0.41,8.86,Partially Blocked,Minor,0,1,1,0,None,0,29.591797,79.607782,3.2,3.29,16.07,2840,P2
UKD-004148,Cloudburst,Missing Person,73,7,0,8,9,9,1.65,30.16,Open,None,1,1,0,1,Low,0,29.924899,78.229415,1.5,2.11,6.45,632,P3
UKD-000357,Flood,Trapped People,37,26,3,1,5,8,3.33,77.22,Partially Blocked,Minor,0,1,1,1,Moderate,0,29.996356,78.045485,2.49,0.96,6.57,755,P1
UKD-001163,Cloudburst,Flooded Road,30,12,9,4,9,3,3.82,76.51,Blocked,Severe,0,1,0,1,Critical,1,29.965295,78.109134,4.48,4.83,3.8,1044,P1
UKD-004555,Flood,Flooded Road,7,0,1,0,2,1,1.42,41.05,Blocked,Minor,0,1,1,1,Low,0,28.910714,79.420779,24.51,2.16,4.18,2246,P3
UKD-002407,Earthquake,Damaged House,66,25,4,1,12,3,0.09,1.58,Blocked,Severe,1,0,0,0,None,0,30.268288,78.556734,13.23,7.38,28.24,179,P2
UKD-005916,Cloudburst,Missing Person,18,5,0,3,3,1,0.55,10.94,Partially Blocked,Moderate,1,1,1,0,None,0,30.410569,78.172536,9.56,2.79,4.14,2437,P3
UKD-001891,Flood,Damaged House,93,40,5,1,16,10,3.75,60.61,Blocked,Severe,1,1,1,1,Moderate,1,29.909815,78.127809,6.47,3.5,8.31,2486,P1
UKD-000580,Landslide,Evacuation Request,200,64,1,3,10,7,0.83,17.82,Blocked,Minor,0,0,1,1,Moderate,1,30.378357,78.697314,6.88,13.55,4.85,529,P1
UKD-002553,Earthquake,Evacuation Request,15,1,0,1,3,3,0.05,0.81,Open,Minor,1,0,1,1,Low,0,29.420976,79.896729,4.11,18.38,11.93,84,P2
UKD-001692,Flood,Infrastructure Damage,14,9,0,0,3,0,2.75,51.26,Partially Blocked,Moderate,0,1,1,1,Low,0,30.249756,78.096316,14.96,6.65,2.04,823,P1
UKD-000863,Landslide,Trapped People,59,50,4,2,10,5,0.93,16.88,Blocked,Severe,0,0,1,1,Moderate,1,29.280917,79.450848,4.06,6.18,11.72,871,P1
UKD-005370,Cloudburst,Waterlogging,2,0,0,0,0,0,0.64,25.11,Open,Minor,1,1,1,0,None,0,29.103193,79.564367,7.98,0.48,2.2,1366,P3
UKD-005811,Flood,Evacuation Request,25,7,0,1,4,6,0.67,16.05,Open,Moderate,0,1,1,1,Low,0,30.336388,78.087747,6.0,3.83,1.01,2718,P3
UKD-004790,Flood,Damaged House,5,0,1,0,3,0,0.69,18.09,Open,None,1,1,1,1,Moderate,1,30.130852,78.828197,8.66,7.19,4.6,1927,P3
UKD-004646,Landslide,Evacuation Request,7,0,0,0,1,1,0.12,2.07,Open,None,1,1,1,0,None,0,30.314928,77.977526,3.3,1.51,0.86,1396,P3
UKD-001117,Landslide,Infrastructure Damage,55,24,5,1,14,5,0.71,18.61,Open,Severe,0,0,1,1,Moderate,1,30.529035,78.230504,8.01,13.8,10.11,232,P1
UKD-001542,Cloudburst,Injured Person,50,14,8,1,10,9,1.74,34.89,Partially Blocked,Moderate,1,0,1,0,None,0,30.291408,78.345382,8.6,2.93,6.63,437,P1
UKD-003791,Landslide,Flooded Road,34,9,1,1,11,2,0.79,16.45,Blocked,Minor,0,1,1,1,Moderate,0,30.073567,78.214914,7.25,2.12,5.32,2832,P2
UKD-004616,Earthquake,Trapped People,45,24,1,0,4,2,0.08,1.36,Blocked,Minor,1,1,1,0,None,0,28.977178,79.437906,3.36,5.56,5.94,1762,P3
UKD-005519,Earthquake,Injured Person,48,11,10,3,5,3,0.07,1.72,Partially Blocked,Moderate,1,1,1,1,Moderate,1,29.307326,79.408219,15.7,7.05,7.08,420,P3
UKD-003296,Flood,Waterlogging,42,8,4,0,7,8,4.0,100.0,Partially Blocked,Severe,1,0,1,1,Critical,1,30.36598,77.96662,9.62,2.39,3.94,1826,P2
UKD-005299,Landslide,Infrastructure Damage,21,10,0,0,6,2,0.28,8.49,Blocked,Moderate,0,1,1,0,None,0,29.95837,78.228922,7.7,5.05,4.1,1376,P3
UKD-005314,Earthquake,Infrastructure Damage,3,0,0,0,1,0,0.03,0.58,Open,None,1,1,1,0,None,0,29.431506,79.398716,3.68,12.81,1.31,776,P3
UKD-005905,Earthquake,Trapped People,43,21,1,0,12,1,0.08,1.48,Open,Severe,1,1,1,1,Moderate,1,28.914635,79.568615,3.25,6.25,2.04,3819,P3
UKD-003048,Flood,Damaged House,32,12,1,1,8,5,1.82,39.48,Open,Moderate,0,0,1,0,None,0,30.527153,79.47594,15.69,6.7,9.11,208,P2
UKD-005724,Earthquake,Trapped People,48,20,2,1,10,10,0.05,1.54,Partially Blocked,Minor,1,1,1,0,None,0,30.229495,78.183169,6.23,5.25,1.91,1131,P3
UKD-002438,Cloudburst,Damaged House,92,54,2,1,8,10,1.85,41.5,Blocked,Severe,0,0,1,1,Low,0,29.986902,78.180108,4.47,5.12,2.45,1897,P2
UKD-005755,Earthquake,Evacuation Request,9,2,0,0,1,1,0.03,0.68,Partially Blocked,Moderate,1,1,1,0,None,0,30.255665,78.109065,3.9,4.01,2.18,2659,P3
UKD-002053,Earthquake,Injured Person,19,11,1,3,3,4,0.09,2.54,Partially Blocked,Moderate,0,1,0,1,Low,1,30.228389,78.75001,6.35,4.22,14.44,1365,P2
UKD-001777,Landslide,Infrastructure Damage,106,66,1,2,11,5,0.56,11.49,Blocked,Moderate,0,1,0,1,Critical,1,29.442173,80.154769,8.32,20.0,4.79,383,P1
UKD-003270,Flood,Waterlogging,20,0,0,1,6,3,1.97,37.51,Open,None,1,1,1,0,None,0,29.959625,78.122756,5.26,1.71,3.19,632,P2
UKD-004303,Cloudburst,Waterlogging,2,0,0,0,0,0,0.84,18.04,Partially Blocked,None,1,1,1,0,None,0,29.039178,79.402057,4.86,6.38,11.52,202,P3
UKD-001593,Flood,Damaged House,33,21,4,5,5,5,2.96,76.96,Blocked,Moderate,0,1,0,1,Low,0,29.878371,78.18886,2.27,0.24,7.02,1091,P1
UKD-001724,Flood,Damaged House,96,50,4,5,19,7,3.78,67.57,Partially Blocked,Severe,0,0,0,1,Moderate,0,29.008998,79.468593,3.81,0.91,3.56,1221,P1
UKD-004694,Earthquake,Injured Person,21,6,5,3,2,1,0.13,2.29,Partially Blocked,Moderate,1,0,0,1,Low,1,30.179513,78.737052,5.37,2.41,1.62,378,P3
UKD-004042,Landslide,Flooded Road,14,0,1,0,3,3,0.89,12.37,Open,None,1,1,1,1,Low,1,29.446004,79.25715,6.83,4.75,6.35,304,P3
UKD-000491,Landslide,Infrastructure Damage,18,1,0,0,3,3,0.45,9.77,Open,Minor,1,1,1,0,None,0,30.660883,78.583814,5.93,6.16,5.83,145,P1
UKD-005078,Earthquake,Damaged House,20,4,1,1,6,1,0.07,1.13,Partially Blocked,Moderate,1,1,1,1,Moderate,1,29.106703,79.622782,2.83,2.14,3.02,1480,P3
UKD-001007,Earthquake,Damaged House,62,45,6,5,16,5,0.15,3.88,Blocked,Severe,0,0,0,1,Critical,1,29.34264,79.344608,10.16,4.53,21.76,680,P1
UKD-003149,Cloudburst,Evacuation Request,67,9,3,0,2,9,1.48,23.29,Open,Minor,1,0,1,1,Moderate,0,30.381505,78.587457,2.17,19.23,4.5,367,P2
UKD-004249,Landslide,Infrastructure Damage,12,3,0,0,4,1,0.34,6.13,Open,Minor,0,1,1,0,None,0,29.329994,79.536352,7.13,2.86,5.11,614,P3
UKD-001418,Cloudburst,Trapped People,37,27,2,2,8,4,3.15,60.94,Partially Blocked,Moderate,0,1,0,1,Critical,1,29.753125,79.997149,15.85,8.86,19.2,181,P1
UKD-000026,Earthquake,Missing Person,48,10,0,9,5,6,0.13,2.26,Partially Blocked,Moderate,1,0,1,1,Moderate,1,29.315017,80.057205,6.08,6.8,16.66,1145,P1
UKD-001114,Landslide,Injured Person,57,42,11,1,4,10,0.64,15.14,Blocked,Severe,0,0,1,1,Moderate,0,29.41827,79.469582,1.15,17.51,8.67,500,P1
UKD-005586,Cloudburst,Waterlogging,11,1,0,0,2,1,2.67,46.91,Partially Blocked,Severe,0,1,1,1,Low,0,29.479696,79.461574,9.65,1.22,6.1,579,P3
UKD-001553,Flood,Flooded Road,151,22,1,2,18,5,4.35,97.61,Partially Blocked,Minor,0,0,1,0,None,0,28.769119,79.53358,8.04,5.88,13.44,3456,P1
UKD-005124,Cloudburst,Damaged House,42,18,1,3,5,9,1.34,20.09,Blocked,Moderate,1,0,0,1,Low,0,30.418144,79.415982,8.68,13.63,8.47,100,P3
UKD-004483,Flood,Evacuation Request,4,0,1,0,1,0,0.53,16.81,Open,None,1,1,1,1,Low,1,30.364426,78.951475,18.66,8.01,6.87,160,P3
UKD-000434,Flood,Trapped People,38,34,6,0,11,1,2.66,62.27,Blocked,Severe,0,0,0,1,Critical,1,30.306327,78.071697,2.21,4.93,14.22,1228,P1
UKD-002927,Flood,Evacuation Request,93,30,2,1,6,5,2.13,48.02,Partially Blocked,Minor,1,0,1,0,None,0,29.399209,79.507852,6.08,5.03,4.5,445,P2
UKD-003858,Flood,Flooded Road,29,1,3,0,3,7,2.52,49.71,Open,None,0,0,1,1,Low,1,30.129953,78.787966,1.4,3.83,1.61,750,P2
UKD-004016,Flood,Waterlogging,13,0,0,0,3,2,1.47,27.24,Partially Blocked,None,1,1,1,0,None,0,30.170427,78.760892,2.14,7.16,5.43,539,P3
UKD-002964,Flood,Evacuation Request,15,3,0,2,4,3,1.72,24.35,Open,None,1,1,1,0,None,0,29.932414,78.191741,5.11,2.18,1.29,1599,P2
UKD-003099,Earthquake,Damaged House,24,10,0,0,10,2,0.12,2.44,Partially Blocked,Moderate,0,0,1,1,Low,1,29.705201,79.603805,17.91,2.51,12.25,1181,P2
UKD-005876,Flood,Trapped People,29,16,2,1,8,4,1.62,27.39,Partially Blocked,None,1,1,1,1,Moderate,0,30.241286,78.077849,4.49,8.12,2.07,1475,P3
UKD-004457,Earthquake,Infrastructure Damage,134,22,2,2,15,8,0.12,1.98,Partially Blocked,Minor,1,0,0,1,Low,0,29.964462,79.795975,10.99,10.13,11.35,1031,P3
UKD-004541,Landslide,Injured Person,2,0,1,0,0,1,0.12,2.82,Open,Minor,1,0,1,1,Low,0,30.030877,79.744033,10.85,5.1,1.33,310,P3
UKD-005769,Flood,Damaged House,12,0,0,1,0,1,0.71,16.62,Open,Moderate,1,1,1,1,Low,0,30.062418,78.985516,6.38,2.01,29.98,176,P3
UKD-001103,Flood,Infrastructure Damage,71,20,7,2,8,3,4.04,60.37,Open,Severe,1,0,1,1,Moderate,1,29.383598,79.388027,4.4,0.59,9.02,2139,P1
UKD-005066,Flood,Injured Person,22,6,9,0,6,2,2.32,46.99,Open,Minor,1,0,1,1,Low,1,29.937193,78.12956,7.27,1.16,3.47,2418,P3
UKD-004518,Landslide,Missing Person,14,0,0,4,1,1,0.16,4.31,Open,None,1,1,1,1,Low,0,30.196981,77.986762,1.61,2.7,4.75,387,P3
UKD-004163,Flood,Waterlogging,4,1,0,0,0,2,1.15,36.03,Partially Blocked,None,1,1,1,0,None,0,29.149672,79.382261,2.33,4.37,1.49,1968,P3
UKD-000195,Flood,Evacuation Request,36,26,3,3,4,4,3.22,86.33,Blocked,Moderate,0,0,1,0,None,0,29.581204,80.195077,10.94,11.01,21.63,206,P1
UKD-000616,Cloudburst,Injured Person,43,34,7,5,9,4,2.57,67.15,Blocked,Moderate,0,0,1,1,Moderate,1,30.412713,78.282796,4.65,9.68,15.47,544,P1
UKD-000644,Landslide,Evacuation Request,143,31,3,2,8,1,0.84,16.45,Partially Blocked,None,1,1,1,1,Critical,1,29.270533,79.512577,5.64,10.33,6.09,203,P1
UKD-004310,Landslide,Infrastructure Damage,1,0,0,0,0,0,0.08,1.82,Partially Blocked,Minor,1,1,0,0,None,0,30.293392,78.035603,5.28,1.66,14.13,1773,P3
UKD-003154,Flood,Flooded Road,14,3,0,2,2,3,4.05,53.39,Partially Blocked,Minor,0,1,1,1,Moderate,0,30.27594,77.991009,2.47,2.61,6.28,1226,P2
UKD-005071,Landslide,Damaged House,52,8,5,0,8,7,0.19,4.19,Partially Blocked,Severe,1,1,1,1,Critical,1,29.661885,80.085299,8.54,9.35,3.87,263,P3
UKD-000331,Flood,Evacuation Request,189,79,5,3,11,7,2.8,77.09,Blocked,Moderate,0,0,0,1,Moderate,1,29.060171,79.649406,4.23,1.89,1.77,1939,P1
UKD-003826,Flood,Missing Person,21,1,2,3,6,2,1.6,51.93,Open,Moderate,1,1,1,1,Moderate,1,28.990204,79.650854,1.19,4.98,2.77,2178,P2
UKD-004516,Flood,Flooded Road,24,2,0,0,4,1,1.3,26.77,Open,None,0,1,1,0,None,0,30.424848,77.999835,2.6,7.07,4.16,386,P3
UKD-003114,Earthquake,Damaged House,200,54,8,1,9,6,0.12,1.92,Partially Blocked,Severe,0,0,1,1,Low,0,30.365321,78.016973,6.49,1.14,14.23,2296,P2
UKD-005366,Landslide,Missing Person,154,24,0,8,12,9,0.51,10.43,Partially Blocked,Minor,1,1,1,1,Moderate,0,29.453552,79.56189,13.86,4.67,5.7,369,P3
UKD-000484,Earthquake,Damaged House,68,43,2,2,17,3,0.11,2.0,Blocked,Moderate,0,0,0,0,None,0,30.261129,78.074598,6.7,3.03,3.7,3406,P1
UKD-005198,Landslide,Infrastructure Damage,62,19,1,0,11,2,0.46,6.51,Blocked,Minor,1,1,1,1,Moderate,0,30.286896,78.01112,2.24,2.52,3.41,2397,P3
UKD-002672,Landslide,Infrastructure Damage,68,35,0,0,8,4,0.65,10.91,Partially Blocked,Moderate,0,1,1,1,Low,0,29.457174,79.374435,6.05,14.27,5.35,543,P2
UKD-002060,Flood,Trapped People,47,35,6,3,13,2,3.17,53.29,Partially Blocked,Severe,0,0,0,1,Moderate,1,28.991652,79.584936,6.59,0.84,2.87,2564,P2
UKD-004679,Earthquake,Infrastructure Damage,3,1,0,0,1,0,0.02,0.36,Blocked,None,1,1,1,0,None,0,30.278029,78.918074,17.78,4.92,23.69,194,P3
UKD-000033,Flood,Damaged House,84,7,0,2,12,5,3.33,51.69,Open,Moderate,1,0,1,1,Low,0,30.282744,78.102154,1.04,8.73,3.79,1918,P1
UKD-000665,Landslide,Missing Person,140,48,5,7,5,7,0.71,12.03,Partially Blocked,Severe,0,0,0,1,Low,0,29.948445,78.18811,11.21,4.2,1.02,3662,P1
UKD-005160,Landslide,Trapped People,8,5,0,0,2,2,0.08,1.79,Open,Minor,1,1,1,0,None,0,30.385863,78.472136,19.02,3.98,17.42,217,P3
UKD-004183,Landslide,Evacuation Request,9,0,1,0,0,0,0.19,3.28,Open,None,1,1,1,1,Moderate,1,30.353353,78.100055,10.98,6.85,1.81,1623,P3
UKD-001445,Flood,Trapped People,19,7,0,3,0,3,1.73,45.29,Partially Blocked,None,1,1,1,1,Critical,1,29.973175,78.210278,2.48,0.86,3.65,5924,P1
UKD-002400,Cloudburst,Evacuation Request,33,11,0,0,0,1,1.27,28.61,Open,Moderate,0,0,1,0,None,0,30.518934,78.519356,4.75,10.19,13.33,79,P2
UKD-002442,Cloudburst,Flooded Road,14,3,1,0,3,1,2.25,50.5,Blocked,Moderate,0,1,1,1,Moderate,1,29.428719,79.526404,8.51,4.23,11.56,237,P2
UKD-005853,Landslide,Damaged House,82,34,2,2,14,4,0.47,10.53,Partially Blocked,None,0,1,1,0,None,0,29.446298,79.589907,5.32,5.95,1.53,2229,P3
UKD-001706,Earthquake,Injured Person,26,20,6,0,9,1,0.13,2.77,Blocked,Minor,0,1,0,1,Critical,1,30.246098,78.006701,3.03,2.93,6.11,1256,P1
UKD-005983,Landslide,Missing Person,5,0,0,1,1,0,0.19,3.58,Open,None,1,1,1,0,None,0,29.356003,79.562279,4.73,2.08,6.46,252,P3
UKD-002851,Flood,Trapped People,62,39,3,0,12,13,2.73,52.22,Partially Blocked,Severe,0,1,1,0,None,0,29.860128,78.171874,2.49,0.93,4.0,3399,P2
UKD-005502,Landslide,Injured Person,20,12,5,1,3,1,0.33,6.17,Blocked,Moderate,0,0,1,0,None,0,30.245313,78.96029,13.14,15.96,15.01,147,P3
UKD-002278,Earthquake,Injured Person,114,28,11,5,17,10,0.19,3.67,Partially Blocked,Severe,1,0,1,1,Critical,1,29.462843,79.494466,7.51,9.7,11.76,549,P2
UKD-001402,Flood,Flooded Road,81,16,1,1,13,5,3.68,66.04,Blocked,Moderate,1,1,0,1,Low,0,30.372871,78.007221,3.69,3.02,3.23,1581,P1
UKD-005549,Cloudburst,Trapped People,10,1,0,0,2,0,1.17,15.81,Open,None,1,1,1,0,None,0,29.986855,78.198414,8.3,1.34,2.37,847,P3
UKD-000171,Flood,Evacuation Request,35,1,0,1,3,5,0.97,23.03,Open,None,1,1,0,1,Critical,1,28.952988,79.551076,1.77,3.41,2.4,1529,P1
UKD-000541,Cloudburst,Damaged House,58,38,0,4,8,2,1.86,47.02,Blocked,None,0,1,0,0,None,0,30.20516,78.008573,5.39,2.7,1.22,1604,P1
UKD-005466,Earthquake,Damaged House,4,0,0,0,2,0,0.03,0.44,Open,Minor,1,1,1,0,None,0,29.418618,79.423358,11.74,3.25,6.8,980,P3
UKD-004606,Landslide,Evacuation Request,14,2,0,0,1,0,0.23,3.97,Partially Blocked,Minor,0,1,1,0,None,0,29.981972,78.112756,1.84,5.39,8.24,1554,P3
UKD-002459,Flood,Trapped People,25,15,1,0,1,4,1.8,55.92,Partially Blocked,Minor,0,1,1,1,Low,0,29.962091,78.081747,5.41,5.31,5.96,2296,P2
UKD-003909,Landslide,Infrastructure Damage,32,4,1,2,5,9,0.31,5.31,Partially Blocked,None,1,1,1,1,Low,0,30.360244,78.601257,13.13,10.28,18.07,112,P2
UKD-000675,Landslide,Infrastructure Damage,29,16,3,2,6,3,0.47,10.65,Blocked,Minor,0,1,1,1,Moderate,1,30.262796,77.914885,4.85,1.08,1.04,2284,P1
UKD-002919,Landslide,Trapped People,50,39,2,1,10,5,0.6,14.12,Partially Blocked,Moderate,0,0,0,1,Low,0,29.910142,79.136796,12.34,4.81,5.17,325,P2
UKD-004077,Flood,Flooded Road,11,0,0,0,1,2,1.61,37.82,Partially Blocked,Minor,1,0,1,0,None,0,29.000559,79.416235,2.69,0.83,1.56,4544,P3
UKD-001816,Landslide,Injured Person,52,15,10,2,16,7,0.36,10.85,Partially Blocked,Moderate,0,1,1,0,None,0,30.360542,78.640555,5.7,9.25,8.4,538,P1
UKD-002555,Flood,Evacuation Request,168,65,1,2,10,4,4.15,88.29,Blocked,Minor,0,1,1,0,None,0,30.403766,78.379999,13.56,8.68,7.53,336,P2
UKD-002101,Cloudburst,Injured Person,5,0,2,0,1,0,0.79,16.16,Open,None,1,0,1,1,Critical,1,29.093098,79.528474,5.44,3.33,8.42,3432,P2
UKD-003126,Landslide,Trapped People,59,48,6,1,14,6,0.71,11.31,Blocked,Severe,0,0,1,1,Moderate,1,29.432456,79.459956,18.3,10.4,19.27,2562,P2
UKD-005494,Landslide,Injured Person,9,2,2,1,2,2,0.47,6.99,Blocked,Minor,1,1,1,0,None,0,30.159046,78.734024,14.39,4.57,24.06,624,P3
UKD-002102,Flood,Injured Person,84,23,6,2,14,8,2.88,61.29,Open,Moderate,0,0,1,1,Critical,1,30.487572,78.022402,12.79,3.57,3.3,1075,P2
UKD-005081,Cloudburst,Waterlogging,62,14,6,2,14,2,2.72,55.95,Blocked,Severe,0,0,1,1,Moderate,1,30.688526,78.555159,21.65,13.61,4.1,225,P3
UKD-002804,Cloudburst,Injured Person,46,28,4,1,8,7,1.05,17.67,Blocked,None,0,1,1,1,Moderate,1,29.889089,78.199877,6.69,5.51,4.13,4173,P2
UKD-001549,Landslide,Evacuation Request,52,12,0,4,10,5,0.5,8.59,Partially Blocked,None,1,0,1,0,None,0,29.336308,79.451771,0.79,10.08,6.79,819,P1
UKD-004751,Earthquake,Infrastructure Damage,30,22,5,4,11,2,0.1,3.1,Blocked,Severe,0,0,0,1,Low,0,28.98138,79.439914,4.81,2.7,8.06,8019,P3
UKD-004851,Flood,Evacuation Request,87,54,2,1,9,7,2.92,56.23,Blocked,Minor,0,0,1,1,Low,0,30.180953,78.675657,6.26,1.26,11.35,441,P3
UKD-000356,Earthquake,Trapped People,115,68,3,3,4,7,0.09,2.35,Blocked,Moderate,1,0,1,1,Moderate,1,29.581506,79.709093,6.94,9.06,18.33,678,P1
UKD-002641,Earthquake,Trapped People,41,27,3,1,11,6,0.16,2.68,Blocked,Moderate,1,1,1,1,Low,0,30.091269,78.769999,13.52,6.29,15.87,1328,P2
UKD-004170,Landslide,Injured Person,3,0,1,0,0,0,0.22,2.89,Open,Minor,1,1,1,1,Low,1,30.376543,77.993927,2.99,0.79,11.5,638,P3
UKD-004677,Landslide,Evacuation Request,4,0,0,0,2,0,0.22,3.31,Partially Blocked,Minor,1,1,0,0,None,0,30.261153,78.908488,3.73,13.17,5.21,342,P3
UKD-005310,Earthquake,Missing Person,36,4,0,10,6,6,0.05,1.14,Open,Minor,1,1,1,0,None,0,29.442188,79.414865,3.0,2.01,7.71,419,P3
UKD-004274,Earthquake,Damaged House,3,2,0,0,0,0,0.02,0.59,Partially Blocked,Moderate,1,1,1,0,None,0,30.260598,77.978552,2.05,0.99,6.71,479,P3
UKD-001052,Earthquake,Injured Person,16,7,1,0,4,1,0.06,1.45,Blocked,Minor,1,1,1,0,None,0,28.888419,79.484869,4.92,7.42,0.98,1354,P1
UKD-002322,Landslide,Damaged House,76,50,3,2,14,5,0.73,16.94,Blocked,Moderate,0,1,1,0,None,0,29.366613,79.421907,8.93,4.41,14.05,510,P2
UKD-004329,Earthquake,Trapped People,8,5,0,0,2,1,0.07,1.47,Partially Blocked,Severe,0,1,1,1,Low,0,29.102566,79.671131,3.59,5.05,3.55,486,P3
UKD-003920,Landslide,Injured Person,34,3,6,1,6,6,0.24,6.16,Partially Blocked,Severe,1,1,1,1,Moderate,1,30.220647,79.357507,22.72,19.46,6.04,1013,P2
UKD-001752,Cloudburst,Waterlogging,56,14,1,1,16,7,2.94,59.16,Partially Blocked,Moderate,0,1,1,1,Moderate,1,30.105024,78.856805,19.47,11.81,12.34,592,P1
UKD-002465,Earthquake,Infrastructure Damage,64,22,1,0,18,4,0.08,2.23,Open,Moderate,0,1,1,1,Moderate,1,30.148571,78.779742,6.49,3.87,5.65,491,P2
UKD-001773,Landslide,Evacuation Request,26,12,3,5,7,2,0.77,15.34,Partially Blocked,Severe,0,0,0,1,Moderate,0,30.112644,78.760541,4.63,9.66,8.37,560,P1
UKD-001197,Earthquake,Damaged House,26,8,7,1,2,1,0.11,2.12,Partially Blocked,Severe,1,1,0,0,None,0,30.302391,78.144191,5.48,1.39,3.18,987,P1
UKD-001879,Flood,Flooded Road,147,13,9,7,19,6,5.0,84.96,Partially Blocked,Severe,1,0,0,1,Critical,1,30.206792,78.083687,8.9,0.43,2.05,1209,P1
UKD-002017,Cloudburst,Injured Person,4,2,1,0,0,1,1.28,29.3,Blocked,None,1,1,1,1,Low,0,30.385994,78.119984,0.76,1.02,2.42,3005,P2
UKD-002006,Flood,Infrastructure Damage,10,3,0,0,3,1,1.82,28.32,Partially Blocked,Minor,1,1,1,0,None,0,30.537618,78.644615,5.97,8.71,30.0,597,P2
UKD-004076,Cloudburst,Missing Person,3,2,0,1,1,0,0.73,10.15,Partially Blocked,Minor,1,1,1,0,None,0,30.397675,78.258764,15.49,1.89,5.09,144,P3
UKD-001483,Flood,Evacuation Request,29,11,3,0,9,1,5.0,73.42,Open,Moderate,0,0,1,1,Low,0,29.409752,79.539438,5.11,10.17,27.74,121,P1
UKD-000329,Earthquake,Missing Person,147,63,1,13,5,6,0.16,2.44,Blocked,Minor,0,0,0,1,Low,0,30.375352,77.964297,3.01,1.11,5.02,1467,P1
UKD-000649,Flood,Flooded Road,81,13,1,1,14,3,3.6,85.27,Partially Blocked,Moderate,1,0,0,1,Moderate,0,30.503633,78.609244,7.69,10.74,18.52,177,P1
UKD-002895,Cloudburst,Infrastructure Damage,80,50,6,5,2,11,3.85,58.77,Blocked,Severe,0,0,0,1,Critical,1,28.951049,79.470531,5.91,3.87,3.35,2111,P2
UKD-001124,Landslide,Infrastructure Damage,40,28,4,3,10,5,0.62,12.96,Blocked,Moderate,0,1,1,1,Critical,1,30.260884,79.517724,3.76,4.16,30.0,363,P1
UKD-002777,Landslide,Damaged House,98,40,4,0,14,3,0.48,11.16,Partially Blocked,Minor,0,1,1,1,Moderate,0,30.016475,78.242027,2.69,3.21,5.37,1710,P2
UKD-002961,Cloudburst,Flooded Road,54,5,0,4,16,4,2.55,38.32,Partially Blocked,Moderate,1,1,0,1,Low,1,29.498982,80.257121,29.98,4.31,7.18,69,P2
UKD-003456,Landslide,Trapped People,68,51,3,1,3,3,0.71,9.7,Blocked,Moderate,0,0,0,1,Critical,1,30.297779,78.289698,30.0,16.26,7.76,86,P2
UKD-002844,Cloudburst,Evacuation Request,23,10,2,2,5,4,1.93,29.96,Partially Blocked,Minor,0,1,1,1,Moderate,1,30.335195,77.979204,4.6,6.13,1.18,2073,P2
UKD-003090,Cloudburst,Flooded Road,5,0,1,0,1,2,1.56,21.97,Partially Blocked,Minor,1,1,0,1,Low,0,29.374897,80.153604,28.66,12.28,16.15,871,P2
UKD-005022,Landslide,Injured Person,8,2,1,0,0,0,0.32,9.54,Open,Moderate,1,1,1,1,Low,1,30.360121,77.901248,6.62,0.68,4.65,1257,P3
UKD-001260,Cloudburst,Missing Person,125,67,5,7,9,7,2.88,59.48,Blocked,Minor,0,1,1,1,Critical,1,30.269649,78.071301,3.27,1.4,2.63,3091,P1
UKD-004315,Earthquake,Injured Person,4,2,1,0,1,1,0.03,0.42,Partially Blocked,Minor,1,0,1,1,Low,1,30.446836,79.279783,5.51,3.41,13.78,89,P3
UKD-003412,Flood,Evacuation Request,114,31,0,2,9,6,1.58,24.02,Open,None,0,1,0,1,Low,0,29.92983,78.301187,1.23,2.86,4.72,3157,P2
UKD-004620,Landslide,Injured Person,19,1,3,0,6,2,0.37,7.09,Open,Moderate,0,1,1,1,Low,1,30.230518,78.801578,3.28,2.6,7.37,610,P3
UKD-001520,Landslide,Infrastructure Damage,100,41,2,3,2,5,0.61,12.87,Partially Blocked,Minor,0,1,1,1,Low,0,30.279836,78.049502,2.78,5.51,3.97,2911,P1
UKD-001379,Landslide,Trapped People,35,30,5,2,5,1,0.84,11.1,Blocked,Moderate,0,0,0,1,Moderate,1,30.310476,78.192213,4.74,15.13,7.89,145,P1
UKD-004382,Flood,Missing Person,71,18,1,6,14,8,1.45,30.44,Partially Blocked,Moderate,0,0,1,1,Low,0,28.9582,79.53719,0.5,4.08,7.61,2231,P3
UKD-001024,Cloudburst,Injured Person,16,8,5,2,4,3,2.09,48.22,Blocked,Moderate,0,0,0,1,Moderate,1,30.289004,77.88379,2.2,2.18,13.11,2251,P1
UKD-002877,Flood,Flooded Road,11,0,1,1,1,2,1.35,32.79,Open,Minor,1,1,0,1,Moderate,1,30.283908,77.927868,6.23,1.18,3.93,2315,P2
UKD-004554,Landslide,Damaged House,57,14,0,1,7,12,0.57,12.25,Partially Blocked,Moderate,1,1,1,1,Critical,1,30.475924,78.056086,9.01,1.38,6.87,1539,P3
UKD-004796,Cloudburst,Waterlogging,8,1,0,0,0,0,0.83,28.84,Blocked,None,1,1,1,0,None,0,30.782683,78.442025,8.55,7.75,4.94,172,P3
UKD-000913,Earthquake,Trapped People,116,73,5,2,10,3,0.16,3.3,Partially Blocked,Severe,0,0,1,0,None,0,29.312264,79.479762,4.52,8.27,4.92,526,P1
UKD-004039,Earthquake,Trapped People,50,15,2,2,3,5,0.07,1.42,Open,Minor,1,0,1,1,Low,0,30.035627,78.306153,1.0,4.24,6.39,1190,P3
UKD-001676,Earthquake,Injured Person,76,53,9,3,6,9,0.16,3.02,Blocked,Severe,0,0,0,1,Moderate,0,30.286715,77.982435,0.67,1.35,8.57,9895,P1
UKD-001747,Landslide,Evacuation Request,103,59,2,2,8,8,0.64,9.7,Blocked,Moderate,0,1,1,1,Low,0,30.378718,78.505475,15.0,5.07,24.06,212,P1
UKD-002971,Flood,Waterlogging,19,0,1,1,7,0,1.73,47.01,Open,Minor,1,1,1,1,Low,0,30.271922,78.436814,20.87,3.53,11.13,514,P2
UKD-001737,Landslide,Injured Person,24,10,6,3,8,3,0.65,12.62,Blocked,Severe,0,0,0,1,Critical,1,30.108729,79.793784,9.94,15.84,30.0,128,P1
UKD-001630,Flood,Flooded Road,59,22,3,2,12,10,4.55,79.36,Blocked,Moderate,0,0,1,1,Low,0,29.909324,78.22161,4.73,4.28,10.62,1500,P1
UKD-004320,Flood,Damaged House,68,42,2,1,16,6,2.43,38.72,Blocked,Moderate,0,1,0,1,Moderate,0,30.740087,78.315756,30.0,12.59,7.61,379,P3
UKD-000431,Earthquake,Evacuation Request,200,41,2,1,9,10,0.16,2.93,Partially Blocked,Severe,1,1,0,0,None,0,28.899356,79.496514,0.84,1.41,9.33,3397,P1
UKD-001809,Earthquake,Damaged House,70,41,4,3,5,4,0.18,3.9,Partially Blocked,Severe,0,1,1,1,Critical,1,30.4542,78.561273,24.7,2.85,8.27,95,P1
UKD-003528,Cloudburst,Damaged House,60,30,1,3,11,9,2.6,36.78,Partially Blocked,Severe,0,0,1,1,Low,0,30.557301,79.306091,14.66,11.23,9.77,86,P2
UKD-002388,Landslide,Infrastructure Damage,17,6,0,0,2,1,0.48,9.81,Partially Blocked,None,0,1,1,1,Low,1,30.776195,78.345003,10.95,12.82,12.26,231,P2
UKD-003403,Cloudburst,Flooded Road,40,8,1,2,4,7,1.91,55.99,Blocked,Moderate,1,1,0,1,Low,0,30.34483,78.060442,4.29,2.56,4.0,5470,P2
UKD-003481,Cloudburst,Missing Person,140,39,5,8,9,5,2.37,53.68,Blocked,Severe,1,1,1,1,Critical,1,30.272808,79.279725,17.21,7.88,14.57,218,P2
UKD-005707,Flood,Waterlogging,17,2,0,0,8,1,3.75,60.52,Open,Minor,1,0,1,1,Low,1,30.306517,78.089574,0.75,0.28,2.21,1646,P3
UKD-002223,Cloudburst,Evacuation Request,90,26,1,2,11,6,2.88,44.15,Partially Blocked,Minor,1,0,1,0,None,0,29.890044,78.240099,6.38,4.65,1.09,1259,P2
UKD-004199,Flood,Waterlogging,15,1,2,0,4,0,1.96,51.57,Open,None,1,1,1,1,Low,0,29.922749,78.303971,7.99,4.65,1.91,2855,P3
UKD-004167,Earthquake,Trapped People,5,1,0,0,1,0,0.03,0.65,Open,None,1,0,1,0,None,0,30.855402,78.335483,12.47,1.43,15.13,137,P3
UKD-005351,Earthquake,Waterlogging,3,1,0,0,0,1,0.49,18.06,Open,Minor,0,1,1,0,None,0,30.326428,78.004732,1.62,2.01,0.74,1442,P3
UKD-005882,Landslide,Waterlogging,6,0,0,1,0,1,0.54,14.57,Open,None,1,1,0,0,None,0,30.808881,78.392315,14.99,4.18,7.32,231,P3
UKD-004587,Cloudburst,Evacuation Request,41,4,1,0,10,3,0.94,22.75,Open,Moderate,1,1,1,0,None,0,29.42501,79.447061,3.68,11.2,8.27,554,P3
UKD-005325,Flood,Flooded Road,33,8,2,0,6,8,2.18,47.97,Blocked,Severe,0,0,1,1,Critical,1,30.467808,79.005454,13.29,11.41,9.95,197,P3
UKD-001996,Landslide,Flooded Road,70,19,3,3,12,11,1.29,29.13,Partially Blocked,Severe,0,0,1,1,Moderate,1,30.296191,78.055566,5.75,4.26,4.21,1861,P1
UKD-004991,Flood,Trapped People,84,72,1,3,20,7,2.67,81.14,Blocked,Moderate,0,1,1,1,Critical,1,30.328365,78.943615,11.22,17.02,14.17,266,P3
UKD-002225,Earthquake,Injured Person,19,3,3,0,7,1,0.06,0.93,Open,Minor,0,0,1,1,Moderate,1,30.270347,78.853675,7.05,8.6,6.92,413,P2
UKD-001107,Landslide,Trapped People,139,70,3,3,14,2,0.72,15.76,Partially Blocked,Moderate,0,1,0,1,Moderate,1,29.88395,78.294777,1.6,2.57,1.84,2980,P1
UKD-005746,Cloudburst,Injured Person,19,3,7,0,5,2,0.98,22.82,Partially Blocked,None,1,1,1,1,Moderate,1,30.288082,78.117791,5.73,0.33,8.24,1099,P3
UKD-000819,Flood,Trapped People,20,9,1,1,5,5,2.28,50.11,Partially Blocked,None,1,0,1,1,Low,0,29.909114,78.322054,17.2,4.46,1.42,1722,P1
UKD-004073,Flood,Evacuation Request,9,2,1,0,3,0,0.45,10.23,Open,Minor,1,1,1,1,Low,0,30.263924,78.025111,3.05,3.72,3.9,4976,P3
UKD-004359,Earthquake,Infrastructure Damage,26,4,1,2,6,4,0.05,1.45,Open,Minor,1,1,1,0,None,0,30.023092,78.665248,4.85,1.52,5.38,791,P3
UKD-001698,Landslide,Damaged House,103,27,2,3,4,0,0.81,10.47,Partially Blocked,Moderate,1,0,0,1,Moderate,1,30.261385,77.885944,4.74,2.77,1.73,1711,P1
UKD-003222,Landslide,Missing Person,40,24,5,14,5,2,0.7,19.75,Blocked,Moderate,0,0,1,1,Moderate,1,29.440762,79.445151,9.2,9.35,6.26,740,P2
UKD-000137,Flood,Trapped People,104,50,5,2,5,3,4.68,94.42,Open,Moderate,1,0,1,1,Low,0,30.247728,77.959846,4.64,2.88,3.66,2478,P1
UKD-004524,Flood,Evacuation Request,39,3,1,0,6,4,1.67,41.22,Open,Minor,1,1,1,1,Moderate,0,28.780987,79.60696,5.44,5.49,4.57,3252,P3
UKD-002922,Flood,Flooded Road,83,21,1,4,14,7,3.26,56.93,Blocked,Moderate,0,0,0,0,None,0,30.316421,77.984253,4.17,1.76,4.71,3212,P2
UKD-005317,Cloudburst,Flooded Road,6,0,1,0,1,0,1.28,29.52,Partially Blocked,Minor,1,0,1,0,None,0,30.289021,78.415697,23.61,5.29,9.02,901,P3
UKD-001181,Flood,Flooded Road,59,13,4,3,10,3,3.72,78.59,Blocked,Minor,0,1,1,1,Moderate,1,29.997879,78.184978,2.57,3.79,6.02,1863,P1
UKD-003435,Cloudburst,Injured Person,7,0,2,1,3,0,1.42,29.9,Open,None,1,1,1,1,Moderate,1,30.270385,78.134037,1.67,3.19,1.67,1585,P2
UKD-000889,Landslide,Injured Person,96,45,9,3,11,7,0.81,11.79,Partially Blocked,Moderate,0,0,1,1,Critical,1,29.998602,78.192882,3.21,8.39,4.6,3028,P1
UKD-002657,Flood,Flooded Road,20,2,0,0,2,2,1.71,41.69,Partially Blocked,Minor,1,1,1,0,None,0,29.934443,78.11892,3.58,3.4,4.91,2447,P2
UKD-005734,Landslide,Injured Person,2,0,1,0,1,0,0.12,3.24,Open,None,1,1,1,1,Low,0,30.431458,79.372656,18.37,3.8,6.18,175,P3
UKD-002896,Cloudburst,Infrastructure Damage,195,72,6,0,20,4,2.71,49.31,Blocked,Severe,0,1,1,1,Critical,1,30.322509,78.079535,11.62,4.52,1.65,3587,P2
UKD-000818,Earthquake,Evacuation Request,65,25,0,2,8,5,0.1,1.62,Partially Blocked,Moderate,0,0,1,0,None,0,30.293656,78.038297,3.98,0.94,1.14,1735,P1
UKD-001112,Flood,Trapped People,79,65,2,2,9,7,4.46,85.16,Blocked,Severe,0,0,0,1,Moderate,1,30.124383,78.753642,2.11,10.62,30.0,1230,P1
UKD-003413,Flood,Waterlogging,12,1,0,0,3,3,2.82,63.44,Open,None,0,1,1,0,None,0,29.971068,78.041484,3.24,2.47,2.37,607,P2
UKD-002342,Flood,Evacuation Request,59,13,1,1,8,4,1.54,41.91,Partially Blocked,Minor,1,1,1,1,Low,0,30.131196,78.725415,3.32,9.53,21.53,318,P2
UKD-005991,Earthquake,Missing Person,26,3,3,7,5,7,0.05,0.95,Open,Minor,1,1,1,1,Low,0,29.476638,79.52483,2.45,2.88,1.46,558,P3
UKD-003760,Flood,Flooded Road,26,1,0,0,10,2,2.28,56.75,Partially Blocked,Moderate,1,0,1,0,None,0,29.033104,79.502736,1.6,1.65,7.2,416,P2
UKD-001265,Landslide,Flooded Road,132,20,2,4,5,6,1.79,25.21,Blocked,Severe,1,0,1,1,Low,1,30.330458,78.04921,3.73,2.72,2.47,923,P1
UKD-000991,Landslide,Infrastructure Damage,103,49,6,4,7,11,0.62,12.73,Blocked,Severe,1,0,1,1,Critical,1,29.850876,79.728916,13.51,17.84,8.9,120,P1
UKD-003236,Flood,Flooded Road,67,17,2,2,4,5,2.67,33.46,Partially Blocked,Minor,0,1,1,0,None,0,29.552686,80.008947,24.08,14.44,10.99,166,P2
UKD-001740,Cloudburst,Evacuation Request,75,21,2,2,14,6,3.07,42.06,Partially Blocked,Severe,1,1,1,1,Low,1,29.506063,79.460841,5.98,13.29,13.14,1034,P1
UKD-002478,Flood,Flooded Road,31,2,0,0,5,2,1.58,36.61,Partially Blocked,None,1,1,1,0,None,0,30.318067,78.299756,14.16,5.99,8.9,133,P2
UKD-000354,Earthquake,Injured Person,37,18,5,2,12,3,0.13,3.06,Partially Blocked,Moderate,0,0,1,1,Critical,1,29.922695,78.111619,9.02,1.01,5.16,2145,P1
UKD-005270,Flood,Missing Person,62,17,4,7,13,5,2.64,54.65,Open,Minor,0,1,1,1,Critical,1,28.920163,79.568065,1.51,0.81,3.38,3629,P3
UKD-002458,Landslide,Infrastructure Damage,4,2,0,1,0,1,0.77,14.08,Blocked,Minor,1,0,0,0,None,0,30.351713,78.139526,1.39,1.94,2.71,2613,P2
UKD-004208,Flood,Waterlogging,3,0,0,0,0,0,1.3,35.15,Open,Minor,1,1,1,0,None,0,30.266092,78.000985,2.4,1.32,2.43,3341,P3
UKD-001490,Flood,Missing Person,117,67,4,9,11,3,4.21,61.82,Blocked,Severe,0,0,1,1,Low,1,29.312877,80.210236,8.42,3.33,13.41,1026,P1
UKD-003927,Flood,Missing Person,24,10,3,6,2,3,2.55,65.51,Partially Blocked,Moderate,0,1,1,1,Moderate,1,29.355014,79.472119,7.74,6.14,10.8,933,P2
UKD-001229,Flood,Damaged House,39,1,1,1,4,3,1.78,31.89,Open,Minor,1,1,1,1,Low,0,30.013403,78.701434,3.25,3.88,5.47,701,P1
UKD-005933,Flood,Waterlogging,8,1,1,0,0,1,1.59,26.43,Open,None,0,1,1,1,Moderate,0,30.088016,78.199831,3.77,1.48,3.55,2842,P3
UKD-002690,Flood,Missing Person,35,21,1,13,6,6,2.55,68.81,Partially Blocked,Minor,0,0,0,1,Critical,1,30.259701,78.489007,22.66,20.0,16.77,66,P2
UKD-005683,Cloudburst,Waterlogging,25,1,1,0,5,3,1.83,40.64,Blocked,None,1,1,1,1,Low,0,30.252421,78.886935,28.94,2.08,14.76,101,P3
UKD-000053,Earthquake,Injured Person,14,10,2,0,1,1,0.12,3.0,Blocked,Severe,0,0,1,1,Low,0,29.462485,79.60451,9.54,9.93,6.13,319,P1
UKD-003124,Flood,Trapped People,35,19,2,4,9,1,3.76,74.66,Partially Blocked,Minor,1,0,0,1,Critical,1,29.357965,79.992547,11.02,9.0,30.0,674,P2
UKD-003949,Earthquake,Evacuation Request,153,19,5,0,9,4,0.1,2.04,Open,Moderate,1,0,1,1,Critical,1,30.289737,78.014723,2.51,2.52,9.33,4167,P2
UKD-003322,Flood,Flooded Road,49,7,1,2,11,11,2.44,46.89,Blocked,Minor,0,0,1,1,Low,1,29.897838,78.113473,4.34,3.94,10.89,1513,P2
UKD-003653,Landslide,Flooded Road,24,2,1,0,7,1,1.09,21.14,Open,None,1,0,1,1,Moderate,0,30.061272,78.759655,13.55,2.11,9.99,468,P2
UKD-001590,Cloudburst,Trapped People,55,35,4,1,9,2,2.69,55.34,Blocked,Moderate,1,1,1,1,Moderate,0,30.838238,78.478017,17.01,9.33,24.27,135,P1
UKD-001480,Flood,Injured Person,38,16,8,4,7,2,4.66,68.01,Open,Moderate,0,0,0,1,Critical,1,29.936124,78.335874,1.52,5.66,0.5,1045,P1
UKD-001470,Landslide,Evacuation Request,200,73,4,2,13,4,0.75,16.5,Blocked,Severe,0,0,1,1,Critical,1,30.165247,79.018859,15.02,13.05,20.58,114,P1
UKD-002779,Flood,Trapped People,200,83,1,0,2,4,3.36,72.62,Blocked,Minor,0,0,1,1,Moderate,1,29.962133,78.031944,2.79,1.18,9.02,4156,P2
UKD-005988,Flood,Waterlogging,4,0,0,0,1,1,1.85,42.33,Open,Minor,1,0,1,0,None,0,30.25706,78.055072,4.0,4.02,9.91,1767,P3
UKD-002079,Landslide,Damaged House,13,5,0,1,1,0,0.63,12.67,Partially Blocked,Moderate,0,1,0,0,None,0,29.312924,79.486298,8.91,4.95,4.38,472,P2
UKD-003451,Earthquake,Infrastructure Damage,93,29,3,5,12,3,0.13,2.69,Partially Blocked,Moderate,1,0,0,1,Moderate,1,30.707613,78.569101,14.38,20.0,5.04,109,P2
UKD-005912,Landslide,Damaged House,4,0,0,0,0,0,0.09,2.79,Open,Minor,1,0,1,0,None,0,29.580883,79.534774,11.94,7.87,5.34,350,P3
UKD-002952,Earthquake,Trapped People,44,34,5,5,4,3,0.14,1.79,Open,Severe,0,0,0,1,Critical,1,28.946341,79.549142,5.67,1.29,9.08,2181,P2
UKD-000437,Landslide,Damaged House,108,65,6,3,8,7,0.8,17.59,Blocked,Severe,0,1,1,1,Critical,1,30.468544,79.275764,26.01,5.35,24.52,132,P1
UKD-002887,Landslide,Infrastructure Damage,75,29,2,2,6,1,0.64,13.64,Partially Blocked,Moderate,0,1,0,1,Moderate,1,28.857298,79.426486,4.64,3.15,5.53,3498,P2
UKD-003886,Flood,Flooded Road,3,0,0,0,1,0,1.33,30.23,Partially Blocked,None,1,1,1,0,None,0,29.286832,79.568542,10.39,2.06,18.4,534,P2
UKD-001589,Cloudburst,Trapped People,72,52,3,5,11,7,3.46,69.56,Partially Blocked,Moderate,0,0,0,1,Moderate,1,29.439866,79.593258,6.12,4.46,2.7,443,P1
UKD-004418,Flood,Flooded Road,99,19,3,2,12,11,2.45,44.17,Open,Moderate,0,0,0,1,Critical,1,28.951604,79.498766,8.79,13.55,5.78,2140,P3
UKD-001591,Cloudburst,Trapped People,200,57,4,5,5,2,2.6,56.9,Partially Blocked,Minor,1,1,0,1,Critical,1,30.37221,78.112466,5.58,6.86,4.37,682,P1
UKD-003251,Cloudburst,Missing Person,128,62,4,11,12,8,3.68,71.77,Blocked,Moderate,0,1,0,1,Critical,1,30.247022,78.071233,2.85,5.3,3.3,1783,P2
UKD-000974,Flood,Waterlogging,92,18,1,0,12,8,3.74,80.35,Blocked,Minor,1,0,1,1,Low,0,29.314281,79.560675,5.24,10.95,7.65,398,P1
UKD-001239,Landslide,Infrastructure Damage,61,29,2,2,7,2,0.33,9.51,Blocked,None,1,0,1,0,None,0,30.411328,78.012699,9.42,1.26,5.86,1239,P1
UKD-002343,Cloudburst,Trapped People,93,51,3,1,6,5,3.75,55.21,Open,Moderate,1,0,0,1,Moderate,0,29.321393,79.477155,5.11,3.97,4.69,571,P2
UKD-002474,Landslide,Missing Person,161,59,7,7,12,3,0.5,11.66,Blocked,Severe,0,1,0,1,Critical,1,30.026745,78.585745,10.45,7.07,4.16,1095,P2
UKD-003589,Landslide,Evacuation Request,62,15,0,0,14,5,0.25,6.59,Partially Blocked,Minor,1,0,1,0,None,0,30.773085,78.537872,26.5,2.25,7.66,226,P2
UKD-005121,Flood,Waterlogging,71,10,0,1,11,5,3.97,62.13,Partially Blocked,Minor,0,1,0,1,Low,0,29.37526,79.513133,10.07,3.32,9.71,1082,P3
UKD-002232,Landslide,Trapped People,9,6,1,0,4,0,0.4,7.57,Partially Blocked,Minor,0,1,1,1,Critical,1,30.074969,78.769713,3.37,10.59,4.2,950,P2
UKD-002519,Landslide,Trapped People,41,19,2,1,12,5,0.42,7.57,Open,Minor,1,1,0,1,Low,0,30.351894,77.887724,7.21,5.94,6.96,2522,P2
UKD-001498,Cloudburst,Infrastructure Damage,56,31,2,4,10,15,2.13,65.21,Partially Blocked,Moderate,0,1,0,1,Moderate,0,30.269141,78.108184,15.14,2.86,1.81,1256,P1
UKD-000450,Earthquake,Damaged House,200,62,1,2,18,3,0.2,3.22,Blocked,Moderate,0,1,1,1,Low,0,30.245217,78.168845,5.0,2.81,2.27,5986,P1
UKD-002370,Flood,Flooded Road,27,4,0,3,2,1,2.5,46.54,Partially Blocked,None,1,1,0,0,None,0,30.015826,78.066283,3.53,1.62,3.62,3615,P2
UKD-004123,Flood,Evacuation Request,22,1,0,0,4,5,0.65,17.07,Open,Minor,1,1,1,0,None,0,28.824235,79.628994,2.9,3.73,10.07,885,P3
UKD-002423,Landslide,Infrastructure Damage,45,17,1,2,12,7,0.67,12.24,Blocked,Moderate,1,1,0,1,Low,0,30.34214,79.396439,27.0,2.95,16.55,127,P2
UKD-005387,Cloudburst,Waterlogging,6,1,0,0,1,0,1.06,34.81,Open,None,0,1,1,0,None,0,30.637204,78.293403,6.3,2.05,18.19,409,P3
UKD-005957,Landslide,Infrastructure Damage,36,17,5,3,3,10,0.51,14.12,Blocked,Moderate,0,1,0,1,Moderate,1,30.508732,79.220231,21.1,18.77,27.79,141,P3
UKD-001552,Flood,Infrastructure Damage,39,23,2,5,9,4,2.59,70.17,Blocked,Moderate,0,0,0,1,Critical,1,30.250014,78.021423,1.5,11.47,3.46,1931,P1
UKD-005319,Cloudburst,Flooded Road,62,16,1,2,12,5,2.79,43.9,Blocked,None,0,1,0,1,Moderate,0,28.985182,79.416332,4.17,5.31,2.09,1002,P3
UKD-001147,Landslide,Trapped People,73,63,9,3,13,11,0.74,21.15,Blocked,Severe,0,1,1,1,Low,0,30.737062,78.380989,16.02,6.5,30.0,184,P1
UKD-005599,Earthquake,Infrastructure Damage,4,1,0,0,0,1,0.01,0.31,Open,Moderate,0,1,1,0,None,0,29.959043,78.765064,10.07,2.09,11.07,724,P3
UKD-002093,Flood,Waterlogging,70,12,0,3,3,4,2.97,55.7,Partially Blocked,Minor,1,1,1,1,Moderate,0,29.955926,78.274591,3.88,5.16,6.81,1500,P2
UKD-001314,Landslide,Infrastructure Damage,42,26,1,3,11,7,0.56,10.33,Blocked,Minor,0,0,0,1,Low,0,30.321275,78.683944,11.77,16.43,30.0,564,P1
UKD-002016,Earthquake,Damaged House,65,18,0,0,9,9,0.11,1.86,Partially Blocked,Moderate,1,1,1,0,None,0,28.75,79.47563,4.92,6.93,10.85,942,P2
UKD-004307,Landslide,Injured Person,13,4,2,0,2,1,0.63,12.84,Partially Blocked,Moderate,0,1,1,1,Low,0,30.241028,79.149246,15.63,5.58,22.73,354,P3
UKD-003709,Landslide,Flooded Road,133,15,1,0,17,8,0.97,18.56,Blocked,None,1,1,1,1,Moderate,1,30.361415,78.040202,1.76,4.56,8.97,895,P2
UKD-003009,Flood,Flooded Road,57,14,1,2,5,10,2.62,48.2,Blocked,Moderate,1,0,0,1,Moderate,1,30.377831,77.938426,2.92,2.08,2.16,1038,P2
UKD-001382,Flood,Infrastructure Damage,91,30,3,1,3,1,2.29,62.23,Open,Moderate,0,1,1,1,Moderate,1,29.282164,79.442389,3.59,0.49,5.12,290,P1
UKD-003249,Landslide,Damaged House,27,20,5,1,11,0,0.5,14.87,Blocked,Severe,0,0,1,1,Moderate,1,30.075603,78.287175,3.01,2.33,2.87,572,P2
UKD-000414,Flood,Evacuation Request,8,1,1,0,2,0,1.14,25.92,Partially Blocked,Minor,1,1,1,1,Low,0,29.880992,78.226664,8.59,4.63,3.49,3958,P1
UKD-000942,Landslide,Infrastructure Damage,168,40,3,1,4,1,0.7,14.18,Blocked,Minor,1,1,1,1,Critical,1,30.546444,78.674437,30.0,6.86,17.05,603,P1
UKD-000802,Flood,Damaged House,47,13,3,5,4,7,2.92,63.95,Partially Blocked,Moderate,1,0,1,1,Critical,1,29.353829,80.043661,4.38,6.69,12.75,735,P1
UKD-004914,Landslide,Infrastructure Damage,5,4,0,1,2,0,0.1,1.96,Blocked,None,0,1,1,0,None,0,28.965914,79.532926,6.9,7.48,2.24,438,P3
UKD-005484,Landslide,Trapped People,92,71,4,2,8,8,0.71,18.08,Partially Blocked,Severe,0,1,0,1,Moderate,0,30.921524,78.396761,11.0,6.07,14.6,374,P3
UKD-000257,Landslide,Evacuation Request,133,36,4,5,6,4,0.99,20.22,Partially Blocked,Severe,1,0,0,1,Moderate,1,30.37824,78.594842,19.0,7.18,17.82,399,P1
UKD-005887,Earthquake,Missing Person,1,0,0,1,1,0,0.02,0.45,Partially Blocked,Minor,1,1,1,0,None,0,29.943799,78.081428,2.53,4.36,8.32,877,P3
UKD-002236,Landslide,Injured Person,15,6,3,0,2,3,0.44,8.02,Partially Blocked,Minor,1,1,0,1,Low,0,29.658301,79.698162,1.33,6.12,1.75,624,P2
UKD-000648,Landslide,Trapped People,34,30,8,3,3,7,0.96,18.42,Blocked,Severe,0,0,0,1,Critical,1,30.318322,77.99901,23.24,0.2,5.26,1308,P1
UKD-001768,Earthquake,Missing Person,129,66,5,11,8,8,0.13,3.21,Blocked,Minor,0,0,1,1,Low,0,29.397922,79.52193,11.85,2.83,8.49,535,P1
UKD-004106,Cloudburst,Waterlogging,11,0,0,0,0,1,1.18,26.75,Open,None,1,1,1,0,None,0,30.323597,78.594185,15.61,7.1,19.82,109,P3
UKD-003936,Earthquake,Infrastructure Damage,48,13,3,1,7,10,0.12,1.73,Partially Blocked,Severe,1,0,0,1,Critical,1,29.964112,78.095136,1.12,7.18,6.14,1337,P2
UKD-005413,Flood,Flooded Road,20,1,0,0,5,2,1.43,29.49,Open,None,1,0,1,0,None,0,28.884424,79.450333,0.8,2.79,4.65,537,P3
UKD-003950,Flood,Evacuation Request,15,5,2,0,2,2,2.16,51.02,Blocked,Minor,0,1,1,1,Critical,1,29.466784,79.51925,7.37,3.06,12.3,255,P2
UKD-000025,Flood,Missing Person,25,17,2,4,3,6,4.04,74.98,Partially Blocked,Minor,0,0,1,1,Moderate,0,29.423524,79.487627,2.34,7.12,8.7,305,P1
UKD-001089,Landslide,Injured Person,91,62,8,3,16,5,0.78,20.94,Blocked,Severe,0,1,0,1,Critical,1,29.70086,78.160852,7.6,2.9,5.38,3862,P1
UKD-005112,Flood,Flooded Road,35,1,0,1,7,4,2.43,43.86,Open,Moderate,1,1,1,1,Low,0,30.133415,78.751118,12.51,3.89,5.82,386,P3
UKD-004166,Cloudburst,Infrastructure Damage,51,5,1,1,13,5,1.47,25.65,Open,Minor,1,1,1,1,Low,1,30.477099,79.260151,11.43,7.71,7.34,450,P3
UKD-000113,Landslide,Infrastructure Damage,31,18,0,1,7,2,0.65,8.33,Blocked,Minor,0,0,1,0,None,0,30.321558,79.418173,16.3,2.37,12.3,172,P1
UKD-002312,Flood,Waterlogging,21,2,2,0,1,5,2.41,66.06,Partially Blocked,Severe,1,0,1,1,Moderate,0,30.031525,78.18428,1.0,1.6,1.64,1329,P2
UKD-004648,Earthquake,Damaged House,34,5,2,0,9,2,0.07,1.38,Open,Minor,1,0,1,1,Critical,1,29.6738,80.281688,21.91,9.18,9.44,535,P3
UKD-000057,Landslide,Infrastructure Damage,25,12,3,0,7,2,0.5,8.06,Blocked,Moderate,0,0,1,1,Low,0,29.619836,79.689459,4.24,5.81,4.32,490,P1
UKD-001310,Cloudburst,Evacuation Request,3,3,1,0,1,0,3.01,46.61,Blocked,Severe,0,1,1,1,Moderate,1,30.36199,78.023473,2.3,3.19,7.53,4755,P1
UKD-000696,Landslide,Damaged House,16,2,2,0,3,2,0.31,7.1,Open,Severe,1,1,0,1,Moderate,1,30.505696,79.300004,8.06,10.48,19.98,197,P1
UKD-004367,Flood,Waterlogging,12,0,0,0,4,3,1.63,35.27,Open,None,1,1,1,0,None,0,30.222512,78.869676,8.63,4.09,8.78,163,P3
UKD-001228,Landslide,Damaged House,78,40,4,2,12,5,0.81,14.73,Partially Blocked,Severe,0,0,0,1,Low,0,30.203049,78.867157,8.67,4.42,6.89,1279,P1
UKD-002000,Cloudburst,Injured Person,87,64,10,2,8,4,3.79,65.92,Blocked,Moderate,0,0,0,1,Moderate,0,29.355899,80.149705,15.09,2.28,19.09,323,P1
UKD-000277,Earthquake,Injured Person,10,4,3,1,2,1,0.13,3.62,Partially Blocked,Severe,0,0,0,1,Moderate,0,30.420046,78.557355,9.62,3.81,11.84,344,P1
UKD-004061,Landslide,Injured Person,26,7,6,1,4,6,0.43,8.12,Partially Blocked,Moderate,1,0,1,1,Low,0,30.17203,78.175679,3.45,4.98,2.36,1470,P3
UKD-003008,Earthquake,Infrastructure Damage,16,6,0,0,4,1,0.02,0.67,Blocked,None,1,1,1,0,None,0,29.904232,78.195793,2.02,5.64,2.37,1387,P2
UKD-001834,Flood,Flooded Road,17,3,3,0,0,3,2.95,68.65,Partially Blocked,Severe,0,0,1,1,Low,0,28.988075,79.615956,2.29,1.23,5.51,10000,P1
UKD-000683,Flood,Injured Person,31,23,11,1,5,2,2.99,97.5,Blocked,Severe,0,0,1,1,Critical,1,29.960414,78.038988,7.99,4.89,6.72,10000,P1
UKD-003140,Cloudburst,Injured Person,12,8,6,0,2,2,1.02,25.94,Blocked,None,0,1,1,1,Moderate,1,30.733817,78.265073,9.67,10.56,30.0,79,P2
UKD-004335,Landslide,Infrastructure Damage,57,12,2,1,15,5,0.47,10.23,Partially Blocked,Moderate,1,1,1,1,Low,0,29.619616,80.087686,4.52,13.83,8.85,155,P3
UKD-001138,Flood,Flooded Road,69,18,4,1,18,8,4.45,100.0,Blocked,Moderate,1,0,1,1,Critical,1,28.984103,79.578588,8.11,2.08,3.07,4487,P1
UKD-003753,Cloudburst,Damaged House,53,21,1,1,19,2,2.35,37.06,Blocked,Moderate,1,0,1,0,None,0,30.535064,79.42559,14.57,3.57,15.25,147,P2
UKD-003783,Cloudburst,Infrastructure Damage,1,0,0,0,1,0,1.18,16.28,Blocked,Minor,0,0,1,0,None,0,30.216306,78.057834,1.88,2.86,1.26,2374,P2
UKD-003012,Earthquake,Damaged House,13,10,1,0,2,4,0.09,1.66,Partially Blocked,Severe,0,0,1,1,Low,0,29.457341,79.361813,8.28,7.26,11.28,375,P2
UKD-004089,Flood,Damaged House,33,15,0,4,4,11,1.28,30.22,Blocked,Minor,1,0,1,1,Low,0,29.994086,78.127244,3.05,1.88,23.78,5605,P3
UKD-004834,Cloudburst,Flooded Road,4,0,1,0,1,0,0.87,19.78,Open,None,1,1,1,1,Moderate,1,30.180632,79.534404,9.94,17.2,18.05,458,P3
UKD-001347,Landslide,Injured Person,43,27,13,1,11,6,0.7,14.08,Blocked,Severe,0,1,0,1,Low,1,30.052841,78.195358,6.3,13.72,4.79,2198,P1
UKD-002551,Landslide,Infrastructure Damage,52,14,2,1,8,3,0.4,9.62,Partially Blocked,Minor,1,0,1,1,Moderate,0,29.433653,79.389846,2.36,0.99,6.33,231,P2
UKD-004923,Landslide,Trapped People,13,4,0,0,2,2,0.4,8.96,Blocked,Moderate,1,1,1,0,None,0,30.311921,77.969364,7.05,5.11,12.8,1863,P3
UKD-002802,Cloudburst,Flooded Road,42,9,2,4,11,8,2.49,68.81,Blocked,Moderate,0,0,0,1,Low,0,29.468045,80.152706,8.11,13.12,4.68,201,P2
UKD-002385,Flood,Flooded Road,190,18,7,0,10,7,3.4,100.0,Blocked,Severe,1,1,1,1,Critical,1,28.940025,79.442882,6.49,2.79,4.29,3368,P2
UKD-004767,Cloudburst,Flooded Road,43,4,0,3,9,3,2.17,29.21,Blocked,Minor,1,1,0,0,None,0,30.340419,78.003051,6.13,3.22,12.02,2679,P3
UKD-004177,Flood,Missing Person,3,1,0,1,0,0,0.69,20.72,Partially Blocked,None,1,1,0,0,None,0,30.80887,78.527983,11.46,13.45,13.17,525,P3
UKD-003254,Landslide,Damaged House,21,2,3,0,8,4,0.39,5.24,Open,Severe,1,0,1,0,None,0,30.225447,77.981134,3.72,3.95,2.92,3523,P2
UKD-002610,Landslide,Infrastructure Damage,9,4,1,0,2,0,0.69,13.08,Partially Blocked,Severe,1,0,0,0,None,0,30.434787,77.9719,4.79,4.2,1.52,3730,P2
UKD-003255,Cloudburst,Damaged House,31,14,0,4,9,3,2.53,38.54,Partially Blocked,Minor,0,1,1,0,None,0,30.209057,78.945224,13.99,17.06,3.44,275,P2
UKD-002570,Cloudburst,Trapped People,70,53,2,1,6,5,2.08,53.4,Blocked,Moderate,0,1,1,0,None,0,30.26409,78.832156,19.27,4.81,3.96,2208,P2
UKD-002754,Flood,Evacuation Request,14,0,0,0,1,2,0.56,12.83,Open,None,1,1,1,1,Low,1,30.320851,77.977749,0.5,6.89,2.96,3228,P2
UKD-004989,Landslide,Injured Person,5,0,2,0,1,0,0.18,3.65,Partially Blocked,Minor,1,1,0,1,Moderate,1,29.964903,78.130921,1.58,2.41,10.38,2156,P3
UKD-004927,Cloudburst,Waterlogging,33,3,0,1,13,5,1.76,43.65,Partially Blocked,None,1,0,1,0,None,0,30.336695,78.598259,6.2,7.5,20.77,84,P3
UKD-000082,Flood,Evacuation Request,33,18,5,1,11,4,2.98,67.6,Blocked,Moderate,1,0,1,1,Critical,1,29.940571,79.792254,25.91,7.43,16.18,331,P1
UKD-001973,Cloudburst,Missing Person,200,56,3,9,10,6,3.13,67.2,Blocked,Severe,0,1,1,1,Moderate,1,30.463927,78.670601,14.68,20.0,12.85,128,P1
UKD-001715,Landslide,Trapped People,55,40,2,4,11,4,0.74,12.18,Partially Blocked,Moderate,0,0,1,1,Critical,1,30.334088,77.848872,1.35,1.43,3.12,682,P1
UKD-003143,Cloudburst,Trapped People,19,11,0,2,2,0,1.73,36.82,Open,Minor,1,1,1,0,None,0,30.394165,79.332856,5.8,9.73,12.36,454,P2
UKD-003623,Cloudburst,Trapped People,107,52,1,5,14,4,2.55,52.57,Partially Blocked,Moderate,1,1,1,1,Moderate,1,29.413927,79.38451,14.58,4.12,8.27,1311,P2
UKD-001947,Cloudburst,Injured Person,30,19,4,0,3,2,1.27,34.13,Blocked,Moderate,0,1,1,1,Moderate,0,29.631558,80.110192,20.92,6.48,16.22,256,P1
UKD-003318,Earthquake,Infrastructure Damage,52,33,5,1,7,9,0.13,2.62,Blocked,Severe,0,0,1,1,Critical,1,30.267218,78.08273,8.57,2.07,2.52,465,P2
UKD-004085,Landslide,Flooded Road,18,1,1,1,1,5,0.63,16.22,Open,Minor,0,0,1,1,Low,0,30.342605,78.011314,4.72,7.07,2.81,2486,P3
UKD-004710,Flood,Infrastructure Damage,18,8,0,2,6,0,1.51,31.04,Blocked,Minor,0,1,0,0,None,0,30.802232,78.417371,14.64,17.64,20.32,193,P3
UKD-001611,Cloudburst,Injured Person,36,20,9,6,7,2,2.3,57.85,Partially Blocked,Moderate,0,0,0,1,Moderate,1,30.338281,78.089702,9.28,4.25,3.27,1744,P1
UKD-004641,Earthquake,Waterlogging,6,0,0,1,2,1,0.65,14.71,Open,Moderate,0,1,0,0,None,0,29.860175,78.051844,1.25,5.29,7.19,667,P3
UKD-002891,Cloudburst,Evacuation Request,65,13,1,0,11,6,1.37,17.01,Partially Blocked,None,1,0,1,1,Low,0,30.619363,78.350402,16.58,11.42,5.79,569,P2
UKD-003246,Earthquake,Missing Person,54,33,3,10,13,4,0.13,2.76,Blocked,Moderate,0,0,0,1,Critical,1,29.314504,79.492328,10.02,11.18,5.8,333,P2
UKD-005864,Flood,Missing Person,15,3,0,4,2,1,1.42,29.12,Partially Blocked,None,1,1,1,0,None,0,28.974625,79.561602,0.5,1.35,3.81,799,P3
UKD-004626,Flood,Damaged House,98,9,2,0,6,6,2.77,44.53,Open,Moderate,1,1,1,1,Moderate,0,29.740464,79.914419,12.3,7.96,5.62,558,P3
UKD-000666,Earthquake,Missing Person,105,71,1,10,8,6,0.12,3.52,Blocked,Moderate,0,0,0,1,Moderate,1,30.376246,78.960765,15.33,18.73,11.9,231,P1
UKD-002195,Flood,Waterlogging,23,1,1,0,5,5,2.0,46.6,Open,Minor,1,1,1,1,Moderate,1,30.198883,78.065734,3.79,1.65,6.09,2609,P2
UKD-005723,Earthquake,Injured Person,6,0,1,0,1,0,0.08,1.19,Partially Blocked,Moderate,1,1,1,0,None,0,30.435844,77.962516,3.94,4.51,4.36,1381,P3
UKD-005101,Cloudburst,Trapped People,3,2,0,0,0,0,0.73,14.51,Open,Minor,0,1,1,0,None,0,30.052708,78.75217,3.77,10.91,30.0,1160,P3
UKD-001018,Flood,Flooded Road,200,31,2,2,12,9,4.61,82.56,Blocked,Moderate,0,0,1,1,Moderate,0,29.88672,78.104518,9.64,1.41,2.05,1561,P1
UKD-000558,Landslide,Injured Person,136,67,13,1,8,5,0.88,20.63,Blocked,Severe,0,0,0,1,Critical,1,29.811667,79.736728,13.29,20.0,30.0,185,P1
UKD-004399,Cloudburst,Flooded Road,32,1,1,0,4,3,1.67,27.91,Open,None,1,1,1,1,Low,1,29.364957,79.291145,6.54,7.13,9.65,741,P3
UKD-005767,Flood,Waterlogging,2,1,0,0,0,0,0.79,29.51,Partially Blocked,Minor,1,1,1,0,None,0,28.987059,79.585559,4.46,7.25,7.12,1693,P3
UKD-001208,Flood,Trapped People,29,10,1,1,6,6,1.39,41.63,Open,Minor,1,1,1,0,None,0,29.004986,79.513418,0.92,2.22,0.82,1431,P1
UKD-003803,Flood,Waterlogging,75,21,1,6,11,6,3.17,63.71,Partially Blocked,Minor,0,0,0,1,Moderate,0,29.877007,78.053072,3.93,1.16,1.7,797,P2
UKD-003025,Landslide,Infrastructure Damage,21,10,0,1,1,2,0.61,10.88,Blocked,Minor,1,1,1,1,Critical,1,29.405151,79.357335,3.96,8.43,4.17,404,P2
UKD-001511,Landslide,Infrastructure Damage,64,35,2,0,6,5,0.53,12.0,Blocked,None,0,1,1,1,Moderate,0,30.757628,78.459602,21.03,9.98,10.69,479,P1
UKD-005115,Cloudburst,Injured Person,27,11,8,0,4,2,1.26,35.84,Open,Minor,0,0,1,0,None,0,28.959067,79.510066,4.89,3.24,5.73,1136,P3
UKD-005550,Cloudburst,Trapped People,53,21,2,3,7,5,1.79,26.79,Open,None,1,1,0,1,Low,0,29.503439,79.480228,16.16,1.44,12.49,1142,P3
UKD-004202,Landslide,Infrastructure Damage,28,19,0,1,13,0,0.42,9.84,Blocked,Minor,0,1,0,1,Low,0,29.802608,78.189928,3.31,6.51,2.72,609,P3
UKD-004568,Flood,Waterlogging,11,1,0,0,7,0,1.38,40.74,Open,None,1,1,1,1,Low,0,30.218207,78.666425,13.82,8.54,10.37,248,P3
UKD-000267,Cloudburst,Infrastructure Damage,14,8,0,3,3,2,2.42,46.67,Blocked,None,0,1,1,0,None,0,30.21374,78.407057,18.42,9.8,4.2,912,P1
UKD-002689,Earthquake,Trapped People,22,7,2,0,6,2,0.11,2.15,Open,Moderate,1,1,0,1,Low,0,30.236882,77.951861,6.31,1.79,4.5,1121,P2
UKD-005463,Flood,Waterlogging,14,0,0,0,5,3,1.58,24.24,Partially Blocked,None,1,1,1,0,None,0,30.787235,78.630287,12.38,13.76,14.34,254,P3
UKD-002112,Flood,Injured Person,3,0,1,0,0,1,0.71,11.4,Partially Blocked,Minor,1,1,1,1,Moderate,1,28.92715,79.575649,16.91,4.19,4.46,2175,P2
UKD-002944,Landslide,Evacuation Request,22,5,2,0,6,4,0.45,9.86,Partially Blocked,Moderate,1,1,1,0,None,0,30.272789,78.776751,23.64,9.73,5.9,315,P2
UKD-001910,Landslide,Injured Person,31,6,7,3,6,0,0.79,14.87,Partially Blocked,Moderate,1,1,1,1,Moderate,1,30.428802,78.622762,9.69,9.65,22.54,247,P1
UKD-003106,Cloudburst,Flooded Road,73,13,2,3,9,5,2.25,47.44,Partially Blocked,Minor,0,1,0,1,Critical,1,29.965425,78.261953,1.0,0.6,2.88,321,P2
UKD-003904,Earthquake,Evacuation Request,94,10,1,2,17,5,0.08,1.59,Open,Severe,1,0,1,1,Low,1,29.420778,79.351719,7.12,5.89,11.98,720,P2
UKD-003952,Flood,Missing Person,116,55,3,8,11,4,2.72,80.56,Blocked,Minor,0,1,0,1,Critical,1,29.440186,79.461763,13.57,2.97,8.84,1365,P2
UKD-004237,Flood,Flooded Road,6,0,0,0,3,0,1.58,33.93,Open,None,1,1,1,0,None,0,29.025634,79.546757,4.0,2.6,11.58,2045,P3
UKD-003571,Earthquake,Infrastructure Damage,45,2,3,1,5,2,0.06,1.32,Open,Severe,1,1,1,1,Critical,1,30.396628,77.972061,4.99,1.24,2.82,1221,P2
UKD-004824,Earthquake,Missing Person,44,1,0,7,10,9,0.04,0.96,Open,None,1,1,1,0,None,0,29.721106,79.651802,7.65,8.19,6.35,934,P3
UKD-003218,Cloudburst,Evacuation Request,11,0,0,0,3,0,0.93,27.57,Open,None,1,1,1,0,None,0,30.245768,78.678535,11.94,2.98,6.78,214,P2
UKD-001785,Earthquake,Evacuation Request,75,48,1,2,8,2,0.14,2.66,Blocked,Severe,0,0,1,1,Moderate,1,30.077209,78.251136,3.12,5.03,2.78,2246,P1
UKD-001238,Flood,Infrastructure Damage,163,66,2,4,6,10,3.29,100.0,Blocked,Moderate,0,0,1,1,Critical,1,28.887981,79.48168,2.45,2.61,8.78,1823,P1
UKD-004992,Earthquake,Damaged House,47,22,4,0,9,9,0.07,1.93,Partially Blocked,Severe,0,1,1,1,Critical,1,29.6292,80.205625,12.14,9.75,13.57,198,P3
UKD-004701,Cloudburst,Trapped People,5,3,0,0,1,1,0.5,9.41,Open,None,1,1,1,0,None,0,30.332122,78.084301,5.63,1.58,6.34,1539,P3
UKD-004201,Landslide,Evacuation Request,16,3,0,0,4,2,0.22,3.83,Partially Blocked,None,1,1,1,0,None,0,30.220396,78.022885,1.75,4.42,7.42,2877,P3
UKD-004866,Landslide,Evacuation Request,22,4,0,0,3,1,0.27,5.07,Partially Blocked,Minor,1,1,1,0,None,0,30.440687,77.979527,5.76,3.42,1.31,5344,P3
UKD-005921,Landslide,Trapped People,19,10,0,1,2,2,0.33,9.21,Partially Blocked,Moderate,1,1,1,1,Low,0,29.389432,79.398845,4.01,6.77,4.22,1098,P3
UKD-002187,Flood,Evacuation Request,104,47,8,1,6,7,3.48,59.36,Blocked,Severe,1,0,1,1,Critical,1,29.505076,79.816198,3.96,5.85,4.47,1874,P2
UKD-003448,Flood,Trapped People,34,16,3,2,3,6,2.61,35.38,Open,Minor,0,1,1,1,Critical,1,29.56298,79.553898,5.71,12.27,9.45,1055,P2
UKD-000909,Cloudburst,Waterlogging,44,10,0,3,5,7,2.23,40.85,Blocked,Moderate,0,0,1,0,None,0,30.805994,78.610248,14.38,4.13,22.26,143,P1
UKD-004319,Landslide,Infrastructure Damage,34,22,2,1,8,5,0.33,5.89,Blocked,Moderate,0,0,1,1,Low,0,29.344379,80.063991,24.74,7.87,8.33,1004,P3
UKD-001304,Cloudburst,Injured Person,42,29,8,2,7,3,3.51,70.92,Blocked,Moderate,0,1,0,1,Critical,1,29.52094,79.746585,11.18,8.13,6.44,768,P1
UKD-005602,Cloudburst,Damaged House,6,1,0,0,2,0,0.77,14.65,Open,Minor,1,1,0,0,None,0,30.163781,79.213259,4.46,2.73,13.93,235,P3
UKD-001628,Flood,Evacuation Request,200,70,5,0,4,11,4.35,64.82,Blocked,Severe,0,0,1,1,Critical,1,30.263361,78.136461,6.66,8.58,4.64,1581,P1
UKD-001523,Landslide,Trapped People,101,29,1,2,11,5,0.48,8.15,Open,Moderate,1,1,1,1,Critical,1,30.115745,78.741317,14.8,2.97,3.89,1104,P1
UKD-000836,Earthquake,Trapped People,107,58,7,2,16,4,0.11,2.32,Partially Blocked,Severe,0,0,0,1,Moderate,1,29.954361,78.167655,0.68,4.15,5.12,2426,P1
UKD-000359,Earthquake,Trapped People,80,70,5,2,3,8,0.15,3.64,Blocked,Severe,0,0,1,1,Low,0,29.383422,79.330161,10.16,9.86,6.36,497,P1
UKD-000139,Flood,Flooded Road,150,20,7,3,7,1,3.43,75.86,Partially Blocked,Severe,0,0,1,1,Critical,1,30.22887,78.013715,2.7,7.1,5.95,983,P1
UKD-000300,Landslide,Trapped People,55,48,6,2,10,3,0.93,13.82,Blocked,Severe,0,1,0,1,Moderate,0,30.944085,78.6043,12.04,20.0,19.82,201,P1
UKD-001557,Landslide,Infrastructure Damage,180,26,2,4,16,3,0.78,15.85,Partially Blocked,Minor,1,0,0,0,None,0,29.999781,78.190752,5.11,2.33,4.5,1669,P1
UKD-001004,Flood,Damaged House,200,65,8,5,11,5,4.03,77.53,Blocked,Severe,0,0,0,1,Critical,1,29.488281,79.511342,20.2,3.67,12.85,733,P1
UKD-000383,Earthquake,Evacuation Request,92,58,3,1,12,5,0.13,2.47,Blocked,Severe,0,1,0,1,Critical,1,30.560214,78.347573,8.56,8.06,7.34,409,P1
UKD-004195,Flood,Infrastructure Damage,58,19,0,0,3,7,2.23,32.98,Open,None,0,0,1,0,None,0,29.362656,80.182311,28.14,8.18,6.07,340,P3
UKD-000762,Earthquake,Damaged House,30,12,4,4,4,3,0.12,2.02,Open,Severe,0,0,1,1,Critical,1,29.326204,79.472627,8.66,0.6,12.31,197,P1
UKD-005722,Landslide,Missing Person,3,1,0,1,1,1,0.13,2.48,Partially Blocked,None,0,1,1,0,None,0,29.323955,79.478296,9.81,9.77,4.18,832,P3
UKD-002955,Flood,Evacuation Request,8,0,0,0,1,2,0.87,13.67,Open,Minor,1,1,1,0,None,0,30.501004,78.167773,1.08,2.73,4.2,1542,P2
UKD-004175,Landslide,Damaged House,46,10,1,0,13,6,0.24,8.07,Partially Blocked,Minor,1,1,1,1,Low,0,30.186657,78.064101,11.85,0.84,2.4,2979,P3
UKD-004848,Landslide,Flooded Road,48,8,2,2,9,4,1.06,22.57,Partially Blocked,Minor,1,0,1,1,Moderate,1,29.427201,79.520328,18.95,4.15,28.72,507,P3
UKD-004440,Flood,Flooded Road,20,7,2,2,1,4,2.1,64.79,Blocked,None,0,1,1,1,Low,1,30.263566,78.001549,5.06,4.32,0.5,1776,P3
UKD-001403,Flood,Evacuation Request,95,61,1,2,12,12,2.43,72.95,Blocked,Moderate,0,1,1,1,Low,1,30.304683,78.715304,4.16,1.45,23.26,1203,P1
UKD-002938,Earthquake,Infrastructure Damage,91,57,5,1,9,7,0.09,2.37,Blocked,Severe,0,0,1,1,Moderate,1,28.952555,79.571621,10.74,2.36,2.17,1784,P2
UKD-005844,Earthquake,Injured Person,4,1,1,0,0,2,0.03,0.51,Open,None,1,1,1,1,Low,1,30.088191,79.879588,3.89,18.76,9.27,92,P3
UKD-001933,Cloudburst,Injured Person,85,64,6,4,9,9,3.48,57.59,Blocked,Moderate,0,0,0,1,Critical,1,29.908915,78.089234,4.54,2.13,9.88,2407,P1
UKD-003211,Flood,Evacuation Request,7,4,0,0,2,0,1.36,30.17,Partially Blocked,Moderate,1,1,1,0,None,0,30.082031,78.143754,5.67,5.92,3.53,1102,P2
UKD-002898,Cloudburst,Injured Person,22,13,5,0,4,3,1.39,24.81,Blocked,Moderate,0,1,1,1,Moderate,0,30.192252,78.716328,9.17,2.65,11.8,170,P2
UKD-005568,Flood,Waterlogging,0,0,0,0,0,0,1.17,16.89,Open,None,1,0,1,0,None,0,29.982982,78.10127,11.58,4.87,3.85,1581,P3
UKD-005144,Cloudburst,Flooded Road,11,3,0,0,5,1,1.65,20.08,Blocked,None,1,1,1,1,Low,0,30.15918,78.75233,3.5,5.26,9.32,275,P3
UKD-002828,Flood,Waterlogging,5,2,0,1,0,1,2.11,51.95,Partially Blocked,None,1,1,1,0,None,0,30.224844,78.077747,4.68,2.2,2.34,7038,P2
UKD-003871,Earthquake,Infrastructure Damage,44,28,0,3,13,1,0.13,2.72,Blocked,Moderate,0,1,0,1,Moderate,0,29.024867,79.482348,0.89,2.85,0.67,3291,P2
UKD-002756,Flood,Missing Person,39,18,3,8,5,1,3.48,51.04,Open,Severe,0,0,1,1,Moderate,0,30.322913,78.03656,15.5,0.52,1.84,6182,P2
UKD-000059,Landslide,Infrastructure Damage,200,77,0,0,14,4,0.89,19.86,Blocked,Moderate,0,0,1,1,Critical,0,29.469246,79.473587,10.2,7.24,8.91,876,P1
UKD-000077,Flood,Trapped People,200,92,5,3,16,7,3.09,73.95,Blocked,Moderate,0,1,1,1,Moderate,1,30.16525,78.682005,30.0,4.35,15.72,486,P1
UKD-000797,Cloudburst,Evacuation Request,119,47,1,1,13,7,2.46,48.33,Blocked,None,1,1,1,1,Low,1,30.194761,78.738453,5.93,2.93,18.0,1058,P1
UKD-002417,Flood,Trapped People,73,46,3,3,9,3,4.44,58.17,Open,Moderate,0,1,0,1,Moderate,1,30.281341,79.300606,7.03,13.11,6.05,136,P2
UKD-002986,Cloudburst,Damaged House,200,37,2,3,6,4,2.61,38.0,Open,Moderate,0,0,1,1,Critical,0,29.633059,80.228417,16.12,8.07,26.81,129,P2
UKD-004388,Cloudburst,Trapped People,10,4,0,0,1,0,0.76,14.48,Partially Blocked,None,0,1,1,0,None,0,30.237785,78.76335,12.33,8.68,3.75,279,P3
UKD-000786,Flood,Evacuation Request,98,43,3,2,17,4,2.96,70.37,Blocked,Moderate,1,0,1,1,Low,0,30.136384,78.032346,1.57,2.03,12.78,5208,P1
UKD-005018,Landslide,Trapped People,11,1,0,0,1,5,0.21,3.83,Open,None,1,1,1,0,None,0,29.364514,79.432831,3.93,9.65,5.45,215,P3
UKD-005068,Landslide,Injured Person,5,0,1,0,3,0,0.14,2.92,Open,Minor,1,1,1,0,None,0,29.644578,80.204495,2.38,8.35,4.86,178,P3
UKD-002218,Landslide,Damaged House,26,15,2,1,5,5,0.43,10.15,Blocked,Moderate,0,1,0,1,Moderate,1,30.376867,78.517857,30.0,13.72,25.76,253,P2
UKD-005322,Landslide,Trapped People,41,13,1,3,8,2,0.42,6.58,Open,Minor,1,1,1,1,Moderate,1,29.887929,78.147836,4.01,6.51,0.5,1488,P3
UKD-005029,Earthquake,Infrastructure Damage,37,14,1,0,4,1,0.08,1.76,Partially Blocked,Moderate,0,1,1,1,Moderate,0,29.461275,79.523087,6.67,4.92,3.73,2670,P3
UKD-003505,Earthquake,Evacuation Request,80,26,2,3,5,5,0.11,1.56,Partially Blocked,Moderate,1,1,0,1,Moderate,1,29.58869,79.678443,7.18,8.03,16.36,1053,P2
UKD-003371,Flood,Waterlogging,11,1,0,0,0,0,1.46,42.19,Open,Moderate,1,1,1,0,None,0,30.272493,78.875839,4.62,5.34,2.22,241,P2
UKD-003983,Flood,Evacuation Request,19,1,0,2,3,0,1.32,27.53,Open,None,1,1,1,0,None,0,30.346592,78.076681,5.47,2.74,6.78,2049,P2
UKD-004629,Landslide,Damaged House,40,13,0,0,8,11,0.31,7.57,Blocked,Moderate,1,0,1,0,None,0,30.229791,78.423119,16.71,2.95,14.7,180,P3
UKD-000911,Flood,Flooded Road,31,5,2,3,11,3,2.17,54.65,Partially Blocked,Minor,0,1,0,0,None,0,29.40875,79.438004,11.34,4.58,10.23,722,P1
UKD-002173,Flood,Missing Person,108,45,5,8,10,2,3.87,75.85,Blocked,Severe,1,0,0,1,Moderate,0,30.030122,78.106077,8.96,3.43,7.66,1841,P2
UKD-003519,Cloudburst,Injured Person,20,2,5,0,6,2,1.3,20.62,Partially Blocked,Minor,1,0,1,1,Low,0,29.433471,80.396929,28.06,9.32,11.06,282,P2
UKD-002310,Flood,Evacuation Request,12,8,0,1,2,3,2.1,49.19,Partially Blocked,Minor,0,1,1,0,None,0,30.371763,78.473402,14.57,19.44,4.93,254,P2
UKD-005895,Cloudburst,Evacuation Request,2,0,0,0,1,0,0.39,10.78,Open,None,1,1,0,0,None,0,30.236522,78.810383,6.4,3.85,2.18,1481,P3
UKD-001258,Earthquake,Trapped People,200,79,6,1,8,7,0.17,3.74,Blocked,Severe,0,0,1,1,Critical,1,28.925823,79.402842,3.82,0.51,8.11,1206,P1
UKD-002496,Landslide,Flooded Road,34,6,0,2,7,3,1.21,24.26,Open,Minor,0,0,1,1,Low,0,29.352655,79.384896,8.34,4.45,12.6,854,P2
UKD-004521,Landslide,Infrastructure Damage,24,2,1,0,6,1,0.24,6.58,Open,Moderate,1,1,1,1,Low,0,30.260607,78.000812,2.56,5.45,1.86,2419,P3
UKD-004886,Landslide,Damaged House,22,6,0,0,8,1,0.44,9.64,Partially Blocked,Minor,1,0,1,1,Low,0,30.412549,77.963226,10.51,4.72,0.5,1629,P3
UKD-001179,Flood,Flooded Road,36,7,6,1,8,5,2.93,93.6,Blocked,Severe,0,0,0,1,Low,0,30.272661,78.04879,5.88,1.35,4.12,2320,P1
UKD-004514,Flood,Flooded Road,2,0,0,0,0,0,0.81,19.1,Partially Blocked,Minor,0,1,1,0,None,0,28.904395,79.428414,16.3,0.74,8.23,646,P3
UKD-004899,Flood,Waterlogging,50,6,1,1,14,1,2.94,60.29,Partially Blocked,Moderate,1,1,1,1,Low,1,28.90997,79.439742,2.69,1.78,0.86,2229,P3
UKD-000443,Cloudburst,Damaged House,7,4,1,1,0,2,2.86,83.49,Blocked,Severe,0,1,0,1,Critical,1,30.356318,78.52606,17.25,20.0,7.85,287,P1
UKD-004067,Flood,Injured Person,14,3,3,3,3,5,1.29,26.7,Blocked,None,1,1,1,1,Low,1,30.341357,77.912733,3.61,13.22,9.4,3736,P3
UKD-003039,Flood,Evacuation Request,81,47,4,0,7,5,2.18,47.53,Blocked,None,0,1,1,1,Moderate,1,30.293797,78.072705,5.68,2.69,6.78,2563,P2
UKD-003297,Flood,Flooded Road,200,26,8,3,10,7,4.45,100.0,Partially Blocked,Severe,0,0,1,1,Critical,1,29.206472,79.383186,2.99,2.45,13.34,480,P2
UKD-005720,Cloudburst,Infrastructure Damage,24,11,0,2,7,2,0.94,12.18,Blocked,Minor,0,0,1,1,Low,0,30.481769,78.008645,3.73,1.89,1.73,1089,P3
UKD-001055,Flood,Flooded Road,57,15,4,2,9,1,2.65,66.46,Blocked,Moderate,0,1,1,1,Critical,1,29.457624,79.470669,4.36,1.57,15.31,307,P1
UKD-002670,Flood,Flooded Road,100,27,6,0,11,6,3.71,94.15,Blocked,Severe,0,0,0,1,Moderate,1,30.102869,78.805261,2.14,7.74,6.05,704,P2
UKD-004597,Earthquake,Injured Person,7,0,1,0,2,0,0.02,0.65,Open,Minor,1,1,1,0,None,0,30.259298,78.078755,2.97,2.71,6.31,4707,P3
UKD-003045,Flood,Flooded Road,75,15,3,1,18,7,2.55,56.91,Blocked,Moderate,0,0,1,0,None,0,30.10465,78.830406,6.18,3.39,3.54,1102,P2
UKD-001416,Flood,Damaged House,135,52,9,1,5,9,3.84,73.89,Partially Blocked,Severe,0,0,1,1,Critical,1,30.446681,77.98272,5.11,1.55,3.78,1921,P1
UKD-002373,Earthquake,Missing Person,40,19,4,5,7,4,0.13,3.01,Partially Blocked,Moderate,0,1,1,1,Moderate,0,29.940204,78.208037,2.98,2.73,3.24,544,P2
UKD-004238,Flood,Damaged House,17,0,0,0,7,2,1.07,21.62,Open,Moderate,1,1,1,0,None,0,30.186026,78.099592,4.7,0.97,1.95,2623,P3
UKD-002973,Flood,Infrastructure Damage,32,14,1,1,7,4,3.09,72.97,Partially Blocked,Moderate,0,1,1,1,Critical,1,30.036623,78.128786,3.8,8.11,2.07,2377,P2
UKD-005429,Flood,Flooded Road,51,14,4,3,11,3,3.83,88.63,Partially Blocked,Minor,0,0,1,1,Critical,1,29.921236,78.244736,3.94,3.05,3.7,2677,P3
UKD-003686,Flood,Flooded Road,21,5,2,4,5,2,2.86,79.0,Blocked,Moderate,0,0,0,1,Low,0,29.918375,78.109912,6.38,2.25,5.33,583,P2
UKD-005167,Flood,Trapped People,21,5,0,0,6,2,0.81,20.08,Open,Minor,1,1,1,0,None,0,29.03124,79.527683,6.87,2.8,4.16,2160,P3
UKD-001503,Landslide,Trapped People,42,23,3,5,16,0,0.69,12.1,Blocked,Minor,1,1,0,1,Moderate,1,30.027323,78.111942,11.9,2.95,5.31,3252,P1
UKD-004703,Flood,Waterlogging,9,1,0,0,2,1,2.0,39.47,Open,None,0,1,1,0,None,0,29.358098,80.052287,21.14,4.64,23.43,790,P3
UKD-003845,Cloudburst,Evacuation Request,37,3,2,2,15,2,1.41,26.03,Open,Minor,1,1,1,1,Moderate,1,30.214496,78.132942,4.54,0.89,6.6,720,P2
UKD-002012,Cloudburst,Trapped People,62,40,7,2,8,8,3.16,43.19,Partially Blocked,Severe,0,0,1,1,Moderate,1,29.71321,80.183372,7.32,6.76,9.9,302,P2
UKD-005257,Flood,Waterlogging,29,1,2,0,4,12,1.86,48.65,Open,Moderate,0,1,1,1,Low,1,30.325608,78.946667,20.85,5.46,16.68,713,P3
UKD-005256,Cloudburst,Damaged House,6,3,0,0,0,1,0.41,6.59,Blocked,Moderate,0,1,1,0,None,0,29.939537,78.175102,9.55,2.97,0.5,2006,P3
UKD-002860,Landslide,Injured Person,6,1,1,0,1,0,0.4,7.46,Blocked,Minor,0,1,1,1,Low,1,30.329957,78.202093,14.92,12.25,13.73,292,P2
UKD-004837,Cloudburst,Trapped People,104,73,2,0,13,10,1.87,41.26,Blocked,Minor,0,0,1,1,Moderate,1,29.975756,78.798667,7.98,7.48,9.3,638,P3
UKD-004532,Earthquake,Infrastructure Damage,11,6,2,0,2,2,0.1,1.72,Partially Blocked,None,1,0,1,1,Critical,1,29.02655,79.393243,1.72,1.12,3.93,2408,P3
UKD-003465,Flood,Trapped People,14,4,1,0,2,0,1.38,24.09,Partially Blocked,Minor,1,1,1,1,Moderate,0,29.916933,78.032417,0.5,0.76,11.5,4935,P2
UKD-000007,Earthquake,Missing Person,49,23,3,8,2,1,0.15,2.97,Partially Blocked,Severe,0,1,0,1,Critical,1,30.110039,78.71312,8.29,5.4,4.38,611,P1
UKD-002488,Flood,Trapped People,31,4,0,2,5,4,1.61,29.21,Open,Minor,1,1,1,0,None,0,29.978767,78.173457,4.61,5.17,3.7,1949,P2
UKD-000679,Landslide,Trapped People,172,70,2,3,10,4,0.98,16.01,Partially Blocked,Moderate,0,1,1,1,Critical,1,30.030173,79.047166,21.21,0.43,8.96,117,P1
UKD-001944,Earthquake,Infrastructure Damage,32,13,2,2,11,4,0.17,3.24,Partially Blocked,Severe,0,0,0,1,Critical,1,30.152007,78.890617,7.16,2.79,3.93,541,P1
UKD-003717,Flood,Trapped People,75,21,3,1,7,4,1.56,30.86,Open,None,1,0,1,1,Low,0,30.287299,78.007192,1.32,1.98,1.43,1850,P2
UKD-005521,Earthquake,Injured Person,8,4,2,0,2,0,0.04,1.0,Blocked,Severe,0,1,1,1,Low,1,30.114971,78.705989,18.39,10.83,2.39,527,P3
UKD-005644,Cloudburst,Damaged House,52,23,0,0,11,5,1.23,33.42,Blocked,Minor,0,1,1,0,None,0,30.167635,78.662526,13.96,18.4,8.08,395,P3
UKD-004603,Flood,Flooded Road,5,0,1,0,1,1,1.3,27.01,Open,None,1,1,1,1,Low,0,29.839413,78.198706,6.3,0.52,5.53,3596,P3
UKD-002608,Flood,Waterlogging,35,9,1,1,9,5,3.8,63.54,Partially Blocked,None,0,0,1,1,Moderate,1,29.362794,79.57627,9.57,9.64,8.28,874,P2
UKD-004661,Flood,Trapped People,19,9,2,0,2,1,0.7,13.51,Partially Blocked,Severe,1,1,1,1,Moderate,1,29.888954,78.199012,5.64,0.7,7.19,912,P3
UKD-005517,Flood,Evacuation Request,79,43,2,2,12,4,2.5,48.99,Blocked,Minor,0,0,0,1,Moderate,0,28.933124,79.531815,4.73,2.33,4.33,1303,P3
UKD-001065,Earthquake,Evacuation Request,99,52,5,1,14,7,0.13,1.87,Partially Blocked,Severe,0,0,1,1,Critical,1,30.272388,78.065829,2.8,3.07,2.92,1287,P1
UKD-003733,Earthquake,Damaged House,22,10,1,1,5,2,0.07,1.63,Open,Moderate,0,1,1,1,Moderate,1,29.397425,79.546671,4.13,1.3,15.04,470,P2
UKD-002243,Flood,Trapped People,62,15,3,3,5,9,2.53,48.86,Open,None,1,0,1,1,Moderate,1,29.887178,78.173369,3.34,8.52,4.61,1215,P2
UKD-001475,Earthquake,Infrastructure Damage,200,27,4,7,5,5,0.19,4.14,Open,Moderate,1,0,0,1,Low,1,30.006267,78.091324,6.64,0.98,1.51,1125,P1
UKD-004450,Flood,Flooded Road,53,7,1,0,8,4,1.44,40.53,Partially Blocked,Minor,0,1,1,1,Moderate,0,29.925653,78.04607,4.04,4.01,7.27,2281,P3
UKD-001890,Flood,Damaged House,123,54,3,0,5,3,2.87,54.82,Blocked,Minor,0,0,1,1,Critical,1,29.111828,79.548071,6.5,13.71,1.53,1250,P1
UKD-003455,Earthquake,Evacuation Request,23,8,2,1,3,2,0.11,2.0,Open,Moderate,0,1,1,1,Low,0,30.167309,77.972423,2.56,2.39,3.21,4146,P2
UKD-002022,Landslide,Infrastructure Damage,33,12,1,0,5,4,0.5,13.5,Blocked,None,1,0,0,1,Moderate,0,29.469868,80.187978,5.26,6.27,30.0,247,P2
UKD-005236,Flood,Flooded Road,30,8,1,2,4,3,4.12,68.19,Blocked,Minor,0,1,0,1,Critical,1,29.493039,79.620683,11.35,11.54,11.8,605,P3
UKD-004271,Flood,Waterlogging,3,0,0,0,0,0,0.52,25.93,Open,Severe,1,1,1,0,None,0,29.783782,78.14962,1.79,3.81,1.4,2605,P3
UKD-002659,Landslide,Injured Person,20,12,5,1,5,4,0.65,11.69,Partially Blocked,Moderate,0,1,1,1,Critical,1,30.854886,78.427309,15.72,1.58,3.23,282,P2
UKD-002468,Flood,Infrastructure Damage,9,4,0,0,0,1,0.9,21.18,Blocked,None,1,1,1,0,None,0,29.594578,79.526105,11.39,3.68,7.24,200,P2
UKD-002752,Earthquake,Damaged House,28,9,0,0,6,8,0.04,0.79,Open,Moderate,0,1,1,0,None,0,30.227992,78.793847,6.72,2.31,3.49,333,P2
UKD-001131,Flood,Trapped People,38,18,2,4,9,1,2.57,62.96,Partially Blocked,Minor,1,0,0,0,None,0,29.32403,79.431308,4.1,2.7,13.07,530,P1
UKD-001462,Earthquake,Injured Person,137,24,17,1,12,6,0.12,2.09,Partially Blocked,Severe,1,0,0,1,Moderate,1,30.102913,78.761221,2.87,6.13,2.24,241,P1
UKD-004690,Flood,Waterlogging,18,2,0,0,0,1,1.07,29.82,Open,Moderate,1,1,1,0,None,0,30.126504,78.859277,8.53,3.8,1.69,1383,P3
UKD-005431,Cloudburst,Evacuation Request,6,0,0,0,1,1,0.27,6.03,Open,Minor,1,0,1,0,None,0,30.430449,79.250547,13.33,4.92,4.1,373,P3
UKD-003309,Flood,Waterlogging,31,2,3,1,6,1,2.47,66.02,Open,Severe,1,0,1,1,Low,1,30.356076,77.945105,3.14,3.25,3.57,894,P2
UKD-003261,Earthquake,Trapped People,62,42,8,3,3,8,0.12,3.02,Partially Blocked,Severe,0,0,1,1,Moderate,0,28.989666,79.363204,1.91,0.83,5.14,938,P2
UKD-000223,Flood,Flooded Road,93,19,1,2,6,3,4.98,86.67,Blocked,Minor,1,0,0,0,None,0,30.287768,78.034734,3.35,5.23,3.37,2932,P1
UKD-005563,Earthquake,Damaged House,4,1,0,0,0,0,0.02,0.47,Open,Minor,1,1,1,0,None,0,28.967044,79.583562,0.68,1.59,2.17,1391,P3
UKD-000049,Earthquake,Infrastructure Damage,60,39,7,4,12,3,0.15,4.22,Partially Blocked,Severe,0,0,0,1,Critical,1,30.207929,78.063911,9.08,0.95,1.54,1344,P1
UKD-000574,Cloudburst,Trapped People,116,72,2,2,14,9,1.93,27.04,Blocked,Moderate,0,1,1,1,Moderate,0,30.410067,78.403344,11.61,12.83,25.13,498,P1
UKD-001237,Flood,Waterlogging,70,20,4,3,13,10,4.47,93.63,Blocked,Moderate,0,0,1,1,Critical,1,30.110067,78.818764,5.12,9.49,2.12,325,P1
UKD-004562,Landslide,Evacuation Request,19,10,1,0,7,1,0.12,2.8,Blocked,Minor,0,1,0,1,Low,0,30.253097,77.997664,6.37,0.85,1.57,2357,P3
UKD-005816,Flood,Trapped People,38,19,2,0,14,2,1.43,36.77,Partially Blocked,None,0,0,1,1,Low,0,29.866646,78.069813,9.13,1.53,2.04,1281,P3
UKD-005390,Earthquake,Damaged House,2,0,0,0,0,0,0.01,0.28,Open,None,1,1,1,0,None,0,29.551323,79.737728,2.43,6.69,3.39,1489,P3
UKD-002283,Flood,Waterlogging,39,5,5,3,3,7,3.31,57.0,Partially Blocked,Moderate,0,0,1,1,Critical,1,29.394175,79.54799,7.76,12.64,3.81,305,P2
UKD-004079,Flood,Injured Person,7,2,1,0,1,0,0.7,22.22,Blocked,None,0,1,1,1,Moderate,1,30.302094,77.970605,13.85,0.65,3.36,1029,P3
UKD-000268,Landslide,Missing Person,33,11,3,6,9,5,0.74,12.16,Open,Moderate,0,1,1,1,Moderate,1,30.38856,78.053317,2.07,1.47,2.28,1271,P1
UKD-001105,Earthquake,Damaged House,45,25,2,3,6,6,0.16,3.19,Partially Blocked,Moderate,0,1,1,1,Moderate,1,29.527777,79.461357,11.12,1.01,6.21,564,P1
UKD-002306,Flood,Evacuation Request,56,11,0,0,14,9,1.08,22.18,Open,None,0,0,1,0,None,0,30.196285,78.843861,4.85,6.09,11.01,554,P2
UKD-005118,Flood,Injured Person,17,0,2,0,4,4,0.82,18.83,Open,None,1,1,1,1,Moderate,0,29.949352,78.110142,6.31,2.15,4.08,1830,P3
UKD-001936,Flood,Flooded Road,160,26,3,3,12,6,3.1,63.23,Blocked,Minor,0,1,1,1,Moderate,1,28.9161,79.506268,9.35,2.29,2.79,851,P1
UKD-000387,Landslide,Missing Person,141,23,2,6,13,6,0.75,13.64,Open,Severe,1,0,1,1,Moderate,0,29.3281,79.460959,9.57,2.48,11.46,360,P1
UKD-001702,Flood,Waterlogging,17,2,1,1,4,1,3.19,47.37,Open,Minor,1,1,1,1,Critical,1,29.906212,78.230615,7.09,2.62,2.82,566,P1
UKD-001629,Earthquake,Evacuation Request,83,23,7,2,6,5,0.12,3.06,Partially Blocked,Severe,1,1,1,1,Moderate,1,30.353363,78.001299,7.13,4.48,2.45,4113,P1
UKD-003201,Flood,Evacuation Request,91,30,0,0,4,5,2.21,33.6,Open,Moderate,0,1,1,0,None,0,30.122504,78.868518,0.6,4.42,8.52,432,P2
UKD-002715,Landslide,Missing Person,53,34,3,7,10,9,0.6,10.4,Blocked,Moderate,0,1,1,1,Low,1,30.217784,78.859861,6.91,1.25,10.36,343,P2
UKD-002987,Landslide,Trapped People,99,63,1,3,19,3,0.68,9.9,Partially Blocked,Moderate,0,1,0,0,None,0,28.921621,79.441389,1.39,0.68,3.89,1472,P2
UKD-005246,Flood,Evacuation Request,13,5,0,1,1,1,1.59,34.89,Open,None,0,0,1,0,None,0,30.103487,78.629131,7.08,10.85,7.37,4090,P3
UKD-001564,Earthquake,Damaged House,46,24,4,4,7,5,0.14,2.36,Blocked,Severe,0,1,0,1,Moderate,1,29.634366,79.872563,23.21,11.68,15.07,433,P1
UKD-003579,Earthquake,Damaged House,43,16,0,0,14,2,0.07,1.39,Blocked,Moderate,0,1,1,0,None,0,30.21681,78.73932,3.28,7.33,2.8,451,P2
UKD-000210,Landslide,Trapped People,76,59,4,2,8,6,0.94,12.81,Partially Blocked,Severe,0,0,1,1,Moderate,1,30.416062,79.023068,30.0,2.25,16.0,113,P1
UKD-000910,Landslide,Missing Person,35,18,2,6,8,7,0.62,13.97,Partially Blocked,Moderate,0,0,0,1,Low,1,30.283489,78.082496,4.22,0.85,2.22,827,P1
UKD-001290,Cloudburst,Infrastructure Damage,145,51,3,1,8,8,1.5,30.38,Blocked,None,0,1,1,1,Moderate,0,28.926082,79.546401,6.95,3.07,1.9,3789,P1
UKD-004529,Flood,Infrastructure Damage,15,3,1,0,1,2,0.82,18.44,Open,Moderate,0,1,1,0,None,0,30.299207,77.906816,4.72,4.32,3.11,430,P3
UKD-004953,Flood,Flooded Road,6,0,0,0,0,1,1.98,37.94,Open,Minor,1,1,1,1,Low,0,29.080093,79.642098,13.56,4.02,3.11,2969,P3
UKD-001843,Cloudburst,Infrastructure Damage,13,9,0,2,5,1,1.55,32.76,Blocked,None,0,0,1,1,Low,0,29.350688,79.371897,23.66,8.44,6.23,593,P1
UKD-002498,Landslide,Flooded Road,2,1,0,0,0,0,0.37,7.24,Blocked,Minor,1,1,1,0,None,0,29.836305,80.214755,6.07,13.01,11.61,363,P2
UKD-004905,Flood,Waterlogging,61,1,1,0,14,5,1.87,39.2,Open,Minor,1,1,1,1,Moderate,0,29.923389,78.100978,6.15,5.71,1.65,1136,P3
UKD-004324,Cloudburst,Flooded Road,9,1,0,0,3,0,1.38,29.3,Open,None,1,1,1,0,None,0,29.78445,79.649553,10.65,8.16,5.19,115,P3
UKD-000959,Earthquake,Evacuation Request,89,32,5,5,12,10,0.14,2.0,Partially Blocked,Severe,1,1,1,1,Moderate,1,28.983295,79.418957,8.06,2.6,9.13,2098,P1
UKD-001794,Flood,Flooded Road,43,9,6,1,6,5,3.81,74.48,Blocked,Severe,0,0,1,1,Low,0,29.445787,79.460727,5.99,5.13,17.94,393,P1
UKD-002089,Landslide,Injured Person,39,9,5,1,5,7,0.54,10.74,Open,Moderate,1,0,1,1,Moderate,1,29.981635,78.162649,6.78,4.21,2.14,2064,P2
UKD-002703,Cloudburst,Trapped People,121,86,6,2,14,12,2.48,46.77,Blocked,Moderate,0,0,1,1,Critical,1,29.557007,80.408036,11.75,1.61,16.24,253,P2
UKD-000332,Flood,Infrastructure Damage,52,14,0,2,16,2,3.03,65.91,Open,Minor,1,0,1,1,Low,1,30.056279,78.73036,5.74,7.14,4.64,638,P1
UKD-003335,Landslide,Injured Person,15,9,6,3,2,0,0.85,17.21,Blocked,Severe,0,0,1,1,Low,1,30.480672,78.081356,0.58,7.07,1.63,2179,P2
UKD-003882,Flood,Injured Person,31,5,10,2,2,2,3.0,48.54,Open,Severe,1,0,0,1,Low,1,30.190772,79.038879,7.72,3.38,14.99,473,P2
UKD-002992,Earthquake,Trapped People,30,22,5,2,4,3,0.08,1.74,Partially Blocked,Moderate,0,1,1,1,Moderate,1,30.3146,78.127892,2.73,3.1,8.93,834,P2
UKD-002460,Cloudburst,Evacuation Request,27,7,0,0,3,2,1.97,27.41,Partially Blocked,Minor,1,0,0,0,None,0,29.304819,80.082246,12.26,5.37,17.1,280,P2
UKD-001775,Landslide,Trapped People,92,68,6,2,7,4,0.56,13.69,Partially Blocked,Severe,0,0,1,1,Critical,1,29.366186,80.101653,23.8,18.38,12.64,1014,P1
UKD-004212,Landslide,Waterlogging,22,1,0,0,5,3,1.03,21.61,Partially Blocked,Moderate,1,0,1,1,Moderate,0,29.397628,79.479666,3.32,11.71,7.22,2881,P3
UKD-004742,Landslide,Infrastructure Damage,11,5,1,1,1,0,0.42,9.82,Open,Minor,0,1,1,1,Low,0,30.341127,78.05507,2.32,0.99,2.39,1947,P3
UKD-004152,Flood,Damaged House,1,0,0,0,0,0,0.47,12.6,Open,None,1,1,1,0,None,0,30.673624,78.471081,3.37,8.69,13.81,258,P3
UKD-004164,Cloudburst,Damaged House,73,24,2,1,11,3,1.9,27.13,Blocked,Moderate,1,1,1,0,None,0,30.429951,79.294291,8.31,3.63,15.15,234,P3
UKD-004868,Earthquake,Injured Person,3,1,1,1,0,1,0.03,0.74,Partially Blocked,Minor,1,1,1,1,Low,0,29.408364,79.335155,11.2,1.13,7.09,590,P3
UKD-005291,Landslide,Waterlogging,2,1,0,0,0,1,0.84,17.17,Partially Blocked,None,1,1,1,0,None,0,30.803912,78.298856,15.73,16.67,18.35,153,P3
UKD-003766,Cloudburst,Missing Person,29,2,0,11,7,5,1.27,26.05,Open,None,1,1,0,0,None,0,30.198475,78.836237,6.18,3.64,1.43,907,P2
UKD-002810,Landslide,Injured Person,26,17,8,2,1,3,0.39,5.19,Blocked,Moderate,0,1,0,1,Critical,1,29.748135,79.683505,15.61,18.02,14.06,200,P2
UKD-001711,Cloudburst,Damaged House,22,10,2,1,5,6,2.6,65.3,Partially Blocked,Moderate,0,1,0,1,Critical,1,29.499053,79.74216,10.25,4.7,8.06,981,P1
UKD-004580,Cloudburst,Flooded Road,156,14,3,3,10,7,2.89,61.99,Partially Blocked,Moderate,1,0,1,1,Low,0,30.336241,78.058486,2.37,3.96,2.87,2151,P3
UKD-002479,Earthquake,Trapped People,85,59,0,4,18,8,0.09,1.73,Blocked,Moderate,0,1,1,0,None,0,29.833028,78.19365,11.47,0.28,9.67,3237,P2
UKD-001367,Flood,Flooded Road,100,32,2,5,6,13,3.65,77.35,Blocked,Moderate,0,0,0,1,Moderate,1,29.007182,79.559066,7.15,3.05,6.36,1086,P1
UKD-000174,Landslide,Infrastructure Damage,131,56,6,1,14,7,0.76,17.88,Blocked,Moderate,0,0,1,1,Critical,1,30.581387,79.238119,13.67,3.17,30.0,576,P1
UKD-004040,Earthquake,Evacuation Request,19,0,0,2,5,4,0.04,0.91,Open,Minor,1,1,1,1,Low,0,29.308764,79.33083,4.72,3.5,10.51,326,P3
UKD-004420,Flood,Waterlogging,32,9,1,1,7,9,3.11,63.39,Partially Blocked,Minor,0,1,1,1,Low,1,30.023293,78.6815,7.21,0.78,6.48,960,P3
UKD-004444,Cloudburst,Injured Person,1,0,1,0,0,0,1.1,18.56,Partially Blocked,None,0,1,1,1,Low,0,30.264461,77.98637,7.81,2.77,1.45,1535,P3
UKD-005998,Earthquake,Infrastructure Damage,49,15,3,0,7,9,0.12,2.36,Blocked,Moderate,1,1,0,1,Moderate,1,29.380209,79.451892,9.06,7.19,24.95,598,P3
UKD-004093,Landslide,Evacuation Request,4,1,0,0,0,2,0.25,4.16,Open,None,0,0,0,1,Moderate,1,30.805159,78.133306,5.72,6.3,7.79,119,P3
UKD-001953,Flood,Missing Person,166,78,1,6,15,8,4.75,79.37,Blocked,Moderate,0,1,1,0,None,0,29.886743,78.105705,7.3,1.98,11.2,2490,P1
UKD-003204,Landslide,Evacuation Request,77,27,1,0,7,8,0.53,12.32,Partially Blocked,Minor,1,1,1,1,Moderate,1,29.342716,80.320945,16.9,15.01,19.31,201,P2
UKD-003354,Flood,Flooded Road,91,33,2,4,16,7,4.05,83.91,Blocked,Moderate,0,1,0,1,Critical,1,28.869547,79.62308,2.53,15.03,8.71,3974,P2
UKD-002037,Flood,Damaged House,28,11,1,4,6,1,1.54,37.13,Blocked,Moderate,0,0,0,0,None,0,30.351968,79.144972,15.28,9.57,7.59,362,P2
UKD-003879,Flood,Trapped People,36,19,0,1,4,3,2.08,39.61,Open,None,0,0,1,1,Low,1,29.926792,78.22432,2.72,3.03,8.95,2347,P2
UKD-004401,Flood,Waterlogging,35,1,2,2,7,4,2.17,47.88,Partially Blocked,Minor,1,1,0,1,Low,0,30.319978,78.016711,1.84,4.53,0.85,1031,P3
UKD-000019,Flood,Flooded Road,25,6,1,2,5,4,2.93,45.96,Blocked,Minor,0,1,0,1,Moderate,1,30.312513,78.105642,7.2,4.06,7.62,954,P1
UKD-000001,Cloudburst,Missing Person,26,10,2,8,1,2,1.8,32.17,Partially Blocked,None,1,0,1,1,Critical,1,29.852341,79.733051,7.11,15.74,6.63,218,P1
UKD-002175,Flood,Waterlogging,43,14,4,2,11,3,3.71,62.51,Blocked,None,0,1,0,1,Critical,1,30.027088,78.101793,1.59,5.65,3.11,2127,P2
UKD-001357,Earthquake,Injured Person,14,9,2,1,1,1,0.17,2.54,Blocked,Moderate,1,0,0,1,Moderate,0,29.252817,79.451152,8.0,3.37,3.87,889,P1
UKD-005577,Cloudburst,Flooded Road,8,0,0,0,0,1,0.9,16.96,Open,None,1,1,1,0,None,0,30.324862,78.48356,30.0,7.63,1.18,136,P3
UKD-004773,Landslide,Trapped People,8,1,0,0,1,0,0.29,4.07,Open,Moderate,1,1,1,1,Moderate,0,30.259785,78.024632,7.15,1.23,2.92,1852,P3
UKD-003160,Landslide,Infrastructure Damage,107,43,2,3,11,3,0.65,14.33,Blocked,Minor,1,1,0,1,Moderate,1,29.9414,78.082407,7.66,6.5,5.21,4781,P2
UKD-000397,Cloudburst,Infrastructure Damage,53,23,0,2,20,1,2.52,47.87,Partially Blocked,Minor,0,1,0,0,None,0,29.501363,80.197596,8.67,9.98,9.74,98,P1
UKD-004508,Earthquake,Infrastructure Damage,4,2,0,0,1,0,0.03,0.53,Blocked,Minor,0,1,1,0,None,0,30.41597,78.397007,10.58,11.45,4.55,381,P3
UKD-003342,Landslide,Damaged House,35,3,0,1,2,4,0.26,4.99,Open,Minor,1,1,1,1,Moderate,0,30.879705,78.486526,29.67,19.08,22.65,446,P2
UKD-001813,Flood,Missing Person,56,24,4,5,6,1,3.52,71.86,Partially Blocked,Severe,1,1,1,1,Critical,1,30.251279,77.99819,5.24,3.22,6.36,2061,P1
UKD-003897,Landslide,Infrastructure Damage,16,8,2,1,0,3,0.58,15.68,Blocked,Moderate,0,0,1,1,Moderate,0,29.633888,80.185227,28.09,17.87,5.44,249,P2
UKD-004350,Flood,Flooded Road,34,4,1,1,4,6,2.16,43.96,Partially Blocked,Minor,1,1,1,1,Low,0,29.869885,78.327639,0.78,5.12,0.93,3092,P3
UKD-000817,Flood,Waterlogging,42,9,1,0,7,3,3.01,63.25,Partially Blocked,None,0,0,1,1,Low,0,28.970485,79.499453,3.02,5.81,4.23,3417,P1
UKD-001573,Earthquake,Trapped People,22,13,0,1,6,3,0.12,3.16,Partially Blocked,Minor,0,1,1,0,None,0,29.022605,79.520169,9.1,9.68,2.75,3416,P1
UKD-004731,Earthquake,Infrastructure Damage,8,1,0,0,3,1,0.04,0.77,Partially Blocked,None,1,1,1,0,None,0,30.274321,78.023823,1.83,2.39,17.64,1208,P3
UKD-001801,Flood,Trapped People,200,58,1,4,3,3,3.83,67.14,Partially Blocked,Moderate,1,0,0,1,Moderate,1,30.313351,78.215923,7.68,0.73,1.32,4649,P1
UKD-002281,Cloudburst,Evacuation Request,60,16,1,1,15,8,1.57,40.63,Open,None,0,1,0,1,Moderate,1,30.452986,78.486755,22.78,13.67,4.43,133,P2
UKD-005059,Landslide,Flooded Road,90,23,3,0,11,3,1.03,16.04,Blocked,Minor,0,1,1,1,Moderate,0,29.494668,79.468867,4.77,12.94,19.88,1210,P3
UKD-005822,Earthquake,Injured Person,44,20,9,2,10,6,0.1,2.27,Partially Blocked,Minor,0,0,0,1,Low,0,30.403974,78.071709,4.29,0.35,1.68,3839,P3
UKD-003911,Landslide,Infrastructure Damage,115,24,1,5,18,5,0.48,7.64,Partially Blocked,Minor,1,0,0,1,Moderate,0,30.291549,77.892791,8.75,5.54,2.58,1037,P2
UKD-004536,Flood,Evacuation Request,30,10,0,1,8,1,1.13,18.78,Partially Blocked,None,0,1,1,1,Low,0,28.944869,79.448233,1.81,3.81,1.87,1079,P3
UKD-005145,Landslide,Trapped People,3,1,0,0,1,0,0.16,2.47,Open,None,1,1,1,0,None,0,30.290728,79.33904,15.2,6.75,6.27,107,P3
UKD-005172,Cloudburst,Injured Person,3,0,2,0,2,0,0.58,16.44,Open,Minor,0,1,0,1,Low,0,30.378928,77.927006,3.04,4.31,5.49,970,P3
UKD-004396,Earthquake,Evacuation Request,17,6,0,0,4,2,0.04,0.67,Blocked,None,0,1,1,0,None,0,28.971764,79.436861,3.34,5.17,1.26,1002,P3
UKD-004156,Cloudburst,Evacuation Request,14,1,1,0,3,2,1.11,21.87,Partially Blocked,None,1,1,1,1,Moderate,0,30.37669,78.059816,2.43,5.87,5.58,1815,P3
UKD-003836,Landslide,Evacuation Request,96,30,1,0,9,2,0.52,8.69,Partially Blocked,Minor,1,0,0,1,Low,1,28.870085,79.607926,2.2,2.33,1.59,1915,P2
UKD-004732,Landslide,Flooded Road,15,1,0,1,2,5,0.33,11.76,Blocked,None,0,1,1,0,None,0,29.480415,79.4649,10.54,7.92,11.0,4453,P3
UKD-005338,Cloudburst,Flooded Road,4,0,0,0,1,0,0.58,26.69,Open,None,1,1,1,0,None,0,30.459159,79.360294,6.91,2.58,5.11,161,P3
UKD-000555,Flood,Infrastructure Damage,94,44,4,0,6,6,2.98,68.87,Blocked,Minor,1,1,1,1,Low,1,29.941705,78.12108,4.86,8.62,2.16,5309,P1
UKD-001160,Cloudburst,Injured Person,36,27,7,4,9,5,3.45,72.24,Blocked,Moderate,0,0,0,1,Critical,1,29.89235,78.197159,3.88,3.51,4.51,415,P1
UKD-001214,Earthquake,Damaged House,133,52,4,2,14,9,0.14,1.99,Blocked,Severe,0,1,1,1,Critical,1,30.3985,78.070961,9.78,0.94,5.95,1976,P1
UKD-004033,Flood,Waterlogging,6,3,0,0,0,0,1.19,34.52,Partially Blocked,None,0,1,1,0,None,0,29.91731,78.110322,11.58,2.41,5.55,1057,P3
UKD-001326,Cloudburst,Injured Person,36,21,10,1,1,1,2.55,84.3,Blocked,Moderate,0,0,1,1,Critical,1,30.011999,78.662909,22.38,4.64,10.71,533,P1
UKD-003287,Earthquake,Missing Person,92,18,3,5,8,8,0.09,2.03,Open,Severe,1,1,0,1,Low,0,30.138646,78.769193,7.34,7.85,5.58,257,P2
UKD-003350,Flood,Injured Person,14,5,6,1,1,2,2.86,66.66,Partially Blocked,Severe,1,0,1,0,None,0,30.36126,78.174165,2.39,0.71,4.3,1850,P2
UKD-000701,Cloudburst,Waterlogging,67,10,2,2,13,7,4.18,88.24,Partially Blocked,Moderate,1,0,0,1,Moderate,0,28.90663,79.563978,3.27,11.86,10.42,3277,P1
UKD-002701,Cloudburst,Missing Person,65,31,8,9,8,4,3.07,44.23,Open,Severe,0,0,0,1,Critical,1,29.366286,79.430686,11.96,6.95,10.19,772,P2
UKD-004294,Landslide,Infrastructure Damage,19,3,0,0,2,1,0.4,8.23,Partially Blocked,Minor,1,1,1,0,None,0,28.940185,79.607611,4.02,3.44,3.61,2805,P3
UKD-001848,Cloudburst,Infrastructure Damage,10,5,0,2,3,0,2.89,51.02,Partially Blocked,Minor,0,1,1,1,Low,0,30.368434,78.024411,5.96,2.24,3.2,1340,P1
UKD-004407,Flood,Flooded Road,32,5,0,0,10,4,1.88,30.67,Partially Blocked,None,0,1,1,1,Low,0,29.914974,78.127861,2.09,4.47,4.5,556,P3
UKD-005635,Cloudburst,Damaged House,65,15,6,0,16,6,1.87,46.76,Partially Blocked,Severe,1,0,0,1,Critical,1,30.355017,78.116335,1.95,0.94,2.21,9806,P3
UKD-001456,Landslide,Infrastructure Damage,68,51,5,2,14,8,0.91,20.5,Blocked,Severe,0,0,1,1,Critical,1,29.908849,78.15264,10.1,2.18,5.52,1266,P1
UKD-005020,Landslide,Injured Person,3,0,1,0,0,0,0.11,2.31,Open,Minor,1,0,1,1,Low,0,30.364009,78.005983,3.89,1.83,3.58,4837,P3
UKD-005615,Earthquake,Trapped People,17,8,0,1,4,4,0.08,1.52,Open,Minor,1,1,1,1,Moderate,0,30.265704,78.48307,8.22,5.25,12.36,115,P3
UKD-004128,Flood,Infrastructure Damage,46,18,0,1,7,9,1.94,36.0,Partially Blocked,None,0,1,0,1,Moderate,0,30.320605,77.972163,9.25,5.79,0.85,3003,P3
UKD-000867,Flood,Missing Person,60,11,0,7,6,8,2.91,46.69,Open,Moderate,1,0,1,1,Low,0,30.648949,78.489414,6.65,6.87,8.27,458,P1
UKD-004585,Flood,Infrastructure Damage,11,0,0,0,0,1,0.98,19.74,Open,None,1,1,1,0,None,0,29.866744,79.734305,9.2,2.85,22.65,569,P3
UKD-001645,Cloudburst,Flooded Road,45,16,0,3,6,5,3.36,60.78,Partially Blocked,Moderate,0,0,0,0,None,0,28.917693,79.59403,5.17,2.8,9.5,1998,P1
UKD-002141,Earthquake,Injured Person,58,15,6,1,5,5,0.14,2.28,Partially Blocked,Moderate,1,1,0,1,Critical,1,29.350987,79.463664,12.38,6.26,1.68,848,P2
UKD-004464,Landslide,Injured Person,20,2,1,0,1,3,0.67,10.52,Partially Blocked,Severe,1,0,1,0,None,0,30.1142,78.925798,15.4,3.04,19.47,167,P3
UKD-003989,Earthquake,Missing Person,39,12,1,8,15,4,0.07,2.17,Partially Blocked,Severe,1,0,0,1,Low,1,29.445974,79.448399,2.41,10.47,8.55,422,P2
UKD-001491,Landslide,Trapped People,20,16,7,1,3,0,0.99,19.14,Blocked,Severe,0,1,0,1,Critical,1,30.777578,78.365941,6.92,3.69,16.17,673,P1
UKD-005507,Landslide,Infrastructure Damage,20,2,3,0,3,6,0.22,4.64,Partially Blocked,Severe,1,0,1,1,Low,1,30.781968,78.435552,6.27,11.96,13.55,447,P3
UKD-000730,Flood,Damaged House,93,68,4,4,11,8,3.8,67.73,Blocked,Minor,0,1,1,1,Low,0,29.466877,79.383977,5.32,11.81,7.61,408,P1
UKD-004583,Earthquake,Infrastructure Damage,21,7,1,2,5,0,0.05,1.57,Blocked,Severe,1,0,1,0,None,0,30.525291,77.920645,3.14,2.0,3.71,1890,P3
UKD-003500,Flood,Flooded Road,17,0,1,1,6,0,2.37,55.07,Open,Minor,0,0,1,1,Critical,1,30.726703,78.411792,3.66,6.8,8.49,319,P2
UKD-002621,Landslide,Infrastructure Damage,32,11,0,1,11,4,0.24,5.56,Partially Blocked,Minor,0,1,1,0,None,0,30.685647,78.291119,29.18,3.22,3.8,252,P2
UKD-001937,Landslide,Trapped People,27,10,1,1,4,2,0.7,10.48,Open,Moderate,1,0,0,1,Critical,1,29.536111,80.508971,5.01,3.73,9.83,479,P1
UKD-005552,Flood,Waterlogging,15,0,1,0,1,2,1.07,34.99,Open,Minor,0,1,1,1,Low,0,30.342761,78.052073,6.97,3.57,1.5,1949,P3
UKD-001111,Earthquake,Injured Person,24,13,8,1,4,1,0.13,4.12,Blocked,Severe,0,0,1,1,Critical,0,30.788496,78.43466,12.2,17.99,10.83,354,P1
UKD-004871,Earthquake,Evacuation Request,29,8,0,0,4,2,0.06,1.07,Partially Blocked,Minor,0,1,1,0,None,0,30.116778,78.680293,10.27,5.39,9.6,1876,P3
UKD-005361,Earthquake,Damaged House,46,22,5,0,11,3,0.07,1.27,Blocked,Severe,1,1,1,1,Low,0,29.635485,79.684144,6.5,6.42,6.49,1066,P3
UKD-002395,Earthquake,Injured Person,17,5,7,4,1,0,0.08,1.58,Partially Blocked,Severe,0,0,1,1,Critical,1,30.30122,77.904252,7.57,3.09,4.13,2259,P2
UKD-001186,Cloudburst,Damaged House,31,19,4,0,4,4,2.41,53.74,Blocked,Moderate,0,1,1,1,Critical,1,30.180349,78.49999,18.02,6.0,30.0,225,P1
UKD-002008,Landslide,Evacuation Request,200,31,1,2,11,2,0.63,13.85,Partially Blocked,Moderate,1,1,1,1,Moderate,1,28.97582,79.488828,11.23,2.28,4.25,937,P2
UKD-000194,Flood,Injured Person,63,42,8,3,16,9,3.83,59.75,Blocked,Moderate,0,1,0,1,Moderate,0,30.348214,78.250369,2.4,2.19,2.53,2223,P1
UKD-001516,Flood,Flooded Road,56,18,2,2,5,8,4.26,79.92,Blocked,Moderate,0,0,1,0,None,0,30.589353,78.494675,16.65,3.1,25.23,277,P1
UKD-000579,Cloudburst,Flooded Road,36,4,1,0,14,4,2.16,33.87,Partially Blocked,Moderate,1,0,1,0,None,0,30.03886,78.161447,4.89,3.21,3.43,651,P1
UKD-002124,Landslide,Trapped People,139,83,0,3,6,4,0.57,13.04,Blocked,Moderate,0,0,0,0,None,0,30.316387,78.103559,16.14,1.79,5.08,2982,P2
UKD-001430,Earthquake,Evacuation Request,39,7,0,1,1,4,0.07,1.45,Open,Moderate,1,1,1,0,None,0,30.143621,78.753671,7.76,6.96,5.79,438,P1
UKD-000772,Earthquake,Evacuation Request,127,25,4,1,13,5,0.09,2.82,Open,Severe,1,0,0,1,Critical,1,30.506892,78.582595,1.72,17.74,3.52,393,P1
UKD-005206,Cloudburst,Missing Person,11,0,1,1,1,2,0.66,18.05,Open,None,1,1,1,1,Moderate,0,30.290468,77.894515,0.5,2.55,4.32,539,P3
UKD-002396,Flood,Trapped People,32,16,1,1,6,7,3.28,57.73,Partially Blocked,Severe,1,1,1,1,Low,0,30.317077,78.037051,6.2,5.84,4.33,2029,P2
UKD-005942,Landslide,Infrastructure Damage,17,3,1,0,3,0,0.19,3.61,Partially Blocked,None,1,0,1,0,None,0,30.345827,78.037276,2.59,2.33,0.57,1803,P3
UKD-001847,Flood,Waterlogging,188,30,1,3,13,11,4.96,100.0,Blocked,Severe,0,0,1,1,Low,0,30.647937,78.622853,25.46,12.54,18.82,100,P1
UKD-000132,Flood,Injured Person,48,18,9,3,10,3,2.93,57.25,Partially Blocked,Moderate,1,0,1,1,Moderate,0,30.431755,78.073184,0.5,6.01,4.18,3034,P1
UKD-000179,Cloudburst,Damaged House,200,64,3,1,10,2,2.62,65.85,Blocked,Moderate,0,0,1,1,Moderate,1,30.291102,78.414568,30.0,20.0,30.0,194,P1
UKD-005356,Cloudburst,Trapped People,5,1,0,0,1,1,0.53,13.87,Partially Blocked,None,1,1,1,0,None,0,30.22594,78.383705,22.75,7.26,9.2,227,P3
UKD-003810,Flood,Waterlogging,2,0,0,0,0,2,1.42,23.64,Blocked,Minor,1,1,1,0,None,0,29.860681,78.182041,4.05,7.35,6.41,1679,P2
UKD-003568,Earthquake,Infrastructure Damage,10,2,3,0,2,0,0.05,1.55,Partially Blocked,Severe,1,0,1,1,Low,0,29.983596,78.137609,4.4,2.21,4.15,1684,P2
UKD-002581,Landslide,Missing Person,13,0,0,3,2,2,0.26,4.73,Open,Minor,1,1,0,1,Low,0,29.39189,79.350591,9.23,2.32,19.23,332,P2
UKD-003626,Earthquake,Missing Person,61,33,2,8,9,15,0.11,1.83,Partially Blocked,None,0,1,1,0,None,0,30.155606,78.920941,4.6,14.91,7.28,374,P2
UKD-004280,Flood,Flooded Road,14,0,3,0,2,2,1.58,43.74,Open,Minor,1,1,1,0,None,0,29.898201,78.224973,2.2,11.2,13.28,1452,P3
UKD-002653,Flood,Evacuation Request,6,1,1,0,1,2,1.42,27.3,Open,Minor,0,1,1,1,Low,0,30.044538,78.154613,3.83,6.99,2.73,2094,P2
UKD-004220,Earthquake,Damaged House,47,4,1,0,6,8,0.07,1.46,Open,Moderate,1,1,1,1,Moderate,0,30.196959,78.796414,7.19,7.13,2.62,261,P3
UKD-002074,Flood,Flooded Road,13,0,0,0,2,2,1.44,40.61,Open,Minor,1,0,1,0,None,0,29.514857,79.605779,8.27,1.19,0.84,441,P2
UKD-000659,Cloudburst,Trapped People,71,64,2,0,12,5,3.06,46.69,Blocked,Moderate,0,0,1,1,Critical,1,30.851431,78.54303,18.73,7.33,5.22,252,P1
UKD-001897,Flood,Trapped People,30,16,1,0,9,7,1.79,48.68,Partially Blocked,Minor,1,1,1,1,Low,0,29.455897,79.39905,5.34,8.25,20.73,706,P1
UKD-004412,Earthquake,Injured Person,11,8,3,1,2,0,0.11,1.56,Blocked,Severe,0,1,1,1,Moderate,1,30.309528,78.18376,3.1,4.06,1.81,3292,P3
UKD-004064,Landslide,Injured Person,2,0,1,0,0,0,0.22,3.15,Partially Blocked,None,1,1,1,1,Low,0,30.171668,78.737434,2.39,1.51,7.97,431,P3
UKD-002222,Flood,Flooded Road,3,0,0,0,1,0,1.24,38.94,Open,None,1,0,1,0,None,0,30.306044,78.069754,2.97,4.51,6.75,2579,P2
UKD-005679,Landslide,Damaged House,27,5,2,4,6,6,0.31,7.77,Partially Blocked,Moderate,1,0,0,0,None,0,30.304914,78.084011,8.05,4.18,16.11,1126,P3
UKD-002380,Flood,Flooded Road,33,9,1,2,4,7,1.69,38.53,Blocked,None,0,1,1,1,Low,0,30.469675,77.947324,4.78,4.8,2.62,2942,P2
UKD-001448,Landslide,Trapped People,146,70,6,3,6,5,1.06,17.35,Partially Blocked,Severe,0,1,0,1,Critical,1,30.343052,79.746739,20.7,16.39,7.82,84,P1
UKD-000343,Flood,Trapped People,161,72,3,1,4,4,3.35,65.7,Partially Blocked,Severe,0,0,1,1,Critical,1,28.880679,79.395327,19.95,0.23,2.07,706,P1
UKD-003605,Flood,Damaged House,52,35,4,5,8,5,4.07,86.57,Blocked,Severe,0,0,0,1,Critical,1,29.892209,78.036513,7.47,3.16,4.96,815,P2
UKD-002528,Earthquake,Trapped People,21,14,1,4,4,4,0.12,2.19,Partially Blocked,Moderate,0,0,0,0,None,0,29.511622,80.358362,7.38,6.81,22.44,110,P2
UKD-000728,Earthquake,Missing Person,200,40,6,10,6,4,0.13,1.79,Blocked,Severe,1,1,1,1,Critical,1,29.937721,78.191273,5.76,4.35,12.13,2455,P1
UKD-004723,Earthquake,Injured Person,4,0,1,0,0,3,0.03,0.59,Partially Blocked,None,1,1,1,1,Moderate,1,30.516343,79.310994,9.08,4.32,10.81,117,P3
UKD-000977,Flood,Flooded Road,15,0,0,0,2,2,3.3,77.4,Partially Blocked,None,1,1,0,1,Low,0,30.290604,78.764338,18.99,14.5,14.25,126,P1
UKD-003615,Landslide,Evacuation Request,20,4,1,0,1,4,0.44,6.4,Partially Blocked,Minor,1,1,0,0,None,0,30.309989,78.022931,2.63,2.25,7.73,2398,P2
UKD-004162,Cloudburst,Evacuation Request,32,2,1,0,3,3,1.3,19.5,Open,None,1,1,1,1,Low,0,30.308369,78.051942,6.9,2.13,6.17,2542,P3
UKD-001929,Landslide,Missing Person,116,66,4,10,14,1,0.79,16.52,Blocked,Severe,0,0,0,1,Critical,1,30.107006,78.217132,9.32,9.51,4.66,922,P1
UKD-003695,Flood,Trapped People,62,35,4,3,6,2,2.06,57.61,Partially Blocked,Severe,1,1,0,0,None,0,28.893025,79.60916,5.57,5.19,2.47,1625,P2
UKD-005761,Landslide,Trapped People,39,16,2,0,10,10,0.16,3.5,Open,Moderate,0,1,1,1,Low,0,30.422747,78.565055,8.97,4.64,13.02,248,P3
UKD-001300,Earthquake,Trapped People,58,34,4,3,13,10,0.15,2.71,Partially Blocked,Minor,0,0,0,1,Critical,1,29.921543,78.123761,4.39,5.17,3.16,1069,P1
UKD-004174,Landslide,Infrastructure Damage,19,3,1,1,5,0,0.22,5.49,Partially Blocked,None,1,1,1,1,Low,0,29.650412,79.610813,9.77,2.26,16.48,525,P3
UKD-005509,Earthquake,Damaged House,10,0,1,0,4,0,0.03,0.82,Partially Blocked,None,1,1,0,0,None,0,30.373934,79.296765,11.21,5.55,16.05,150,P3
UKD-000661,Earthquake,Damaged House,111,48,7,4,15,7,0.15,3.3,Partially Blocked,Severe,1,0,0,1,Critical,1,30.302207,78.034389,13.58,0.21,1.83,1033,P1
UKD-001791,Landslide,Trapped People,149,60,2,1,8,3,0.6,9.8,Blocked,Minor,1,1,1,1,Critical,1,30.402799,78.051413,7.6,2.81,8.94,1562,P1
UKD-003391,Flood,Trapped People,77,32,0,2,11,4,2.62,36.82,Partially Blocked,Minor,1,0,0,0,None,0,29.506485,79.381712,4.34,5.18,2.02,505,P2
UKD-005934,Earthquake,Infrastructure Damage,19,6,0,1,7,2,0.07,1.85,Partially Blocked,Moderate,1,0,0,0,None,0,30.448102,78.537384,6.53,9.35,17.04,155,P3
UKD-000494,Flood,Waterlogging,54,14,1,4,11,1,2.5,58.79,Partially Blocked,Minor,0,1,0,1,Moderate,0,30.31076,78.014137,4.04,1.0,2.07,3674,P1
UKD-003113,Landslide,Infrastructure Damage,36,17,1,5,9,0,0.5,14.79,Partially Blocked,Moderate,0,1,0,1,Low,0,30.286844,79.188394,24.15,9.63,9.95,255,P2
UKD-004903,Flood,Flooded Road,53,4,2,1,4,5,1.57,36.14,Open,None,1,1,1,1,Moderate,1,29.013705,79.545464,2.81,4.18,0.73,1968,P3
UKD-004990,Flood,Evacuation Request,16,3,0,0,1,1,0.94,28.63,Partially Blocked,Minor,1,1,0,1,Low,0,28.87591,79.390769,11.87,0.9,3.56,1515,P3
UKD-003827,Earthquake,Injured Person,47,16,11,1,8,4,0.11,1.76,Open,Moderate,0,0,1,1,Low,1,29.967451,78.263975,3.34,1.9,1.14,6561,P2
UKD-005523,Flood,Waterlogging,46,11,4,1,7,3,2.85,70.01,Partially Blocked,Severe,0,0,1,1,Moderate,1,30.370942,78.054413,9.78,5.67,4.8,1536,P3
UKD-001086,Earthquake,Infrastructure Damage,4,1,0,0,1,0,0.03,0.69,Partially Blocked,Moderate,1,1,1,1,Low,1,30.236599,78.056098,1.4,3.56,3.51,1863,P1
UKD-005663,Cloudburst,Missing Person,11,0,0,1,1,1,0.61,8.56,Partially Blocked,Minor,1,1,1,1,Low,0,30.322269,77.967402,4.14,4.18,1.82,2270,P3
UKD-000695,Flood,Injured Person,14,7,3,0,5,2,2.81,83.95,Blocked,Severe,0,1,1,1,Low,1,30.389835,77.912839,4.06,10.91,1.11,589,P1
UKD-001279,Landslide,Trapped People,119,82,6,4,3,1,0.64,20.21,Blocked,Severe,0,0,1,1,Low,1,29.958247,78.207467,8.94,2.22,4.14,1587,P1
UKD-004230,Flood,Injured Person,26,9,8,1,5,3,3.0,45.88,Open,Moderate,0,1,1,1,Moderate,0,30.290456,78.025594,5.05,10.45,1.54,710,P3
UKD-001622,Flood,Missing Person,57,18,2,6,4,10,3.57,68.42,Open,Moderate,0,1,1,1,Critical,1,30.237825,78.040465,3.71,2.25,6.74,1395,P1
UKD-002562,Landslide,Infrastructure Damage,44,18,2,1,5,3,0.46,9.2,Partially Blocked,Moderate,0,1,0,0,None,0,29.560594,79.851011,6.65,3.46,2.96,285,P2
UKD-005185,Cloudburst,Evacuation Request,144,27,3,4,4,7,2.23,55.76,Partially Blocked,Moderate,1,1,0,1,Moderate,0,30.363032,79.003093,12.36,6.81,2.02,139,P3
UKD-004009,Earthquake,Evacuation Request,4,2,0,0,0,3,0.02,0.73,Blocked,None,1,1,1,0,None,0,30.300235,79.164609,30.0,6.17,18.52,419,P3
UKD-000068,Cloudburst,Evacuation Request,90,55,6,0,13,5,2.69,48.07,Blocked,Moderate,0,1,1,1,Critical,1,29.4384,79.413237,9.29,4.89,5.3,953,P1
UKD-004083,Landslide,Evacuation Request,22,12,0,0,5,2,0.15,4.71,Blocked,None,0,1,1,1,Moderate,1,29.754695,79.759887,9.53,3.12,11.76,237,P3
UKD-004838,Cloudburst,Evacuation Request,2,1,0,0,0,0,0.49,13.37,Partially Blocked,None,0,1,1,0,None,0,28.972545,79.458275,2.88,1.99,2.49,1914,P3
UKD-002270,Cloudburst,Evacuation Request,13,3,1,1,2,0,0.64,16.91,Partially Blocked,Minor,0,0,1,0,None,0,30.490078,78.388775,20.36,9.02,4.76,118,P2
UKD-005780,Cloudburst,Flooded Road,12,4,1,0,2,3,2.1,38.2,Blocked,None,0,1,0,1,Low,0,29.354841,79.391859,13.23,5.37,10.84,780,P3
UKD-004726,Flood,Trapped People,32,10,4,1,6,5,1.54,37.33,Open,Severe,1,0,1,0,None,0,30.35383,77.929498,3.17,2.93,0.78,3559,P3
UKD-000821,Flood,Flooded Road,73,22,4,4,16,5,4.76,74.96,Blocked,Severe,0,0,0,1,Critical,1,30.40083,79.414443,30.0,20.0,9.68,538,P1
UKD-001227,Flood,Evacuation Request,66,41,0,0,6,7,1.9,45.75,Blocked,None,0,1,1,1,Low,1,30.135793,78.745829,10.97,2.25,13.74,889,P1
UKD-001678,Flood,Evacuation Request,20,5,0,1,1,7,2.22,36.16,Open,Moderate,1,1,0,0,None,0,28.954107,79.535,3.5,2.83,2.53,2455,P1
UKD-005012,Landslide,Damaged House,8,2,0,0,2,1,0.13,3.25,Partially Blocked,Moderate,1,1,0,0,None,0,29.310821,79.362272,6.79,15.93,7.65,789,P3
UKD-002868,Cloudburst,Trapped People,27,22,1,1,3,2,1.52,32.11,Blocked,Minor,0,1,0,1,Low,0,29.969564,78.075857,14.75,1.96,2.23,1256,P2
UKD-004377,Flood,Infrastructure Damage,33,0,0,1,7,3,1.16,15.11,Open,None,1,1,1,1,Low,0,29.944725,78.146341,9.76,2.29,2.76,2878,P3
UKD-002368,Flood,Waterlogging,9,3,1,2,2,0,3.21,69.89,Partially Blocked,Minor,1,0,1,1,Low,0,30.41439,77.945387,2.51,4.05,7.48,623,P2
UKD-004026,Landslide,Damaged House,9,0,0,0,6,2,0.21,3.73,Open,Moderate,1,1,1,0,None,0,30.305247,78.049718,2.75,4.46,1.96,2279,P3
UKD-003922,Flood,Flooded Road,27,0,0,2,6,2,2.12,35.94,Open,Minor,1,0,1,0,None,0,29.614991,79.646644,2.56,2.93,4.17,3048,P2
UKD-002513,Cloudburst,Infrastructure Damage,14,8,2,1,2,0,1.95,38.35,Blocked,Minor,0,1,1,1,Low,0,29.529335,79.702191,22.5,6.18,7.7,805,P2
UKD-002724,Landslide,Infrastructure Damage,49,22,4,2,13,7,0.45,10.26,Blocked,Moderate,1,0,1,1,Moderate,0,30.731596,78.322971,12.83,8.19,15.65,386,P2
UKD-005344,Landslide,Flooded Road,93,24,4,2,15,1,0.91,28.35,Partially Blocked,Moderate,0,0,1,0,None,0,30.294666,77.998165,1.09,2.59,5.28,3048,P3
UKD-005452,Cloudburst,Evacuation Request,9,3,1,1,0,3,2.04,32.86,Partially Blocked,Severe,0,1,1,1,Moderate,0,30.181041,79.180125,12.09,5.87,12.27,532,P3
UKD-004435,Cloudburst,Evacuation Request,69,23,2,1,2,13,2.16,29.0,Partially Blocked,Minor,1,1,1,1,Low,0,30.307195,78.041237,3.9,3.26,3.91,1665,P3
UKD-001144,Cloudburst,Missing Person,131,72,2,9,14,2,3.5,63.86,Blocked,Severe,0,1,1,1,Critical,1,29.033159,79.574274,9.54,0.67,2.24,2588,P1
UKD-000398,Flood,Missing Person,71,27,8,10,3,5,3.59,61.89,Partially Blocked,Severe,1,1,1,1,Critical,1,30.177033,78.840222,6.58,6.79,1.4,1145,P1
UKD-000787,Flood,Flooded Road,50,10,1,1,18,5,3.34,67.46,Partially Blocked,None,0,1,1,1,Critical,1,30.265277,78.075821,10.18,3.67,11.86,1757,P1
UKD-005140,Earthquake,Infrastructure Damage,14,1,0,1,2,1,0.06,1.44,Open,Minor,1,0,1,0,None,0,30.107685,78.758001,2.73,3.52,24.65,291,P3
UKD-003908,Flood,Infrastructure Damage,143,28,2,0,10,3,2.88,74.42,Partially Blocked,Minor,1,1,1,1,Low,0,30.182143,78.602265,15.43,7.46,5.11,220,P2
UKD-001399,Flood,Infrastructure Damage,80,53,6,3,6,11,3.0,68.2,Blocked,Severe,0,0,1,1,Moderate,0,28.900469,79.613296,12.75,5.09,4.37,2336,P1
UKD-001660,Earthquake,Trapped People,121,84,7,3,11,2,0.16,3.42,Blocked,Severe,0,1,0,1,Low,0,30.308787,78.045424,8.24,8.22,4.03,999,P1
UKD-005736,Cloudburst,Trapped People,13,10,1,0,0,2,2.09,42.69,Partially Blocked,Moderate,0,0,1,0,None,0,29.575717,79.590455,14.39,1.67,8.86,1429,P3
UKD-002221,Cloudburst,Infrastructure Damage,59,29,6,5,8,5,1.73,46.86,Blocked,Severe,1,0,1,1,Moderate,1,28.897571,79.573461,4.86,1.66,5.68,892,P2
UKD-000980,Landslide,Evacuation Request,76,41,3,1,8,8,0.76,17.28,Blocked,Moderate,1,0,1,0,None,0,30.288049,79.501827,5.68,8.2,16.12,252,P1
UKD-002332,Landslide,Injured Person,19,8,4,0,7,2,0.4,11.21,Blocked,Moderate,0,0,1,1,Critical,1,29.415603,79.469383,23.66,12.17,1.96,173,P2
UKD-001299,Landslide,Missing Person,46,10,2,13,8,6,0.5,10.68,Partially Blocked,Minor,1,1,0,0,None,0,30.097772,78.838768,7.99,9.74,4.0,384,P1
UKD-005420,Flood,Waterlogging,5,0,0,0,0,1,1.56,30.79,Open,Minor,1,1,1,0,None,0,29.964858,78.165003,7.92,3.93,5.91,2468,P3
UKD-000083,Cloudburst,Missing Person,26,5,0,8,6,4,3.31,60.88,Partially Blocked,Minor,1,1,0,0,None,0,29.424543,79.362015,11.91,1.99,3.93,1426,P1
UKD-003101,Cloudburst,Trapped People,46,33,3,2,10,5,2.06,37.24,Partially Blocked,Minor,0,1,1,1,Moderate,0,30.21247,78.116999,7.47,3.36,2.02,1980,P2
UKD-003482,Earthquake,Trapped People,22,8,1,1,4,1,0.08,2.04,Partially Blocked,Minor,1,1,1,1,Low,0,30.304257,78.044396,5.61,11.12,8.6,974,P2
UKD-004794,Earthquake,Infrastructure Damage,107,64,3,1,13,2,0.09,2.3,Blocked,Moderate,0,1,0,1,Low,0,30.351746,77.951836,1.1,5.22,13.7,1949,P3
UKD-004530,Landslide,Injured Person,9,4,3,1,3,0,0.22,4.49,Blocked,Minor,1,0,0,1,Low,0,30.227359,77.901523,0.69,4.97,2.74,1112,P3
UKD-005634,Flood,Trapped People,5,4,0,0,1,0,0.92,22.14,Open,Minor,0,1,1,0,None,0,30.012987,78.232081,0.64,0.5,5.42,2346,P3
UKD-005515,Landslide,Flooded Road,19,0,0,0,2,1,0.52,16.51,Open,Moderate,1,1,1,0,None,0,30.353971,78.657273,17.42,6.68,7.18,122,P3
UKD-002904,Cloudburst,Trapped People,115,83,0,8,8,6,3.48,44.92,Blocked,Moderate,0,0,0,1,Low,0,30.111765,78.866144,14.51,5.26,9.47,681,P2
UKD-000424,Cloudburst,Injured Person,42,11,8,1,13,4,1.96,56.4,Open,Moderate,1,1,1,1,Critical,1,29.720281,79.919019,9.1,5.08,8.65,180,P1
UKD-005190,Flood,Waterlogging,3,0,0,0,1,2,0.56,15.0,Partially Blocked,Minor,1,1,1,0,None,0,30.283298,78.045136,5.19,2.2,2.71,931,P3
UKD-001905,Landslide,Missing Person,20,10,2,5,4,4,0.34,6.0,Blocked,Moderate,0,0,1,1,Low,0,30.81415,78.451218,13.73,12.88,14.65,217,P1
UKD-005440,Earthquake,Evacuation Request,55,9,2,1,7,4,0.06,1.68,Open,Moderate,1,1,1,1,Low,0,29.025004,79.384983,5.6,2.64,1.19,1664,P3
UKD-001531,Landslide,Waterlogging,64,15,3,6,13,4,1.27,33.74,Blocked,Moderate,0,0,0,1,Moderate,1,30.114636,78.868026,1.36,10.83,1.58,1152,P1
UKD-004252,Earthquake,Injured Person,5,1,1,0,1,0,0.1,1.59,Open,Moderate,0,0,0,1,Low,0,30.375885,78.072714,3.53,4.48,4.22,930,P3
UKD-001566,Flood,Trapped People,44,34,3,0,10,6,4.48,63.03,Blocked,Moderate,1,1,1,1,Critical,1,30.338486,78.938868,10.22,7.88,4.62,77,P1
UKD-004437,Cloudburst,Infrastructure Damage,9,0,0,0,2,0,0.53,14.06,Open,Moderate,1,1,1,1,Low,0,30.280733,79.033596,9.62,6.91,14.85,295,P3
UKD-002750,Flood,Flooded Road,12,3,1,0,2,4,2.35,43.37,Blocked,None,0,0,0,0,None,0,28.994658,79.616172,10.18,3.31,1.15,2280,P2
UKD-000840,Landslide,Infrastructure Damage,165,66,1,1,17,6,0.71,15.23,Blocked,Moderate,0,1,1,1,Low,0,30.313359,78.951135,10.4,6.68,17.5,155,P1
UKD-000501,Cloudburst,Injured Person,31,23,7,3,2,5,2.29,61.36,Blocked,Minor,0,0,1,1,Low,1,30.847421,78.388141,14.3,7.33,6.02,909,P1
UKD-004031,Flood,Damaged House,44,2,2,0,6,9,1.06,27.71,Open,Minor,1,1,1,1,Low,1,28.912411,79.545397,1.15,1.69,9.13,2557,P3
UKD-000142,Landslide,Missing Person,113,54,4,6,11,9,1.09,21.84,Blocked,Severe,1,0,1,1,Critical,1,30.152292,78.708323,5.03,5.79,10.83,466,P1
UKD-004950,Earthquake,Injured Person,9,1,4,1,4,0,0.05,1.05,Open,Minor,1,1,1,1,Low,0,29.914392,78.162246,5.45,2.46,5.42,1560,P3
UKD-002606,Landslide,Trapped People,13,5,1,1,1,2,0.44,6.88,Blocked,Moderate,1,1,0,1,Low,0,30.570427,79.508357,4.52,5.67,8.59,149,P2
UKD-003506,Cloudburst,Damaged House,94,24,1,5,13,4,2.64,50.12,Partially Blocked,Moderate,1,1,0,1,Moderate,1,29.867498,78.126463,2.21,2.24,7.58,1212,P2
UKD-001378,Flood,Trapped People,81,69,4,2,7,9,4.54,96.22,Blocked,None,0,0,1,1,Moderate,0,30.292948,77.964637,2.22,1.69,4.1,3226,P1
UKD-004662,Flood,Trapped People,74,57,1,2,10,6,2.78,67.11,Partially Blocked,None,0,1,0,1,Moderate,1,30.29392,79.126757,12.07,2.42,8.73,149,P3
UKD-005883,Flood,Evacuation Request,8,1,0,0,3,0,0.67,16.69,Open,Minor,1,1,0,1,Moderate,1,30.451058,79.289508,16.7,5.81,14.76,976,P3
UKD-002267,Cloudburst,Infrastructure Damage,57,27,2,0,16,7,1.36,35.86,Blocked,Severe,0,0,0,1,Low,0,30.125217,78.687847,11.19,0.63,0.73,1026,P2
UKD-005341,Flood,Waterlogging,2,0,0,0,0,0,1.15,21.71,Open,None,1,1,1,0,None,0,29.416102,79.545766,5.05,3.39,5.12,1515,P3
UKD-001139,Cloudburst,Injured Person,20,8,5,3,6,1,2.52,54.36,Partially Blocked,Minor,0,1,0,1,Critical,1,30.049305,78.198769,5.36,1.56,2.23,2011,P1
UKD-002258,Landslide,Damaged House,85,27,3,5,4,4,0.48,14.54,Open,Severe,0,1,0,1,Moderate,1,29.378445,80.049433,6.33,10.88,6.74,1137,P2
UKD-005446,Flood,Waterlogging,8,0,0,0,1,1,1.14,23.99,Open,None,1,1,1,1,Low,0,29.403243,79.259829,6.04,2.23,3.23,1595,P3
UKD-001788,Landslide,Flooded Road,30,10,1,1,10,5,1.32,18.03,Blocked,None,0,0,1,1,Moderate,1,29.91585,79.809932,16.78,20.0,11.83,146,P1
UKD-003635,Landslide,Infrastructure Damage,66,30,2,2,10,2,0.39,11.44,Partially Blocked,Moderate,0,1,0,1,Low,0,30.282817,78.022299,3.62,6.17,6.16,959,P2
UKD-000551,Earthquake,Injured Person,31,18,14,2,3,5,0.12,2.66,Blocked,Severe,1,0,1,1,Moderate,0,30.071432,78.709343,14.65,16.22,9.48,2020,P1
UKD-000460,Flood,Trapped People,129,87,3,3,2,9,4.61,77.39,Blocked,Moderate,0,0,1,1,Low,0,29.273174,79.407913,17.28,5.6,3.04,2195,P1
UKD-002020,Earthquake,Damaged House,101,41,2,1,7,16,0.12,1.66,Blocked,Minor,1,1,1,0,None,0,30.483258,78.503681,30.0,13.1,13.53,63,P2
UKD-000949,Flood,Trapped People,75,63,1,3,10,2,3.09,63.38,Blocked,Moderate,0,1,1,1,Moderate,1,30.286534,78.030615,6.95,4.8,3.0,4169,P1
UKD-003219,Earthquake,Missing Person,7,2,1,2,1,2,0.15,1.88,Partially Blocked,Severe,1,1,1,0,None,0,28.928629,79.496678,2.3,2.49,7.72,2045,P2
UKD-005181,Landslide,Evacuation Request,19,2,2,0,2,4,0.23,6.19,Open,None,1,1,1,0,None,0,30.281992,79.255012,12.35,11.83,6.18,263,P3
UKD-000533,Cloudburst,Trapped People,39,15,0,2,9,4,1.28,27.91,Open,None,1,0,1,0,None,0,30.332924,78.425185,14.63,8.72,6.56,106,P1
UKD-003843,Flood,Evacuation Request,41,19,4,3,11,6,2.67,55.98,Partially Blocked,Severe,0,1,0,0,None,0,28.801763,79.521986,9.8,5.11,0.93,450,P2
UKD-001830,Flood,Infrastructure Damage,133,57,6,2,10,5,3.14,81.62,Blocked,Severe,0,0,1,1,Critical,1,29.00325,79.593128,5.88,0.21,2.31,2097,P1
UKD-005407,Landslide,Evacuation Request,3,0,1,0,0,1,0.12,1.95,Open,Minor,1,1,1,1,Low,0,30.238047,78.573226,15.61,12.71,14.22,122,P3
UKD-005293,Earthquake,Injured Person,15,2,1,2,1,4,0.07,1.49,Open,Minor,1,0,0,1,Low,0,29.817305,78.222679,3.77,2.28,1.37,2196,P3
UKD-004775,Earthquake,Injured Person,35,16,12,1,5,10,0.1,3.34,Blocked,Severe,1,0,1,1,Critical,1,30.153002,78.750548,12.25,5.11,9.99,741,P3
UKD-003915,Flood,Evacuation Request,35,13,2,2,9,4,2.3,56.9,Partially Blocked,Minor,1,1,1,1,Low,0,30.292457,78.116319,10.2,1.5,6.24,2041,P2
UKD-001603,Landslide,Injured Person,39,3,7,0,7,5,0.37,8.87,Open,Severe,1,1,1,0,None,0,29.614739,79.643891,11.15,3.26,10.41,651,P1
UKD-002239,Cloudburst,Flooded Road,91,32,3,0,8,8,2.58,53.93,Blocked,Minor,0,0,1,1,Moderate,1,28.862704,79.420479,4.96,0.73,2.28,1400,P2
UKD-000640,Cloudburst,Missing Person,97,67,6,5,10,7,3.88,56.65,Blocked,Severe,0,0,0,1,Moderate,1,30.408374,78.460905,18.93,10.4,14.01,280,P1
UKD-005793,Landslide,Evacuation Request,39,18,0,3,11,8,0.31,7.75,Blocked,Moderate,0,1,0,1,Moderate,0,30.153079,78.977175,6.65,8.03,18.32,87,P3
UKD-000968,Cloudburst,Evacuation Request,66,25,6,0,5,2,2.0,32.95,Blocked,Severe,1,1,1,1,Critical,1,30.328975,78.073026,8.29,0.69,10.76,2248,P1
UKD-005067,Flood,Evacuation Request,6,1,0,0,2,1,0.95,26.8,Partially Blocked,Minor,0,0,1,0,None,0,30.382715,79.089076,8.61,18.67,18.45,144,P3
UKD-003712,Landslide,Trapped People,67,40,5,2,9,11,0.46,13.42,Blocked,Minor,1,1,0,1,Moderate,1,30.31407,78.063707,7.21,4.12,12.15,1273,P2
UKD-001684,Landslide,Damaged House,96,61,4,4,7,6,0.67,11.48,Blocked,Severe,0,0,0,1,Moderate,0,30.242594,78.137008,7.67,19.33,12.54,1123,P1
UKD-002249,Landslide,Flooded Road,10,2,0,0,0,1,0.69,13.67,Partially Blocked,Minor,1,1,1,0,None,0,30.321241,79.335582,15.47,3.86,3.23,383,P2
UKD-004127,Landslide,Damaged House,25,0,1,0,8,4,0.14,2.67,Open,Moderate,1,0,1,1,Low,0,30.256582,77.958154,2.48,0.36,8.97,3296,P3
UKD-005360,Landslide,Trapped People,40,15,1,2,5,10,0.35,7.4,Open,Moderate,1,1,1,1,Moderate,1,29.424653,79.39554,7.01,3.29,12.88,241,P3
UKD-003320,Cloudburst,Evacuation Request,56,33,4,1,10,8,2.4,60.27,Blocked,None,0,1,0,1,Moderate,1,30.319775,79.116661,19.12,9.74,6.61,365,P2
UKD-000156,Cloudburst,Infrastructure Damage,40,24,2,2,6,4,2.78,55.57,Blocked,Moderate,0,1,1,1,Moderate,1,30.305419,77.980925,8.48,3.51,15.78,1387,P1
UKD-002296,Flood,Evacuation Request,21,8,4,3,6,0,1.75,33.22,Partially Blocked,Severe,0,0,1,1,Moderate,0,29.179961,79.447547,6.43,3.9,3.76,1905,P2
UKD-003524,Cloudburst,Trapped People,43,33,2,1,2,5,2.86,76.56,Blocked,Severe,0,0,1,0,None,0,28.851506,79.553343,5.71,2.13,0.72,1037,P2
UKD-004020,Flood,Flooded Road,27,1,1,3,2,0,2.06,48.43,Partially Blocked,Minor,1,1,1,1,Low,0,29.564372,79.663822,4.95,16.14,12.63,1193,P3
UKD-001090,Flood,Infrastructure Damage,137,53,3,3,8,10,3.95,61.36,Partially Blocked,Moderate,0,0,1,1,Moderate,1,30.245651,77.970497,5.71,5.77,7.72,3036,P1
UKD-005820,Flood,Missing Person,32,7,1,7,7,3,2.05,33.8,Open,None,0,1,1,0,None,0,29.060448,79.566305,11.73,5.95,0.89,1823,P3
UKD-002320,Earthquake,Injured Person,24,5,8,1,3,7,0.06,1.17,Partially Blocked,Minor,0,1,1,1,Moderate,0,29.906042,78.112611,11.13,2.78,2.23,316,P2
UKD-002941,Landslide,Damaged House,11,2,0,1,2,2,0.33,6.1,Open,Minor,1,1,1,0,None,0,30.583577,78.644771,9.45,7.44,3.73,142,P2
UKD-005072,Flood,Trapped People,188,84,1,1,16,6,2.59,65.54,Blocked,Moderate,0,0,1,0,None,0,29.033482,79.584161,3.96,2.13,2.04,4457,P3
UKD-000289,Flood,Waterlogging,75,27,0,5,15,4,3.75,100.0,Blocked,None,0,1,0,1,Low,0,30.157232,78.753491,2.19,9.98,14.94,266,P1
UKD-000931,Landslide,Injured Person,34,6,9,3,12,4,0.65,15.79,Open,Severe,1,0,0,1,Critical,1,30.154124,78.851337,13.53,6.96,6.7,1417,P1
UKD-002910,Cloudburst,Evacuation Request,197,53,2,0,14,0,2.69,69.54,Partially Blocked,Moderate,0,0,1,1,Moderate,0,30.82907,78.451002,6.41,8.26,6.92,2470,P2
UKD-003586,Earthquake,Damaged House,93,62,1,2,7,6,0.12,3.33,Blocked,Moderate,0,0,1,1,Moderate,0,28.998645,79.617786,3.42,7.65,2.93,1028,P2
UKD-004657,Earthquake,Infrastructure Damage,15,0,0,0,3,3,0.04,0.62,Open,Moderate,1,1,1,0,None,0,30.235879,78.111961,9.72,2.03,3.07,565,P3
UKD-002885,Earthquake,Missing Person,32,4,1,6,4,6,0.1,2.17,Partially Blocked,None,1,0,1,1,Low,0,28.844812,79.644928,4.37,2.99,8.4,657,P2
UKD-003378,Flood,Infrastructure Damage,67,27,5,2,10,5,2.09,42.11,Blocked,Severe,1,1,0,1,Moderate,1,30.173241,78.806606,3.78,7.62,25.84,669,P2
UKD-003221,Cloudburst,Infrastructure Damage,70,31,5,1,7,7,2.17,49.05,Partially Blocked,Minor,0,0,1,1,Moderate,1,30.304292,78.12572,2.05,2.76,6.96,1990,P2
UKD-005445,Landslide,Infrastructure Damage,3,0,0,0,1,0,0.07,1.07,Partially Blocked,None,1,1,1,0,None,0,30.132061,78.948575,29.91,16.77,7.35,559,P3
UKD-003001,Flood,Evacuation Request,29,12,4,3,5,3,3.3,54.26,Blocked,Minor,1,0,1,1,Critical,1,30.128069,78.706651,8.62,14.22,15.49,417,P2
UKD-004451,Flood,Waterlogging,11,0,0,0,1,2,1.42,35.34,Open,Moderate,1,1,1,0,None,0,30.814589,78.426261,20.47,9.37,20.56,50,P3
UKD-004698,Cloudburst,Missing Person,24,8,0,7,4,3,0.64,9.95,Partially Blocked,None,1,1,1,0,None,0,29.535595,79.623677,8.62,2.23,18.3,563,P3
UKD-005914,Earthquake,Infrastructure Damage,19,2,0,0,5,1,0.04,1.14,Open,Moderate,1,0,1,0,None,0,29.655142,80.439928,10.17,5.57,10.8,755,P3
UKD-000943,Cloudburst,Flooded Road,75,16,3,5,14,2,3.01,57.41,Partially Blocked,Severe,0,0,0,1,Critical,1,30.219419,78.756676,5.26,3.7,6.66,1111,P1
UKD-002355,Earthquake,Trapped People,1,1,0,0,0,0,0.08,1.27,Partially Blocked,Moderate,0,0,1,0,None,0,30.17986,78.725975,2.81,9.1,3.29,574,P2
UKD-004765,Flood,Damaged House,58,36,1,4,4,4,3.02,58.81,Blocked,Moderate,0,0,1,1,Low,0,30.315076,78.131436,8.48,9.09,9.21,3713,P3
UKD-005789,Landslide,Injured Person,12,1,4,1,2,1,0.35,5.33,Open,Minor,1,1,0,1,Low,1,29.424324,79.539203,10.91,5.0,6.55,568,P3
UKD-005594,Cloudburst,Infrastructure Damage,5,1,0,0,1,1,0.6,8.63,Partially Blocked,None,1,1,1,0,None,0,28.91483,79.445312,4.99,4.42,3.74,2057,P3
UKD-001699,Cloudburst,Damaged House,74,38,4,0,7,7,3.87,78.8,Partially Blocked,Severe,0,1,1,1,Moderate,1,30.327338,78.03278,0.72,2.07,5.83,2985,P1
UKD-005647,Flood,Flooded Road,50,8,3,0,13,0,2.9,70.08,Partially Blocked,None,1,1,0,1,Low,0,30.272707,77.995567,6.84,2.02,4.75,639,P3
UKD-005200,Earthquake,Waterlogging,8,0,0,1,1,0,0.27,13.58,Open,None,1,1,1,0,None,0,30.125725,78.721041,4.42,1.75,11.88,559,P3
UKD-003546,Cloudburst,Injured Person,4,2,1,0,3,0,1.5,31.07,Partially Blocked,Minor,0,1,1,1,Moderate,1,30.164925,77.982871,1.18,2.51,9.46,1036,P2
UKD-003978,Cloudburst,Trapped People,33,14,1,1,7,3,1.86,34.34,Partially Blocked,Minor,1,1,1,1,Low,0,30.535111,78.438247,19.67,2.54,12.33,218,P2
UKD-005015,Earthquake,Infrastructure Damage,20,7,0,2,3,2,0.06,0.95,Partially Blocked,None,0,1,1,1,Low,0,30.305369,77.981469,8.19,3.36,4.1,2366,P3
UKD-000986,Cloudburst,Trapped People,34,16,2,4,9,4,1.12,20.37,Partially Blocked,Moderate,1,0,0,1,Moderate,1,30.616128,78.323478,9.35,5.57,11.01,209,P1
UKD-005279,Landslide,Evacuation Request,35,22,1,3,6,9,0.53,6.79,Partially Blocked,Minor,0,0,0,1,Low,0,30.019752,78.901964,14.93,3.09,9.62,308,P3
UKD-003108,Earthquake,Damaged House,45,13,1,0,13,1,0.07,1.53,Partially Blocked,Moderate,0,1,1,1,Moderate,1,30.148383,78.837384,9.32,7.22,12.34,439,P2
UKD-003166,Landslide,Trapped People,17,7,2,0,3,1,0.41,8.61,Open,Minor,1,0,0,1,Moderate,0,30.085703,78.109426,2.89,3.03,3.89,1108,P2
UKD-005727,Cloudburst,Infrastructure Damage,67,48,5,2,11,11,2.54,45.96,Blocked,Severe,0,0,1,1,Critical,1,30.178956,79.342035,25.44,8.27,7.35,146,P3
UKD-000982,Earthquake,Evacuation Request,19,3,4,1,3,3,0.07,1.67,Open,Severe,0,0,1,1,Low,1,30.21335,78.785373,1.38,5.06,6.49,334,P1
UKD-003529,Landslide,Injured Person,26,8,6,2,7,3,0.38,6.98,Open,Minor,0,1,1,1,Critical,1,30.368595,78.984389,20.15,10.04,10.45,291,P2
UKD-003263,Flood,Trapped People,90,71,8,3,5,12,3.02,74.48,Blocked,Severe,0,0,0,1,Low,0,29.963918,78.191062,2.07,0.9,3.5,630,P2
UKD-005459,Cloudburst,Missing Person,25,11,2,8,6,1,0.74,14.1,Partially Blocked,None,0,1,0,0,None,0,30.361169,78.617214,30.0,12.17,13.16,425,P3
UKD-003443,Cloudburst,Injured Person,31,18,2,1,5,2,2.06,42.28,Blocked,Minor,0,1,0,1,Low,0,29.857173,78.188261,4.68,4.1,4.91,667,P2
UKD-004297,Earthquake,Missing Person,22,0,0,3,1,2,0.03,1.06,Open,None,1,1,1,0,None,0,30.332151,78.082352,2.86,1.4,1.51,2943,P3
UKD-003498,Flood,Evacuation Request,124,50,0,3,13,5,2.78,67.11,Blocked,Minor,1,0,0,1,Low,0,29.047633,79.523227,14.16,2.14,0.84,2633,P2
UKD-001474,Landslide,Infrastructure Damage,27,10,2,1,2,5,0.46,8.64,Blocked,Minor,1,0,0,0,None,0,29.308,79.382237,10.72,8.77,4.24,165,P1
UKD-004551,Flood,Evacuation Request,104,47,2,6,9,8,2.32,44.51,Blocked,None,0,1,0,1,Low,1,30.182263,78.042404,2.74,1.11,3.85,1405,P3
UKD-004458,Earthquake,Evacuation Request,58,14,3,0,18,7,0.04,0.99,Open,Minor,0,0,1,1,Moderate,1,30.341848,78.059297,4.35,0.61,2.55,467,P3
UKD-004883,Cloudburst,Flooded Road,29,2,3,0,6,3,2.43,59.77,Blocked,None,0,0,1,1,Low,0,30.247006,78.134196,4.43,8.54,0.5,2127,P3
UKD-001458,Cloudburst,Evacuation Request,136,39,1,2,10,9,2.09,48.57,Partially Blocked,None,0,0,0,0,None,0,29.824208,79.823472,14.89,3.83,3.49,614,P1
UKD-001396,Flood,Trapped People,77,66,4,1,4,4,3.94,91.67,Blocked,Moderate,0,0,1,1,Critical,1,30.047518,78.685615,7.13,10.35,8.47,964,P1
UKD-000265,Cloudburst,Infrastructure Damage,164,58,0,5,10,7,3.97,64.4,Partially Blocked,Moderate,0,0,0,0,None,0,30.37393,78.101975,9.77,4.64,3.73,1519,P1
UKD-002749,Cloudburst,Evacuation Request,13,0,1,0,2,2,1.02,15.58,Open,Minor,1,1,1,1,Critical,1,30.098794,78.511346,17.04,7.31,10.83,176,P2
UKD-003394,Flood,Injured Person,6,4,2,1,2,1,2.22,38.33,Blocked,None,0,1,1,1,Moderate,0,30.182105,78.647143,5.03,3.7,8.69,420,P2
UKD-002693,Flood,Infrastructure Damage,71,16,1,4,12,10,2.34,30.79,Partially Blocked,None,1,1,0,1,Moderate,1,30.519079,79.674383,10.92,4.54,20.04,297,P2
UKD-000930,Landslide,Infrastructure Damage,31,23,6,3,12,2,0.83,14.78,Blocked,Severe,0,0,1,1,Critical,1,29.974667,78.261171,3.63,4.29,4.32,2262,P1
UKD-004221,Landslide,Injured Person,21,5,2,1,4,2,0.18,3.08,Blocked,None,1,1,1,1,Low,0,28.894946,79.442752,5.67,3.13,0.57,1327,P3
UKD-005704,Landslide,Trapped People,6,5,0,0,0,0,0.11,2.4,Open,Moderate,0,1,1,0,None,0,30.377979,78.052604,1.52,1.11,4.49,2135,P3
UKD-002401,Landslide,Injured Person,88,23,6,0,11,7,0.65,9.54,Partially Blocked,Severe,1,0,1,1,Low,1,29.340181,79.409902,4.54,8.16,6.62,1696,P2
UKD-002179,Flood,Trapped People,30,21,2,0,7,0,1.79,40.81,Blocked,Moderate,1,1,1,1,Moderate,1,29.910351,78.182839,2.46,1.7,3.28,2366,P2
UKD-003807,Cloudburst,Trapped People,79,67,1,4,16,4,1.41,47.0,Blocked,Moderate,0,1,0,1,Moderate,1,29.648712,79.614207,9.42,7.26,11.15,1272,P2
UKD-000247,Earthquake,Missing Person,200,36,4,14,8,5,0.16,3.02,Partially Blocked,Moderate,1,0,0,1,Critical,1,30.287988,78.026405,4.4,2.66,0.5,5075,P1
UKD-001595,Flood,Evacuation Request,200,51,4,1,14,5,3.97,87.83,Blocked,Severe,1,0,1,1,Low,0,30.301458,78.015457,2.0,9.79,4.45,2781,P1
UKD-001759,Landslide,Infrastructure Damage,11,6,1,1,2,2,0.47,9.69,Blocked,Moderate,0,1,0,1,Moderate,0,30.683845,79.131832,23.43,5.68,9.84,302,P1
UKD-005837,Landslide,Missing Person,92,33,2,10,6,2,0.43,8.31,Blocked,Minor,1,0,0,0,None,0,29.75242,79.702372,4.72,12.17,2.41,587,P3
UKD-004055,Flood,Evacuation Request,8,2,0,0,1,1,1.3,39.65,Partially Blocked,Minor,0,0,1,0,None,0,30.123633,78.794554,9.49,14.23,5.57,428,P3
UKD-000924,Flood,Waterlogging,20,8,1,1,2,1,3.09,60.79,Blocked,None,0,1,0,1,Low,1,29.433561,79.365163,7.78,11.15,13.93,497,P1
UKD-003323,Earthquake,Trapped People,17,3,1,2,1,3,0.07,1.34,Open,None,1,0,1,1,Low,0,29.388271,79.452202,3.72,2.64,8.51,390,P2
UKD-000269,Landslide,Flooded Road,65,15,2,2,3,5,1.05,21.95,Blocked,Moderate,0,1,1,1,Critical,0,29.458847,79.452887,5.8,7.23,7.91,382,P1
UKD-000670,Landslide,Missing Person,2,1,0,1,0,0,0.62,18.13,Partially Blocked,Severe,0,0,0,1,Low,0,30.320441,77.979047,5.82,3.86,1.74,2817,P1
UKD-004257,Landslide,Injured Person,16,3,3,1,3,2,0.46,9.41,Partially Blocked,None,1,0,1,1,Low,1,30.319397,78.038566,5.41,1.71,6.1,2220,P3
UKD-001911,Landslide,Trapped People,121,88,4,2,17,7,0.72,16.5,Blocked,Moderate,0,1,1,1,Critical,1,29.972177,79.64975,9.41,12.56,17.3,273,P1
UKD-004397,Earthquake,Trapped People,41,31,0,0,8,4,0.07,1.66,Partially Blocked,Moderate,0,1,1,1,Low,0,30.030794,78.178793,3.76,3.27,3.65,2406,P3
UKD-001153,Landslide,Infrastructure Damage,47,17,4,0,9,6,0.94,14.35,Partially Blocked,Severe,1,1,1,1,Critical,1,30.332065,78.99909,21.89,6.6,27.87,103,P1
UKD-004919,Cloudburst,Evacuation Request,47,14,1,0,9,8,1.28,30.73,Partially Blocked,Moderate,0,0,1,1,Low,1,30.36315,78.063984,1.22,0.76,8.35,575,P3
UKD-005773,Landslide,Evacuation Request,53,10,1,0,6,14,0.27,6.26,Partially Blocked,Severe,1,1,0,1,Low,0,30.366002,77.975727,9.46,1.92,6.79,3308,P3
UKD-004501,Flood,Waterlogging,10,1,0,0,1,1,2.2,44.7,Open,None,1,0,0,1,Low,1,30.224928,78.936414,8.36,16.3,5.62,181,P3
UKD-002697,Flood,Flooded Road,86,5,1,1,13,5,2.74,48.54,Partially Blocked,None,1,0,1,1,Moderate,1,30.307702,77.87497,5.9,5.36,0.86,4772,P2
UKD-002592,Cloudburst,Damaged House,18,7,2,0,2,1,1.48,28.72,Partially Blocked,Severe,0,0,1,1,Low,0,29.387876,79.408147,2.41,10.88,24.6,487,P2
UKD-005073,Cloudburst,Evacuation Request,33,7,2,4,11,4,1.19,23.22,Open,None,0,0,1,1,Low,1,30.173593,78.674993,9.14,3.65,2.21,361,P3
UKD-001782,Cloudburst,Trapped People,12,9,0,2,6,1,2.43,67.73,Blocked,Moderate,0,0,0,0,None,0,30.802584,78.531509,24.25,15.64,27.71,336,P1
UKD-002414,Flood,Trapped People,41,29,4,1,10,3,3.77,66.69,Partially Blocked,Severe,0,0,1,1,Moderate,1,29.304778,79.996535,19.12,6.84,14.07,1397,P2
UKD-003014,Cloudburst,Trapped People,62,28,2,2,16,8,2.88,55.27,Partially Blocked,Severe,1,1,1,1,Moderate,0,29.920358,78.129558,4.03,1.94,6.01,1299,P2
UKD-005239,Earthquake,Evacuation Request,28,5,1,1,6,3,0.03,0.56,Partially Blocked,Minor,1,1,1,1,Moderate,0,30.033667,78.762091,24.59,5.86,8.6,767,P3
UKD-002308,Cloudburst,Evacuation Request,12,2,0,1,1,2,1.08,29.43,Open,None,0,0,1,0,None,0,30.322934,78.012832,2.13,2.55,1.42,3473,P2
UKD-003823,Earthquake,Injured Person,8,0,1,1,2,1,0.09,1.78,Open,Moderate,1,1,0,1,Low,0,29.446099,79.509169,11.72,2.46,1.43,339,P2
UKD-000688,Cloudburst,Trapped People,102,89,2,6,9,2,2.54,64.25,Blocked,Moderate,0,0,0,1,Critical,1,30.316082,77.873245,3.34,16.03,9.4,3421,P1
UKD-001916,Earthquake,Trapped People,93,61,2,0,7,7,0.14,2.15,Partially Blocked,Moderate,0,1,1,0,None,0,30.110658,78.745612,11.54,4.41,9.44,531,P1
UKD-005646,Earthquake,Damaged House,49,22,1,0,12,3,0.04,0.95,Partially Blocked,Moderate,0,1,1,1,Moderate,1,30.141208,78.571825,9.87,19.79,7.22,491,P3
UKD-000613,Flood,Flooded Road,10,2,0,1,5,1,3.15,73.83,Blocked,Minor,0,0,0,0,None,0,29.90435,78.277875,3.9,1.73,11.04,1551,P1
UKD-003072,Cloudburst,Missing Person,9,2,0,3,1,0,1.57,35.04,Open,Minor,0,0,0,1,Critical,1,29.368115,79.31435,8.35,4.3,5.16,1227,P2
UKD-003406,Flood,Damaged House,11,0,1,1,1,2,1.16,20.1,Open,None,1,1,1,1,Low,0,28.976816,79.559826,7.19,4.31,6.47,3569,P2
UKD-002268,Earthquake,Injured Person,7,2,2,1,3,0,0.04,1.19,Open,Minor,0,1,1,1,Low,0,30.023731,78.058485,11.64,1.74,12.53,1156,P2
UKD-005753,Landslide,Evacuation Request,4,0,0,0,2,0,0.08,1.58,Partially Blocked,None,1,1,1,0,None,0,30.338503,78.349738,12.93,8.17,8.89,380,P3
UKD-002534,Earthquake,Trapped People,25,15,7,4,5,3,0.12,2.77,Partially Blocked,Severe,1,0,0,1,Moderate,0,30.300506,78.155012,1.89,2.23,1.59,1994,P2
UKD-000040,Landslide,Infrastructure Damage,119,63,8,3,11,5,0.95,19.21,Blocked,Severe,0,0,0,1,Critical,1,30.525451,78.865969,8.15,4.73,5.93,358,P1
UKD-001899,Cloudburst,Flooded Road,40,12,5,0,9,6,2.47,73.64,Partially Blocked,Moderate,0,1,1,1,Moderate,1,30.056121,79.660158,17.66,19.75,9.11,259,P1
UKD-001650,Cloudburst,Injured Person,8,4,1,0,1,0,1.62,33.01,Blocked,None,0,1,1,1,Moderate,1,30.097292,78.823384,10.35,3.82,18.82,3020,P1
UKD-003472,Flood,Waterlogging,4,0,0,1,2,0,1.77,40.84,Open,None,0,1,1,1,Low,0,28.916467,79.579242,6.36,2.78,0.5,1553,P2
UKD-000259,Landslide,Flooded Road,31,3,1,5,6,5,1.18,18.99,Partially Blocked,Minor,1,1,1,0,None,0,30.134695,78.883949,10.69,8.88,3.07,284,P1
UKD-002925,Cloudburst,Trapped People,116,72,2,1,4,5,2.06,51.29,Blocked,Minor,0,0,1,1,Critical,1,30.312152,78.047474,5.2,2.57,2.64,2587,P2
UKD-002435,Flood,Waterlogging,4,2,2,1,0,0,4.43,67.56,Blocked,Severe,0,0,0,1,Low,0,30.035369,78.093002,6.93,6.95,5.27,542,P2
UKD-000848,Earthquake,Injured Person,23,12,4,0,1,2,0.16,2.28,Blocked,Minor,0,0,1,1,Critical,1,29.074606,79.413655,4.24,3.65,2.26,1548,P1
UKD-002823,Earthquake,Injured Person,40,18,8,1,15,2,0.15,2.97,Blocked,Severe,1,0,1,1,Critical,1,30.233483,78.815138,13.18,4.46,8.94,1047,P2
UKD-004402,Flood,Waterlogging,0,0,0,0,0,0,0.73,12.4,Open,None,1,1,1,0,None,0,30.403698,78.525712,30.0,6.39,7.34,360,P3
UKD-005085,Landslide,Missing Person,8,1,0,1,3,1,0.22,5.64,Open,None,1,0,1,0,None,0,29.946763,79.960988,13.61,8.86,10.08,436,P3
UKD-003955,Earthquake,Infrastructure Damage,119,32,3,3,10,5,0.12,2.97,Partially Blocked,None,1,0,0,1,Moderate,1,30.368087,77.965946,9.48,1.87,1.77,5472,P2
UKD-003642,Flood,Trapped People,98,84,2,3,14,3,2.76,69.97,Blocked,Moderate,0,1,1,1,Critical,1,29.009973,79.469016,1.57,4.54,2.44,3198,P2
UKD-001234,Flood,Injured Person,81,58,9,1,10,4,3.03,75.26,Blocked,Moderate,0,1,1,1,Moderate,1,30.198011,78.900578,17.5,2.17,23.01,104,P1
UKD-001128,Flood,Evacuation Request,164,64,5,3,4,5,2.99,69.77,Blocked,Severe,0,0,1,1,Critical,1,30.35746,79.490195,13.64,14.62,15.76,370,P1
UKD-003490,Earthquake,Trapped People,81,30,3,2,15,5,0.08,2.32,Open,Severe,1,0,1,1,Low,0,30.363726,78.058937,4.1,3.89,8.3,2825,P2
UKD-001968,Flood,Waterlogging,126,5,4,3,12,6,3.39,72.72,Open,Severe,1,0,0,1,Moderate,1,29.850523,78.154851,2.83,0.78,8.18,6625,P1
UKD-000559,Cloudburst,Evacuation Request,13,1,1,0,6,2,1.69,38.61,Partially Blocked,Minor,1,1,1,1,Low,0,30.141811,78.031281,4.78,1.69,10.28,891,P1
UKD-000905,Landslide,Infrastructure Damage,44,35,6,0,10,3,0.73,20.67,Blocked,Severe,0,0,1,1,Critical,1,29.950828,78.047575,8.28,1.83,1.79,1891,P1
UKD-002615,Flood,Damaged House,15,3,0,1,3,0,2.86,56.32,Partially Blocked,Moderate,1,1,1,1,Low,0,30.136247,78.808049,6.93,1.68,4.63,543,P2
UKD-000485,Flood,Waterlogging,33,9,2,2,6,3,4.13,100.0,Blocked,Moderate,0,0,0,0,None,0,29.426085,79.385267,2.31,7.84,20.35,780,P1
UKD-002212,Flood,Flooded Road,25,1,0,0,4,1,2.36,60.17,Partially Blocked,None,1,1,1,0,None,0,29.912047,78.095743,0.5,2.34,6.69,1003,P2
UKD-001321,Earthquake,Trapped People,200,80,3,1,7,7,0.14,3.56,Blocked,Severe,0,0,1,1,Critical,1,30.416491,79.429172,3.5,8.19,7.59,110,P1
UKD-003333,Cloudburst,Infrastructure Damage,48,29,1,2,13,5,2.59,48.46,Blocked,Minor,0,0,1,1,Low,0,30.392952,78.09917,1.76,2.66,5.01,2050,P2
UKD-002556,Flood,Flooded Road,26,7,1,3,1,6,2.19,47.77,Blocked,Minor,0,0,1,0,None,0,28.914762,79.507321,12.23,2.73,2.38,417,P2
UKD-000008,Earthquake,Trapped People,94,67,2,2,7,3,0.17,3.44,Partially Blocked,Moderate,0,1,1,1,Low,0,30.238631,78.11558,4.02,2.19,5.84,2135,P1
UKD-002316,Landslide,Waterlogging,10,1,1,2,1,2,0.96,20.6,Open,Minor,1,1,0,0,None,0,29.885387,79.71234,11.67,3.57,6.65,312,P2
UKD-005079,Flood,Missing Person,35,2,0,7,13,3,1.84,34.72,Open,None,1,1,1,0,None,0,30.882015,78.421305,9.19,6.03,7.2,369,P3
UKD-004385,Landslide,Damaged House,20,6,4,1,4,1,0.18,5.08,Open,Severe,0,1,1,1,Low,1,30.058167,78.857703,3.16,7.1,9.34,241,P3
UKD-004316,Cloudburst,Missing Person,17,0,0,6,9,2,0.49,12.83,Open,None,1,1,1,0,None,0,29.991663,78.752466,6.13,4.22,21.03,395,P3
UKD-005268,Flood,Waterlogging,1,1,0,0,0,0,0.81,20.82,Blocked,None,1,1,1,0,None,0,29.984792,78.211628,4.15,3.32,4.25,1437,P3
UKD-001451,Flood,Injured Person,45,24,6,0,5,2,3.21,69.22,Partially Blocked,Moderate,0,1,0,1,Low,1,30.032142,78.135363,1.5,2.88,4.97,982,P1
UKD-001202,Flood,Missing Person,141,58,3,6,5,7,2.57,60.08,Blocked,Minor,0,0,1,0,None,0,30.2556,78.025534,7.62,3.03,9.49,1183,P1
UKD-002427,Cloudburst,Infrastructure Damage,55,15,4,1,17,2,1.5,41.47,Blocked,Severe,1,0,0,1,Critical,1,29.833453,78.232536,9.53,0.65,1.99,1760,P2
UKD-002649,Flood,Injured Person,40,7,11,2,8,7,2.44,45.92,Partially Blocked,Severe,1,1,0,0,None,0,29.850987,78.094618,11.9,1.45,3.39,851,P2
UKD-001815,Flood,Flooded Road,24,9,2,4,2,8,3.93,55.58,Blocked,Severe,0,1,1,0,None,0,30.284651,77.981732,2.36,8.79,3.85,2160,P1
UKD-002727,Earthquake,Damaged House,52,4,1,1,6,7,0.06,1.15,Open,Minor,1,0,1,1,Low,0,30.217091,78.064701,5.07,0.24,4.64,3164,P2
UKD-000774,Cloudburst,Infrastructure Damage,200,26,2,4,12,7,4.15,64.05,Open,Moderate,1,0,0,1,Low,0,30.415374,78.16715,2.93,1.37,2.06,2254,P1
UKD-002275,Flood,Infrastructure Damage,32,19,1,2,11,1,2.6,35.13,Blocked,Severe,0,0,0,1,Low,0,30.266639,79.503677,16.8,5.88,6.01,207,P2
UKD-001012,Cloudburst,Flooded Road,54,16,3,3,13,5,2.87,57.94,Blocked,Severe,0,0,1,1,Critical,1,29.561651,80.286212,6.96,6.5,19.4,81,P1
UKD-004060,Flood,Flooded Road,16,1,0,0,6,0,1.75,37.61,Open,None,1,1,1,0,None,0,28.968679,79.454454,3.8,0.74,4.58,893,P3
UKD-003468,Cloudburst,Evacuation Request,45,5,1,1,13,5,0.78,11.93,Open,None,0,1,1,1,Low,0,30.23705,78.034606,3.74,1.92,4.28,828,P2
UKD-001992,Flood,Missing Person,35,10,1,7,10,3,2.22,50.1,Blocked,Minor,1,1,1,0,None,0,30.276646,77.948271,8.5,2.28,2.36,1665,P1
UKD-001278,Flood,Injured Person,25,17,7,2,4,6,4.2,71.21,Blocked,Moderate,0,0,1,1,Critical,1,30.740457,78.359339,7.55,20.0,11.17,214,P1
UKD-001784,Flood,Flooded Road,38,9,1,3,8,6,3.35,61.74,Partially Blocked,Minor,0,0,0,1,Moderate,0,29.464557,80.400965,12.07,20.0,17.4,65,P1
UKD-004254,Cloudburst,Evacuation Request,23,9,2,2,3,3,1.41,43.68,Partially Blocked,Severe,0,0,0,1,Moderate,1,29.388907,79.43909,9.49,3.24,4.28,863,P3
UKD-000447,Earthquake,Evacuation Request,33,7,1,2,12,0,0.09,1.5,Partially Blocked,Moderate,1,0,0,1,Critical,1,28.963873,79.508309,12.87,0.51,5.12,870,P1
UKD-000881,Flood,Trapped People,150,93,5,3,10,6,3.57,56.75,Blocked,Severe,0,1,0,1,Critical,1,30.75862,78.421976,16.58,8.51,4.82,237,P1
UKD-004054,Landslide,Evacuation Request,14,1,0,1,2,1,0.26,6.11,Open,Minor,1,1,1,0,None,0,30.350592,78.065281,6.53,4.31,1.29,2339,P3
UKD-005347,Cloudburst,Injured Person,2,0,1,0,0,1,0.47,10.64,Open,None,1,1,1,1,Low,0,30.344991,79.35626,6.5,3.38,4.51,342,P3
UKD-002728,Landslide,Infrastructure Damage,82,27,2,4,8,7,0.45,6.57,Partially Blocked,Severe,1,1,0,1,Low,0,30.165651,79.065681,12.95,18.11,18.68,109,P2
UKD-003049,Cloudburst,Waterlogging,6,1,1,0,1,1,1.88,37.3,Open,Moderate,0,0,0,0,None,0,30.158804,78.878011,6.57,2.45,4.45,1350,P2
UKD-000782,Flood,Flooded Road,50,10,3,2,8,4,2.81,58.91,Blocked,Severe,1,0,0,1,Critical,1,30.171993,78.910824,17.08,8.56,4.25,358,P1
UKD-002652,Cloudburst,Trapped People,10,7,2,1,4,1,2.58,72.85,Blocked,Minor,0,0,0,0,None,0,30.367753,79.231445,17.1,15.55,13.74,205,P2
UKD-005828,Landslide,Damaged House,14,0,0,0,6,1,0.29,8.46,Open,Moderate,1,1,0,0,None,0,30.636513,78.462934,12.5,5.91,11.81,304,P3
UKD-001750,Landslide,Injured Person,10,3,4,1,1,1,0.73,16.83,Open,Severe,1,1,0,0,None,0,28.932333,79.482888,5.02,2.2,1.68,2985,P1
UKD-002127,Earthquake,Damaged House,2,2,0,0,0,0,0.13,1.88,Blocked,Moderate,1,1,0,1,Moderate,1,29.380863,79.31745,8.28,7.65,19.4,1072,P2
UKD-004422,Earthquake,Injured Person,11,3,1,0,4,2,0.07,1.68,Partially Blocked,Minor,1,0,1,1,Low,0,30.228709,78.04487,7.41,2.51,5.11,895,P3
UKD-002792,Flood,Injured Person,60,42,13,5,10,7,2.97,66.44,Blocked,Moderate,0,1,1,1,Critical,1,30.239934,78.084742,1.36,1.33,3.6,3504,P2
UKD-002424,Landslide,Injured Person,8,2,2,0,2,1,0.33,7.38,Open,None,0,1,0,1,Low,0,29.468185,79.404167,13.76,1.59,11.16,132,P2
UKD-005858,Landslide,Flooded Road,9,0,0,1,2,1,0.55,16.86,Partially Blocked,None,1,1,1,0,None,0,30.245353,78.446374,21.36,10.22,9.8,154,P3
UKD-005169,Landslide,Infrastructure Damage,26,7,0,0,10,6,0.27,5.0,Partially Blocked,Minor,0,1,1,0,None,0,30.03204,78.736234,2.38,7.66,12.31,374,P3
UKD-000884,Cloudburst,Infrastructure Damage,85,42,1,0,14,6,2.95,49.01,Blocked,Moderate,1,0,1,1,Critical,1,30.480476,78.722736,13.56,13.79,12.76,132,P1
UKD-003358,Cloudburst,Missing Person,19,11,0,1,4,3,1.68,31.77,Blocked,Minor,0,1,0,0,None,0,30.293206,78.093529,23.76,0.9,3.16,5363,P2
UKD-001092,Cloudburst,Trapped People,32,30,2,1,2,7,2.68,55.67,Blocked,Minor,0,1,1,1,Moderate,1,30.444738,79.422259,13.84,17.15,18.64,131,P1
UKD-005623,Landslide,Infrastructure Damage,13,11,0,1,4,0,0.29,7.38,Blocked,Minor,0,0,1,0,None,0,30.44252,78.263033,9.06,20.0,17.96,60,P3
UKD-005129,Landslide,Infrastructure Damage,5,0,0,0,0,0,0.12,2.16,Open,Minor,1,1,1,0,None,0,30.400177,78.471559,7.58,6.45,1.07,311,P3
UKD-000532,Cloudburst,Missing Person,66,40,1,10,6,6,1.54,32.95,Blocked,Minor,0,1,1,1,Critical,1,30.152409,77.987692,3.35,2.23,3.77,1231,P1
UKD-003591,Landslide,Injured Person,22,5,6,0,5,4,0.39,6.73,Partially Blocked,Minor,1,0,1,1,Moderate,0,30.211669,78.10622,5.04,5.41,2.22,969,P2
UKD-002439,Cloudburst,Flooded Road,16,5,1,1,3,1,2.16,47.07,Partially Blocked,Moderate,0,1,0,1,Low,0,30.236899,78.107234,2.75,2.64,1.39,2894,P2
UKD-004862,Landslide,Damaged House,24,1,0,1,2,3,0.3,8.2,Open,Minor,1,1,0,0,None,0,30.461071,79.245567,3.03,4.5,7.86,254,P3
UKD-005065,Cloudburst,Damaged House,12,4,0,0,3,1,1.15,26.8,Partially Blocked,Moderate,0,0,1,1,Moderate,1,30.083044,78.812688,13.0,8.28,7.45,481,P3
UKD-003956,Flood,Flooded Road,49,3,1,2,11,4,1.99,38.59,Open,None,1,1,0,1,Low,0,29.008406,79.518606,5.72,4.69,1.74,2975,P2
UKD-004967,Cloudburst,Flooded Road,77,9,3,4,8,2,2.35,42.64,Blocked,Minor,1,1,0,1,Low,0,30.575333,79.337975,10.69,9.48,18.78,99,P3
UKD-002291,Landslide,Infrastructure Damage,39,24,0,3,8,3,0.49,10.97,Blocked,Moderate,0,1,0,1,Moderate,1,30.226372,78.059963,2.21,0.34,11.35,1471,P2
UKD-001728,Earthquake,Trapped People,22,5,0,2,2,7,0.06,1.29,Open,Minor,1,1,0,1,Moderate,0,30.423922,77.988868,4.05,7.12,6.25,2278,P1
UKD-000611,Landslide,Injured Person,33,12,7,4,13,4,0.63,14.59,Partially Blocked,Moderate,0,0,0,1,Critical,1,30.273484,78.460982,6.11,11.53,14.11,183,P1
UKD-000571,Flood,Flooded Road,55,3,3,1,3,9,3.1,71.06,Open,Moderate,1,0,0,1,Moderate,1,28.915812,79.431007,11.0,1.58,0.67,2957,P1
UKD-003775,Earthquake,Evacuation Request,200,50,6,0,12,9,0.13,2.47,Blocked,Severe,1,0,1,1,Critical,1,29.884292,78.122887,8.34,8.57,3.73,2149,P2
UKD-001318,Earthquake,Injured Person,33,19,6,5,11,3,0.13,3.14,Blocked,Minor,1,0,0,1,Critical,1,29.351628,79.494356,5.65,11.12,4.18,165,P1
UKD-000344,Flood,Evacuation Request,8,0,0,1,2,2,1.01,26.62,Open,None,1,1,0,0,None,0,29.428084,79.428702,3.64,4.75,4.57,523,P1
UKD-000588,Landslide,Trapped People,19,8,0,1,7,1,0.87,13.06,Open,Severe,1,0,1,1,Critical,1,29.430074,79.489563,4.14,2.23,15.14,193,P1
UKD-004678,Earthquake,Injured Person,23,8,5,3,3,4,0.11,1.68,Blocked,Moderate,1,0,1,0,None,0,30.334495,78.119157,0.5,2.79,2.2,3315,P3
UKD-000637,Landslide,Flooded Road,22,3,1,1,5,0,0.8,20.85,Blocked,Minor,1,1,1,1,Low,0,30.237371,79.169633,0.97,9.07,12.11,203,P1
UKD-000435,Earthquake,Missing Person,190,70,4,9,11,6,0.14,3.07,Blocked,Severe,0,0,1,1,Low,1,30.217767,78.070798,4.42,9.58,2.27,721,P1
UKD-001904,Flood,Trapped People,21,2,0,2,5,3,1.13,27.69,Open,None,1,1,1,0,None,0,30.287242,78.657634,23.41,10.35,16.09,117,P1
UKD-000098,Landslide,Damaged House,5,0,0,0,2,0,0.13,3.03,Open,Moderate,1,1,1,0,None,0,30.335228,78.010859,1.88,3.09,2.99,1278,P1
UKD-004929,Earthquake,Damaged House,81,13,0,1,4,9,0.06,1.22,Open,Moderate,1,1,1,0,None,0,29.374221,79.431391,4.54,20.0,22.06,387,P3
UKD-003426,Flood,Waterlogging,18,3,0,0,1,3,2.74,42.93,Open,Moderate,0,1,1,1,Low,1,30.113151,78.870698,2.21,3.15,2.79,425,P2
UKD-004421,Flood,Missing Person,36,7,1,10,4,6,1.99,38.31,Partially Blocked,Minor,1,1,0,1,Low,0,29.942986,77.98641,13.54,1.8,1.15,1932,P3
UKD-002070,Flood,Injured Person,7,1,3,0,1,1,2.04,42.04,Open,Minor,1,0,1,0,None,0,29.495073,80.280456,6.75,12.29,10.1,200,P2
UKD-001538,Flood,Trapped People,106,66,2,2,16,5,3.38,54.2,Partially Blocked,Moderate,0,1,1,1,Critical,1,30.316418,78.040215,7.94,3.86,10.16,3390,P1
UKD-003207,Cloudburst,Trapped People,35,26,2,1,6,6,2.13,34.81,Blocked,None,0,1,1,1,Critical,1,29.354587,79.507579,7.18,4.73,6.08,2924,P2
UKD-004547,Flood,Waterlogging,18,0,0,0,2,4,1.36,36.25,Partially Blocked,None,1,1,1,0,None,0,29.907926,77.982704,4.29,1.07,3.24,1080,P3
UKD-004772,Flood,Injured Person,32,10,6,0,8,2,3.45,69.24,Partially Blocked,Moderate,1,1,1,1,Critical,1,29.575046,79.654195,9.55,5.11,19.02,286,P3
UKD-003324,Landslide,Infrastructure Damage,10,5,1,2,1,1,0.4,11.01,Partially Blocked,Moderate,0,1,0,0,None,0,30.222333,78.915557,9.91,19.52,6.56,218,P2
UKD-001518,Earthquake,Injured Person,88,67,9,3,14,6,0.18,3.97,Blocked,Minor,0,1,1,1,Critical,1,30.297508,77.960465,2.53,1.07,5.12,1111,P1
UKD-000966,Flood,Trapped People,200,87,8,5,7,5,3.42,80.18,Blocked,Severe,0,0,0,1,Low,0,29.028677,79.608451,1.67,4.06,8.38,5095,P1
UKD-005276,Flood,Trapped People,7,7,0,0,0,0,2.24,27.27,Blocked,Moderate,0,1,1,0,None,0,28.889896,79.481357,7.57,1.99,1.62,3936,P3
UKD-000529,Earthquake,Infrastructure Damage,108,39,3,5,12,4,0.11,2.81,Blocked,Severe,1,0,0,1,Moderate,1,29.397854,79.757037,13.42,5.87,3.75,1290,P1
UKD-000177,Landslide,Infrastructure Damage,85,49,1,2,8,5,1.07,19.09,Blocked,Minor,0,0,1,1,Moderate,1,30.34998,78.03144,5.47,1.3,8.73,776,P1
UKD-002471,Landslide,Damaged House,150,70,4,3,12,7,0.77,12.16,Blocked,Severe,0,0,0,1,Moderate,1,30.2663,78.046626,10.0,9.16,13.76,2244,P2
UKD-004522,Flood,Flooded Road,13,0,1,0,3,0,1.45,39.4,Open,Severe,1,1,1,1,Moderate,1,30.255809,78.103966,1.59,2.2,5.3,1657,P3
UKD-003600,Flood,Evacuation Request,35,8,2,2,4,3,2.2,47.57,Open,Moderate,1,1,0,1,Moderate,0,30.347866,78.550493,6.54,6.08,8.22,525,P2
UKD-003002,Cloudburst,Trapped People,9,4,2,0,1,2,1.08,22.04,Partially Blocked,Severe,1,0,1,1,Low,1,30.559587,79.409119,10.71,4.06,22.92,203,P2
UKD-005866,Flood,Injured Person,10,3,3,0,4,0,1.27,26.29,Open,Minor,0,1,0,1,Low,0,29.903174,78.183677,0.72,2.01,3.75,2401,P3
UKD-000573,Flood,Trapped People,96,76,1,0,9,10,2.6,42.58,Blocked,Moderate,0,0,1,1,Low,0,30.224493,78.707827,14.83,7.31,26.11,1389,P1
UKD-003266,Landslide,Infrastructure Damage,58,25,1,0,15,4,0.38,9.22,Blocked,Minor,1,1,1,1,Low,0,30.158225,78.683384,2.43,10.8,1.67,209,P2
UKD-000593,Cloudburst,Damaged House,66,44,1,3,10,5,2.73,43.19,Blocked,Moderate,0,1,1,1,Moderate,0,29.672919,80.301089,17.31,6.46,11.18,50,P1
UKD-004975,Earthquake,Evacuation Request,14,2,1,1,1,2,0.05,1.54,Open,None,1,1,1,1,Low,1,29.898876,78.167812,3.75,8.05,1.12,3285,P3
UKD-003063,Landslide,Flooded Road,20,1,0,0,2,1,1.08,26.35,Partially Blocked,Minor,1,1,1,0,None,0,29.855107,79.825227,15.21,9.65,10.09,348,P2
UKD-003483,Landslide,Damaged House,65,24,2,0,12,7,0.33,8.61,Partially Blocked,Moderate,0,1,1,1,Low,0,30.312261,78.04124,1.65,3.37,4.03,1035,P2
UKD-002375,Landslide,Missing Person,24,7,0,6,7,5,0.62,11.55,Open,None,0,0,1,0,None,0,30.379753,79.337016,13.37,3.24,11.16,92,P2
UKD-003065,Flood,Flooded Road,14,0,2,1,3,1,2.44,50.25,Partially Blocked,Severe,0,0,1,1,Low,0,30.198591,78.737743,3.58,10.08,25.81,528,P2
UKD-005628,Flood,Waterlogging,10,2,0,0,3,2,1.62,26.61,Partially Blocked,Minor,0,1,1,1,Low,0,30.082866,78.754208,4.2,9.46,15.87,898,P3
UKD-004333,Landslide,Damaged House,4,0,0,0,0,0,0.12,1.96,Open,Minor,1,1,1,0,None,0,30.272167,77.91961,8.41,1.2,0.93,3021,P3
UKD-003657,Landslide,Trapped People,22,11,2,3,3,5,0.6,9.13,Partially Blocked,Minor,1,0,0,1,Low,0,30.333238,77.983439,1.51,2.8,6.48,1566,P2
UKD-002209,Flood,Injured Person,11,4,2,0,1,2,2.74,43.66,Open,Moderate,1,1,1,1,Low,0,29.419463,79.422586,0.75,5.8,1.23,630,P2
UKD-004417,Flood,Waterlogging,3,0,0,0,0,0,0.56,24.89,Open,Minor,1,1,1,0,None,0,30.247509,78.825874,10.4,4.21,17.66,1087,P3
UKD-002493,Cloudburst,Injured Person,19,2,5,0,6,1,1.94,48.13,Open,Moderate,1,1,1,1,Critical,1,29.92917,78.077516,7.54,2.98,2.94,4258,P2
UKD-003902,Landslide,Infrastructure Damage,32,17,0,2,12,3,0.5,12.33,Blocked,Minor,0,0,1,1,Low,1,30.318921,79.20724,7.17,10.25,4.84,73,P2
UKD-000384,Flood,Waterlogging,82,8,4,0,12,6,2.35,48.11,Open,Severe,1,1,1,0,None,0,30.251439,77.954104,2.16,0.68,4.15,1255,P1
UKD-000853,Flood,Missing Person,188,64,1,13,9,1,4.43,95.29,Blocked,Moderate,0,0,0,1,Low,1,30.358851,78.041293,7.98,2.67,0.93,1467,P1
UKD-001881,Landslide,Evacuation Request,199,66,5,7,15,3,0.72,16.77,Blocked,Severe,0,0,0,1,Low,0,29.72608,79.841951,7.54,8.34,14.9,164,P1
UKD-000371,Landslide,Flooded Road,127,18,6,3,16,8,1.23,31.0,Partially Blocked,Severe,0,0,0,1,Critical,1,30.288497,78.380454,23.89,11.32,10.56,754,P1
UKD-003363,Flood,Trapped People,52,21,1,1,8,5,1.95,34.47,Open,Moderate,1,1,1,1,Critical,1,30.472383,78.121592,6.85,4.41,3.54,2997,P2
UKD-004232,Landslide,Evacuation Request,37,5,1,0,3,7,0.2,4.87,Open,Minor,1,1,1,1,Moderate,0,29.859259,78.211888,3.36,1.36,0.91,2399,P3
UKD-005205,Landslide,Injured Person,19,4,1,4,4,5,0.36,8.47,Partially Blocked,Moderate,1,0,0,0,None,0,28.840254,79.496256,8.72,1.47,4.6,787,P3
UKD-005171,Cloudburst,Evacuation Request,8,0,0,0,3,1,0.89,24.45,Open,None,1,0,1,0,None,0,29.989696,78.17191,1.47,3.64,8.32,1493,P3
UKD-005958,Earthquake,Evacuation Request,63,34,2,3,11,5,0.13,2.8,Blocked,Minor,0,0,0,1,Critical,1,29.324585,79.40946,17.46,5.01,11.47,519,P3
UKD-001106,Landslide,Missing Person,11,2,1,1,0,1,0.48,11.18,Partially Blocked,None,0,1,0,1,Moderate,1,30.111004,78.76411,16.16,12.84,8.66,1196,P1
UKD-004685,Flood,Flooded Road,66,10,2,1,15,3,2.45,49.48,Partially Blocked,Moderate,1,0,1,1,Low,0,30.29266,77.904373,8.48,0.52,7.61,1941,P3
UKD-002362,Flood,Evacuation Request,89,18,0,2,2,7,2.22,32.7,Partially Blocked,Minor,1,1,1,1,Moderate,0,29.41678,79.497156,5.39,6.15,3.42,209,P2
UKD-005154,Cloudburst,Flooded Road,9,2,0,0,2,1,1.6,31.74,Blocked,Minor,0,1,1,0,None,0,30.317498,78.04053,8.68,3.0,3.77,1339,P3
UKD-001337,Flood,Missing Person,105,31,5,10,5,1,3.61,77.48,Partially Blocked,Severe,1,1,1,1,Critical,1,30.139545,78.72568,2.57,4.56,10.15,1015,P1
UKD-002190,Landslide,Flooded Road,95,14,3,4,17,7,1.59,26.88,Blocked,None,1,0,0,1,Low,0,30.360459,78.627437,18.72,16.61,22.06,281,P2
UKD-005503,Landslide,Damaged House,45,24,0,2,7,6,0.32,5.47,Blocked,Minor,0,1,0,1,Low,0,29.296066,79.377801,7.98,3.62,14.43,1401,P3
UKD-005404,Flood,Trapped People,27,19,1,0,6,7,1.34,18.6,Blocked,None,0,0,1,1,Low,0,30.283881,78.152623,2.39,2.88,4.61,846,P3
UKD-004849,Flood,Damaged House,15,3,0,0,3,2,1.05,26.64,Blocked,Minor,1,1,1,0,None,0,30.432601,78.002036,3.75,4.47,3.32,602,P3
UKD-002247,Earthquake,Trapped People,29,24,3,1,8,2,0.14,2.41,Blocked,Minor,0,0,1,1,Moderate,1,30.244315,78.118987,8.99,0.38,12.1,1354,P2
UKD-005975,Flood,Waterlogging,8,1,0,0,2,1,1.06,37.02,Open,Minor,1,1,1,0,None,0,28.96754,79.443596,0.56,2.17,1.81,6064,P3
UKD-005812,Flood,Evacuation Request,67,29,4,1,15,0,3.71,61.88,Partially Blocked,Moderate,0,0,0,1,Critical,1,30.128355,78.145332,1.67,8.29,3.7,1345,P3
UKD-001172,Flood,Trapped People,68,57,8,5,12,7,3.94,70.14,Blocked,Severe,0,0,0,1,Critical,1,30.041573,78.165046,2.16,6.93,3.25,2902,P1
UKD-003993,Landslide,Damaged House,53,15,3,0,4,2,0.66,12.87,Open,Moderate,1,0,1,1,Critical,1,30.58598,78.40319,7.29,7.08,22.77,243,P2
UKD-003809,Earthquake,Damaged House,28,3,1,0,2,4,0.06,0.88,Open,Minor,0,1,1,1,Moderate,0,30.322974,78.084395,2.23,1.95,3.66,3015,P2
UKD-001423,Cloudburst,Infrastructure Damage,107,64,4,0,11,7,2.99,67.57,Blocked,Severe,0,0,1,1,Critical,1,30.269415,78.041886,1.83,4.22,7.66,843,P1
UKD-002687,Flood,Flooded Road,19,1,1,0,7,0,2.25,46.28,Open,None,1,1,1,1,Low,0,28.975101,79.532775,1.42,7.01,6.16,3414,P2
UKD-005381,Earthquake,Damaged House,97,38,0,4,16,5,0.1,2.1,Partially Blocked,Minor,0,1,0,0,None,0,29.365309,79.364396,5.46,2.92,10.31,439,P3
UKD-003319,Flood,Flooded Road,95,25,1,1,8,10,2.89,63.1,Blocked,Moderate,0,1,1,1,Critical,1,30.341326,77.962019,8.97,4.04,6.27,2363,P2
UKD-005814,Landslide,Evacuation Request,26,4,0,0,2,8,0.19,2.44,Partially Blocked,None,1,1,1,1,Low,0,30.360875,78.261525,6.25,14.48,7.88,130,P3
UKD-005708,Cloudburst,Trapped People,6,3,0,0,1,1,0.59,13.21,Open,Moderate,1,1,1,0,None,0,29.390509,79.410406,15.45,6.9,4.84,842,P3
UKD-001465,Earthquake,Infrastructure Damage,88,63,3,1,7,9,0.14,2.17,Blocked,Moderate,0,1,1,1,Critical,1,29.337591,79.361105,5.09,2.65,5.87,397,P1
UKD-000875,Landslide,Trapped People,200,86,7,5,9,9,0.75,22.26,Blocked,Severe,0,0,1,1,Critical,1,30.31499,78.078304,9.34,7.57,4.03,1160,P1
UKD-002298,Flood,Trapped People,23,13,2,3,4,3,1.51,28.42,Blocked,Minor,0,0,0,0,None,0,28.930351,79.39837,7.18,3.55,1.24,632,P2
UKD-002644,Cloudburst,Evacuation Request,31,3,1,0,9,3,1.48,24.42,Open,Minor,1,1,1,1,Critical,1,29.655166,80.29557,14.79,4.62,21.15,166,P2
UKD-003946,Cloudburst,Infrastructure Damage,29,11,3,2,5,3,1.8,23.32,Partially Blocked,None,0,0,1,1,Moderate,0,30.213343,78.966557,28.54,20.0,10.54,437,P2
UKD-005191,Landslide,Trapped People,17,10,0,0,7,0,0.11,2.73,Blocked,None,0,1,1,1,Low,0,30.309885,78.008507,6.16,0.84,7.28,1113,P3
UKD-001252,Earthquake,Trapped People,61,50,5,2,14,9,0.13,2.34,Blocked,Moderate,0,0,1,1,Moderate,1,30.303758,78.010186,3.08,1.69,1.97,1684,P1
UKD-003327,Cloudburst,Waterlogging,16,0,2,0,5,1,1.53,21.42,Partially Blocked,Moderate,1,1,1,1,Low,0,28.991126,79.575777,4.09,1.06,2.2,852,P2
UKD-000841,Flood,Evacuation Request,48,24,1,0,12,5,3.25,77.11,Blocked,Moderate,1,0,1,1,Low,0,28.953107,79.562761,2.99,5.45,26.42,780,P1
UKD-004229,Earthquake,Damaged House,9,2,0,0,4,2,0.04,0.8,Open,Moderate,0,1,1,0,None,0,30.235738,78.723834,13.55,2.22,14.33,987,P3
UKD-000582,Flood,Damaged House,132,36,5,1,18,4,2.54,71.07,Open,Severe,0,0,1,1,Moderate,0,29.879594,78.200411,8.55,7.7,5.12,4185,P1
UKD-000205,Flood,Missing Person,79,47,1,9,8,7,1.62,33.67,Blocked,Moderate,0,1,0,1,Low,0,30.463695,78.250401,30.0,6.24,30.0,835,P1
UKD-001642,Cloudburst,Infrastructure Damage,195,52,2,6,8,12,2.61,66.36,Partially Blocked,Moderate,0,0,0,0,None,0,30.193875,78.016862,6.97,4.26,1.5,2190,P1
UKD-002015,Cloudburst,Waterlogging,20,7,0,2,2,0,2.4,52.45,Partially Blocked,Minor,0,1,1,0,None,0,29.98594,78.135709,10.02,5.41,3.02,1638,P2
UKD-000906,Landslide,Injured Person,23,6,6,1,5,2,0.58,8.09,Blocked,Minor,1,0,1,1,Moderate,1,29.409609,79.54463,12.62,5.11,9.08,376,P1
UKD-000632,Flood,Evacuation Request,26,12,3,3,2,4,3.6,45.75,Partially Blocked,Minor,1,0,0,1,Low,0,30.075891,78.352947,1.29,3.05,4.65,3801,P1
UKD-004245,Cloudburst,Waterlogging,8,3,0,1,4,1,1.34,28.45,Partially Blocked,None,0,1,1,0,None,0,30.494511,78.357213,14.27,5.56,11.28,148,P3
UKD-001975,Flood,Damaged House,18,9,1,1,3,1,2.05,55.36,Blocked,Moderate,0,0,1,0,None,0,30.398984,79.264582,30.0,4.78,9.98,117,P1
UKD-000163,Earthquake,Infrastructure Damage,64,23,1,3,15,7,0.1,2.41,Open,Moderate,0,1,0,1,Moderate,1,30.340715,79.221102,5.44,8.87,14.66,415,P1
UKD-004305,Earthquake,Injured Person,1,0,1,1,0,0,0.03,0.67,Open,None,0,1,0,1,Low,1,30.190216,78.085688,6.66,2.73,3.67,1031,P3
UKD-004056,Earthquake,Infrastructure Damage,60,23,0,4,13,7,0.09,2.39,Blocked,Moderate,1,0,1,1,Moderate,1,30.420938,78.040311,7.85,6.06,9.73,832,P3
UKD-005389,Cloudburst,Trapped People,20,5,1,0,6,3,0.86,17.11,Open,None,1,1,1,0,None,0,30.222858,79.092373,11.0,5.29,4.07,112,P3
UKD-003514,Flood,Trapped People,73,46,1,2,5,8,2.18,46.62,Partially Blocked,Minor,0,1,0,1,Low,0,29.966878,78.264854,6.37,3.4,2.65,2256,P2
UKD-000618,Landslide,Trapped People,104,83,4,0,3,15,1.11,19.08,Blocked,Severe,0,0,1,1,Critical,1,29.602384,80.238818,29.2,17.06,15.71,167,P1
UKD-000876,Earthquake,Trapped People,42,33,3,1,5,7,0.16,2.28,Blocked,Moderate,0,0,1,1,Moderate,1,29.959458,78.157014,6.55,3.46,5.66,708,P1
UKD-001432,Landslide,Missing Person,29,16,2,7,5,5,0.74,14.92,Blocked,Moderate,0,0,1,1,Moderate,1,30.682799,78.247532,6.92,17.46,7.0,176,P1
UKD-002974,Landslide,Infrastructure Damage,137,33,5,3,14,4,0.6,11.9,Partially Blocked,Severe,1,0,0,1,Critical,1,29.797461,79.718038,4.47,3.23,1.74,155,P2
UKD-005363,Earthquake,Injured Person,6,0,3,1,1,0,0.06,0.91,Open,Minor,1,1,1,1,Low,0,30.29849,77.9339,9.23,0.41,2.07,1123,P3
UKD-000548,Landslide,Missing Person,157,67,4,13,5,5,1.03,13.93,Blocked,Minor,0,1,0,1,Critical,1,30.132914,78.792654,30.0,8.75,3.56,252,P1
UKD-004872,Earthquake,Injured Person,23,15,8,1,1,6,0.13,2.19,Blocked,Severe,0,0,1,1,Critical,1,30.028317,78.165035,7.77,4.51,5.64,1061,P3
UKD-005450,Flood,Waterlogging,3,0,0,0,1,0,1.05,23.08,Open,None,1,1,1,0,None,0,29.604457,79.698514,8.77,8.55,8.45,248,P3
UKD-005049,Landslide,Flooded Road,52,3,0,0,4,6,1.04,16.21,Partially Blocked,Minor,1,1,0,1,Low,1,30.060666,78.726213,14.63,2.26,4.15,266,P3
UKD-003382,Earthquake,Trapped People,56,37,1,2,9,5,0.08,1.72,Partially Blocked,Moderate,0,1,1,1,Low,0,30.316276,78.396981,9.03,8.59,15.15,272,P2
UKD-005810,Earthquake,Damaged House,6,1,3,1,2,1,0.04,0.97,Open,Severe,0,1,1,1,Moderate,1,29.366911,79.480143,7.46,3.63,8.48,1161,P3
UKD-005703,Flood,Injured Person,26,4,3,1,9,3,2.65,48.36,Partially Blocked,Minor,1,0,1,1,Low,1,30.051678,78.13701,0.77,4.75,1.06,1490,P3
UKD-004891,Earthquake,Missing Person,9,1,1,2,2,0,0.02,0.68,Partially Blocked,Moderate,1,0,1,1,Low,1,30.393882,77.861736,1.18,4.57,4.75,1006,P3
UKD-002857,Flood,Missing Person,188,60,4,10,12,4,3.43,58.31,Blocked,Moderate,0,1,0,1,Critical,1,28.913073,79.418605,7.94,7.96,5.38,5048,P2
UKD-001862,Landslide,Damaged House,56,33,2,2,8,9,0.66,10.86,Blocked,Minor,0,0,1,1,Moderate,1,28.943062,79.45321,8.69,5.37,6.67,1232,P1
UKD-002660,Cloudburst,Evacuation Request,98,39,1,3,1,4,1.81,35.18,Blocked,None,1,1,1,0,None,0,29.314956,80.133671,19.49,10.21,9.78,447,P2
UKD-005506,Flood,Waterlogging,22,0,0,1,3,3,1.94,29.2,Open,Minor,1,0,1,1,Low,0,28.987316,79.500628,2.46,2.36,6.52,1555,P3
UKD-000641,Landslide,Infrastructure Damage,115,76,5,3,7,6,1.01,18.68,Blocked,Severe,0,1,0,1,Critical,1,30.73614,78.343723,12.56,2.4,7.31,221,P1
UKD-005108,Landslide,Trapped People,51,26,0,2,8,3,0.46,10.58,Blocked,Minor,1,0,1,0,None,0,30.487175,78.811262,18.59,2.4,17.65,189,P3
UKD-001010,Flood,Flooded Road,93,27,1,2,5,5,3.08,79.25,Blocked,Moderate,0,0,1,1,Critical,1,29.91162,78.175516,7.32,1.92,7.57,6366,P1
UKD-005863,Earthquake,Missing Person,24,1,1,5,2,4,0.05,1.25,Open,Minor,1,0,1,1,Low,1,29.629952,79.694694,4.76,6.78,8.04,1036,P3
UKD-000638,Landslide,Infrastructure Damage,62,35,3,4,4,2,0.66,16.9,Partially Blocked,Severe,0,0,1,1,Low,1,30.363454,78.09136,2.77,1.03,3.53,2214,P1
UKD-004900,Landslide,Trapped People,8,1,0,0,1,1,0.23,3.75,Open,Minor,1,1,1,0,None,0,29.372248,79.470058,6.02,3.41,14.05,430,P3
UKD-004505,Cloudburst,Flooded Road,19,1,0,0,2,3,0.96,33.44,Partially Blocked,None,1,0,1,0,None,0,30.378272,77.987608,0.71,0.6,8.28,813,P3
UKD-002309,Landslide,Trapped People,17,6,1,1,5,0,0.42,8.4,Partially Blocked,Minor,1,1,0,1,Low,0,29.339803,79.487473,5.46,7.77,17.82,607,P2
UKD-004169,Flood,Flooded Road,24,3,2,0,4,2,1.97,44.7,Blocked,Moderate,1,1,1,1,Moderate,0,29.026738,79.578447,8.25,2.07,7.73,499,P3
UKD-003146,Landslide,Trapped People,22,14,3,0,5,5,0.43,12.18,Partially Blocked,None,0,1,1,1,Low,0,30.436062,79.391957,22.18,10.51,26.64,200,P2
UKD-003782,Cloudburst,Waterlogging,19,1,0,0,1,1,1.88,43.38,Open,None,0,0,1,0,None,0,29.555585,79.588942,10.84,2.81,4.71,143,P2
UKD-002097,Flood,Injured Person,15,11,1,0,4,1,3.58,73.19,Blocked,Minor,1,1,1,1,Moderate,1,29.480899,79.703082,9.96,8.28,6.59,403,P2
UKD-005520,Flood,Trapped People,11,9,0,1,2,1,1.35,26.52,Blocked,None,0,1,1,1,Moderate,0,30.193796,78.84578,6.18,14.2,1.64,2478,P3
UKD-001957,Flood,Damaged House,168,44,2,2,16,4,4.66,91.77,Partially Blocked,Severe,0,0,0,1,Critical,1,30.831553,78.577521,30.0,2.43,8.49,302,P1
UKD-001373,Flood,Injured Person,48,34,15,3,14,6,3.76,68.27,Blocked,Severe,0,0,1,1,Critical,1,28.930358,79.654157,8.85,5.15,1.61,1281,P1
UKD-004023,Cloudburst,Injured Person,19,3,5,2,10,2,1.53,41.79,Partially Blocked,Moderate,1,1,1,0,None,0,28.870026,79.485394,2.59,6.78,5.4,3970,P3
UKD-000922,Landslide,Trapped People,49,39,0,3,6,3,0.67,10.87,Blocked,Moderate,0,1,1,0,None,0,30.364515,77.963909,4.11,6.2,5.29,2543,P1
UKD-000547,Flood,Injured Person,62,36,7,1,15,5,4.24,78.7,Blocked,Moderate,0,1,1,1,Critical,1,30.379504,78.542596,2.76,14.28,18.96,226,P1
UKD-001450,Flood,Injured Person,91,60,16,3,10,6,4.09,60.3,Blocked,Severe,0,0,1,1,Critical,1,29.888528,80.431682,15.53,5.94,28.4,263,P1
UKD-002805,Flood,Trapped People,16,12,0,0,2,1,2.56,50.0,Partially Blocked,Minor,0,1,1,1,Moderate,1,28.928765,79.545046,2.28,2.44,1.41,1205,P2
UKD-002611,Flood,Trapped People,17,12,0,4,5,0,2.96,55.31,Blocked,Moderate,0,0,0,0,None,0,29.299859,79.455053,29.34,18.36,5.14,223,P2
UKD-001901,Landslide,Infrastructure Damage,39,16,4,4,12,5,0.95,19.56,Partially Blocked,Moderate,1,1,0,1,Low,0,29.988972,78.823071,11.76,4.87,11.63,180,P1
UKD-002758,Cloudburst,Infrastructure Damage,57,25,0,2,7,6,1.11,23.95,Partially Blocked,Minor,0,1,0,1,Low,1,28.894795,79.387709,6.64,2.31,6.01,1652,P2
UKD-002029,Earthquake,Damaged House,117,28,0,2,9,2,0.12,1.68,Partially Blocked,Moderate,1,1,1,1,Moderate,1,29.860996,78.147454,5.62,11.79,4.73,789,P2
UKD-002302,Landslide,Trapped People,64,51,2,0,17,6,0.67,13.37,Blocked,Moderate,0,1,1,1,Low,0,29.509117,79.531007,3.81,11.39,14.92,363,P2
UKD-001886,Earthquake,Injured Person,18,9,9,0,6,2,0.21,4.11,Partially Blocked,Severe,0,0,0,1,Moderate,1,30.063675,78.064939,4.91,1.79,4.18,492,P1
UKD-001643,Cloudburst,Flooded Road,164,30,2,5,13,5,3.97,78.17,Blocked,Severe,0,1,0,1,Low,0,30.010775,78.057076,2.07,1.04,0.93,506,P1
UKD-000973,Flood,Trapped People,72,54,2,5,7,5,3.61,70.71,Blocked,None,0,1,0,1,Moderate,1,29.383323,79.593657,14.84,6.07,7.62,437,P1
UKD-005765,Landslide,Trapped People,3,3,0,0,1,0,0.42,7.98,Blocked,Moderate,0,1,1,0,None,0,30.167394,79.18887,11.17,12.21,30.0,130,P3
UKD-002098,Flood,Flooded Road,69,14,1,2,8,10,3.64,83.43,Blocked,Moderate,1,1,1,1,Low,1,29.891811,78.019058,6.55,2.29,3.26,1416,P2
UKD-005209,Cloudburst,Flooded Road,18,1,0,1,4,1,1.54,35.94,Partially Blocked,Moderate,1,1,1,1,Low,1,29.857916,79.638514,6.91,4.37,6.27,279,P3
UKD-004576,Earthquake,Infrastructure Damage,9,3,1,0,0,0,0.03,0.69,Partially Blocked,Severe,0,0,1,1,Critical,1,30.076986,78.137451,2.0,3.21,7.15,2656,P3
UKD-005491,Landslide,Evacuation Request,28,12,0,1,10,2,0.35,5.0,Partially Blocked,None,0,1,1,1,Low,0,30.178099,78.841283,4.51,2.99,6.65,1682,P3
UKD-005959,Flood,Waterlogging,3,0,0,0,1,0,1.66,27.94,Partially Blocked,None,1,1,1,0,None,0,29.997554,78.241903,2.66,4.11,1.67,725,P3
UKD-000837,Landslide,Trapped People,20,7,0,2,6,3,0.35,6.12,Partially Blocked,Minor,1,0,0,0,None,0,28.923592,79.627549,9.25,9.89,5.68,5076,P1
UKD-000602,Cloudburst,Injured Person,15,12,9,0,1,2,3.19,48.77,Blocked,Severe,0,1,1,1,Moderate,1,30.351629,78.089524,1.5,7.28,3.93,2728,P1
UKD-002185,Earthquake,Evacuation Request,48,8,2,0,5,6,0.05,1.56,Partially Blocked,Minor,1,1,1,1,Moderate,0,29.619943,79.994685,11.77,5.04,11.39,138,P2
UKD-004769,Landslide,Trapped People,6,5,0,0,0,0,0.16,4.72,Blocked,Minor,0,1,1,0,None,0,30.350073,77.97865,4.15,1.36,8.81,7822,P3
UKD-003517,Earthquake,Trapped People,39,14,1,0,4,4,0.07,2.15,Partially Blocked,Moderate,1,1,1,1,Low,0,29.998019,78.192505,1.97,4.37,8.91,1265,P2
UKD-005150,Flood,Flooded Road,196,32,2,1,6,5,3.21,74.85,Blocked,Moderate,0,1,1,1,Critical,1,29.032163,79.409369,12.55,3.49,5.43,2099,P3
UKD-001583,Landslide,Flooded Road,44,8,2,4,7,5,1.45,22.77,Blocked,Moderate,1,0,0,0,None,0,29.738889,80.262739,3.96,14.43,21.99,50,P1
UKD-005102,Landslide,Infrastructure Damage,26,2,2,0,8,3,0.16,5.0,Open,Minor,1,1,1,1,Low,0,29.385469,79.414784,2.56,11.22,9.75,445,P3
UKD-003584,Landslide,Flooded Road,21,2,0,1,9,2,0.76,18.1,Open,Minor,0,0,1,0,None,0,29.699656,79.53775,9.8,4.07,16.09,248,P2
UKD-003859,Flood,Evacuation Request,181,57,5,3,4,5,3.91,73.77,Blocked,Minor,0,0,1,1,Moderate,1,29.622608,80.119837,30.0,10.33,2.41,271,P2
UKD-001071,Earthquake,Evacuation Request,86,20,5,0,15,7,0.14,3.15,Partially Blocked,Severe,1,0,1,1,Low,0,29.653801,79.750844,12.71,4.28,7.52,2315,P1
UKD-001776,Flood,Trapped People,14,5,1,2,2,0,2.25,61.84,Partially Blocked,Moderate,1,1,1,1,Low,0,29.340791,79.464663,4.15,1.64,10.44,251,P1
UKD-005764,Cloudburst,Trapped People,26,6,1,1,9,3,1.51,27.84,Open,Minor,1,1,1,1,Low,0,30.540743,78.383272,11.62,10.43,11.05,366,P3
UKD-001284,Earthquake,Damaged House,85,25,4,3,13,7,0.11,3.49,Open,Severe,1,0,0,1,Critical,1,29.326624,79.47967,4.39,0.96,17.22,1509,P1
UKD-004988,Cloudburst,Injured Person,3,0,1,0,2,0,0.76,16.32,Open,Minor,1,1,1,1,Low,0,29.860475,78.133805,8.71,1.4,1.01,1396,P3
UKD-004885,Landslide,Evacuation Request,45,16,1,0,10,7,0.3,4.03,Partially Blocked,Minor,0,1,1,1,Moderate,0,30.259959,78.031987,4.0,5.26,8.74,1569,P3
UKD-005700,Flood,Trapped People,43,24,2,0,12,4,1.21,27.6,Blocked,Minor,1,0,1,1,Moderate,1,30.236399,78.62597,8.51,3.34,18.51,583,P3
UKD-001837,Cloudburst,Trapped People,53,47,9,3,13,8,3.43,59.1,Blocked,Severe,0,0,1,1,Low,1,29.445489,79.366467,17.79,5.53,6.61,733,P1
UKD-005453,Cloudburst,Trapped People,73,34,2,2,12,8,2.0,32.19,Partially Blocked,Moderate,1,0,1,1,Low,1,30.0266,78.213013,3.91,4.27,3.09,5638,P3
UKD-001020,Earthquake,Damaged House,65,39,1,0,16,9,0.13,2.88,Partially Blocked,Severe,0,1,1,1,Critical,1,30.326311,78.075307,3.34,7.91,7.75,1274,P1
UKD-000971,Landslide,Missing Person,81,54,1,14,7,9,1.06,22.25,Partially Blocked,Minor,0,0,1,1,Low,0,30.172781,78.764581,7.41,2.87,6.62,1738,P1
UKD-001327,Flood,Trapped People,41,25,3,1,9,3,3.44,73.37,Partially Blocked,Moderate,0,0,1,1,Moderate,1,29.055258,79.506807,2.64,2.52,6.48,2594,P1
UKD-003334,Landslide,Missing Person,12,3,0,2,5,2,0.53,10.23,Open,Minor,0,0,1,1,Low,1,30.342128,77.965222,4.4,4.0,2.7,1731,P2
UKD-000476,Cloudburst,Injured Person,35,16,6,2,8,3,2.97,52.89,Blocked,Minor,1,0,0,0,None,0,30.275708,77.997358,4.89,5.6,5.09,803,P1
UKD-002811,Flood,Flooded Road,57,10,0,0,14,5,2.36,48.51,Blocked,Minor,1,1,0,1,Low,0,30.024663,78.748768,3.79,3.42,5.26,1085,P2
UKD-005609,Cloudburst,Trapped People,5,1,0,0,0,1,0.33,6.11,Open,Minor,1,1,1,0,None,0,30.272649,78.084274,4.37,1.75,1.53,597,P3
UKD-001652,Earthquake,Trapped People,111,51,1,2,5,11,0.13,2.23,Partially Blocked,None,1,0,0,1,Low,0,29.778761,79.863018,2.33,19.56,16.53,303,P1
UKD-005570,Landslide,Evacuation Request,25,1,0,0,3,1,0.25,6.17,Open,None,1,1,1,1,Low,0,29.876381,78.155289,9.31,1.07,4.61,3583,P3
UKD-005122,Cloudburst,Infrastructure Damage,25,16,0,0,5,3,1.12,14.95,Blocked,Minor,0,1,1,0,None,0,30.285209,77.952982,1.74,4.22,5.61,1934,P3
UKD-002529,Flood,Waterlogging,20,4,2,1,5,2,2.52,57.59,Partially Blocked,Severe,0,1,0,1,Moderate,0,30.072957,78.739636,9.98,6.64,8.85,2061,P2
UKD-003692,Flood,Trapped People,47,32,1,1,7,7,2.65,55.93,Partially Blocked,Minor,0,0,1,1,Low,0,29.992225,78.098369,4.76,2.14,6.04,1168,P2
UKD-004510,Flood,Waterlogging,4,0,0,0,0,1,1.45,34.37,Partially Blocked,Moderate,0,1,1,0,None,0,30.217063,78.085093,4.47,2.61,4.21,5030,P3
UKD-004087,Flood,Flooded Road,11,1,1,0,4,0,1.62,37.31,Partially Blocked,None,1,1,1,1,Moderate,0,30.900013,78.322618,8.66,13.14,18.44,275,P3
UKD-001374,Flood,Missing Person,31,20,2,8,2,9,3.85,77.1,Partially Blocked,Moderate,0,0,1,1,Moderate,1,29.243058,79.52473,3.68,6.75,2.7,707,P1
UKD-000740,Flood,Waterlogging,125,22,4,1,16,12,3.39,90.32,Partially Blocked,Severe,0,0,0,1,Critical,1,30.315665,77.962441,6.36,2.9,8.06,3293,P1
UKD-004609,Flood,Waterlogging,3,1,0,0,0,0,1.52,26.14,Blocked,None,0,1,1,0,None,0,30.29931,79.480268,9.99,11.99,20.7,188,P3
UKD-005803,Flood,Infrastructure Damage,4,0,0,0,1,0,0.59,8.48,Open,Minor,1,1,1,0,None,0,30.017741,78.199833,3.8,3.06,7.72,1563,P3
UKD-000868,Earthquake,Injured Person,63,25,8,0,12,8,0.12,2.97,Partially Blocked,Moderate,1,0,0,1,Critical,1,29.929572,78.136465,3.22,5.41,3.62,661,P1
UKD-002975,Earthquake,Missing Person,42,8,1,6,9,1,0.08,2.05,Open,Moderate,1,0,1,1,Moderate,1,29.947381,78.060666,1.13,6.11,1.56,1119,P2
UKD-001141,Cloudburst,Evacuation Request,150,50,1,2,9,4,3.13,78.98,Partially Blocked,Severe,0,0,1,1,Moderate,0,30.238548,79.267841,20.74,13.3,5.25,108,P1
UKD-000998,Cloudburst,Injured Person,34,26,9,4,6,7,4.09,76.58,Blocked,Moderate,0,0,1,1,Moderate,1,29.033321,79.610416,1.81,2.3,3.34,2296,P1
UKD-001338,Cloudburst,Waterlogging,9,1,0,2,0,1,2.61,45.28,Partially Blocked,Minor,0,0,0,1,Low,0,30.16252,78.66321,1.46,1.39,3.87,615,P1
UKD-000542,Landslide,Trapped People,102,84,3,2,9,3,0.67,12.24,Blocked,Moderate,0,0,0,1,Critical,1,30.689468,78.725277,25.38,20.0,27.56,179,P1
UKD-001100,Cloudburst,Evacuation Request,53,30,4,2,10,10,2.58,46.03,Blocked,Moderate,0,0,0,1,Moderate,0,30.276572,78.059385,1.72,11.68,3.22,5732,P1
UKD-001133,Cloudburst,Trapped People,62,56,2,2,11,5,3.47,52.71,Blocked,Moderate,0,0,1,1,Moderate,0,29.566136,80.086201,8.39,20.0,7.42,131,P1
UKD-005817,Cloudburst,Trapped People,37,16,2,1,5,8,1.44,37.84,Partially Blocked,Moderate,1,0,1,1,Moderate,1,30.413918,79.469752,24.05,12.7,13.11,86,P3
UKD-005928,Earthquake,Injured Person,26,5,8,0,6,2,0.07,1.4,Partially Blocked,None,1,0,1,1,Moderate,1,30.321252,78.044927,0.56,11.2,2.59,1789,P3
UKD-002259,Cloudburst,Injured Person,42,26,5,1,13,8,1.99,38.42,Blocked,Moderate,0,0,1,1,Critical,1,29.940893,78.212177,5.17,3.11,4.08,1160,P2
UKD-005974,Cloudburst,Flooded Road,2,0,0,0,1,1,1.34,30.68,Blocked,Minor,1,1,1,1,Low,0,30.421359,79.428525,14.14,8.66,8.85,1545,P3
UKD-002963,Cloudburst,Trapped People,57,21,3,4,4,8,1.64,26.63,Partially Blocked,Moderate,1,1,0,0,None,0,30.340531,78.12695,0.89,9.15,0.56,5592,P2
UKD-000060,Cloudburst,Trapped People,28,7,2,0,5,1,1.55,28.01,Partially Blocked,Minor,1,1,1,1,Low,1,29.479945,79.534018,17.99,8.01,7.29,655,P1
UKD-003260,Cloudburst,Injured Person,30,19,7,3,3,3,2.73,68.08,Blocked,Moderate,0,1,0,1,Critical,1,30.127934,78.776463,12.24,1.46,11.26,1477,P2
UKD-004084,Flood,Waterlogging,9,0,0,0,2,1,1.67,22.79,Partially Blocked,None,1,1,1,0,None,0,30.216868,78.548094,11.76,16.59,14.41,602,P3
UKD-001939,Cloudburst,Evacuation Request,200,42,1,5,10,6,2.01,49.22,Blocked,Moderate,1,1,0,1,Low,1,30.365862,78.007059,7.63,2.85,9.29,1545,P1
UKD-003651,Earthquake,Trapped People,38,16,3,2,6,4,0.14,2.46,Partially Blocked,Moderate,1,1,1,1,Moderate,1,29.417208,79.482808,3.27,7.45,7.33,431,P2
UKD-005924,Cloudburst,Injured Person,20,5,3,0,2,1,2.49,49.49,Partially Blocked,Severe,1,0,0,1,Moderate,1,30.498311,79.343142,22.11,3.9,14.03,532,P3
UKD-003396,Cloudburst,Missing Person,60,24,2,5,17,5,1.58,25.61,Blocked,None,1,1,1,1,Moderate,1,29.7236,79.729511,25.28,7.16,5.24,286,P2
UKD-002814,Cloudburst,Flooded Road,116,29,2,0,10,5,2.55,47.78,Blocked,None,0,1,1,1,Low,0,29.023759,79.527,2.31,2.96,2.39,918,P2
UKD-005997,Earthquake,Damaged House,47,6,1,1,6,14,0.05,1.31,Open,Minor,1,0,1,1,Low,0,30.355865,78.124653,4.65,3.83,2.31,743,P3
UKD-005657,Landslide,Damaged House,42,9,2,0,16,2,0.37,5.4,Blocked,Severe,1,0,1,1,Low,0,30.265005,77.935759,6.23,9.1,2.41,3883,P3
UKD-001079,Earthquake,Missing Person,138,69,8,6,8,2,0.13,3.77,Blocked,Severe,0,0,1,1,Low,1,30.553608,78.359261,11.73,5.85,8.15,312,P1
UKD-004533,Flood,Evacuation Request,11,2,0,0,2,1,0.51,12.44,Blocked,Minor,1,1,1,1,Moderate,1,30.429742,77.991362,3.65,2.82,5.38,2102,P3
UKD-005832,Landslide,Evacuation Request,13,2,1,0,3,2,0.24,7.62,Open,Moderate,1,1,1,1,Moderate,1,30.283316,78.223521,3.26,3.43,2.12,1682,P3
UKD-004273,Landslide,Injured Person,10,3,2,1,1,2,0.42,9.35,Open,Moderate,1,0,0,1,Low,0,30.826079,78.398879,6.31,12.28,6.71,371,P3
UKD-004284,Flood,Evacuation Request,27,4,1,2,6,4,0.97,19.47,Partially Blocked,None,1,0,0,0,None,0,29.248287,79.393473,2.41,6.27,19.27,224,P3
UKD-005100,Landslide,Trapped People,25,19,1,0,4,4,0.18,4.33,Partially Blocked,None,0,1,1,0,None,0,29.848593,78.189125,4.18,7.26,5.54,870,P3
UKD-002631,Cloudburst,Evacuation Request,191,66,4,2,3,12,2.34,53.25,Blocked,Severe,0,1,1,1,Critical,1,28.899789,79.445126,2.15,5.7,6.86,4036,P2
UKD-004802,Landslide,Evacuation Request,48,12,2,0,8,5,0.39,6.44,Partially Blocked,Moderate,1,1,1,1,Critical,1,29.611078,79.627516,9.93,4.13,7.67,1260,P3
UKD-003525,Flood,Flooded Road,63,14,1,1,3,5,2.37,43.4,Blocked,None,0,1,1,1,Low,0,30.29377,78.402541,2.73,3.14,11.27,369,P2
UKD-003564,Earthquake,Evacuation Request,49,24,0,0,11,3,0.05,1.35,Partially Blocked,Moderate,0,1,1,1,Low,0,29.482959,80.221368,10.76,13.7,9.55,216,P2
UKD-000941,Flood,Trapped People,103,84,0,2,15,6,2.84,53.29,Blocked,Minor,0,1,0,0,None,0,29.900141,78.14179,4.67,2.81,6.15,2539,P1
UKD-001081,Flood,Flooded Road,104,29,2,2,10,2,3.78,89.9,Blocked,Severe,0,1,1,1,Moderate,1,30.157286,79.20222,7.86,0.97,18.19,208,P1
UKD-000188,Landslide,Injured Person,48,24,9,1,11,10,0.58,12.73,Partially Blocked,Minor,0,1,1,1,Critical,1,28.965989,79.526872,6.82,1.13,4.03,1220,P1
UKD-003723,Cloudburst,Evacuation Request,68,25,0,1,4,13,3.02,62.62,Partially Blocked,Moderate,1,0,1,0,None,0,29.611243,79.599473,8.62,2.7,6.71,626,P2
UKD-005614,Landslide,Flooded Road,1,0,0,0,0,0,0.55,13.29,Partially Blocked,None,1,1,1,0,None,0,29.03341,79.576,2.38,1.1,11.06,2333,P3
UKD-002086,Landslide,Trapped People,42,33,3,2,10,4,0.63,13.64,Blocked,Moderate,0,0,0,1,Low,0,29.846533,78.196715,1.95,3.77,1.05,1619,P2
UKD-002250,Flood,Trapped People,117,54,1,3,9,6,2.44,64.1,Partially Blocked,None,1,1,0,1,Low,0,30.266971,78.031054,7.08,1.44,3.46,4354,P2
UKD-003689,Earthquake,Missing Person,117,38,3,12,10,1,0.14,2.95,Open,Minor,0,1,0,1,Moderate,1,30.223649,78.02771,3.18,1.46,2.62,955,P2
UKD-005869,Flood,Evacuation Request,8,1,1,0,4,0,0.47,13.94,Open,None,1,1,1,1,Low,1,29.510882,79.377345,8.29,5.07,5.28,1653,P3
UKD-002024,Landslide,Infrastructure Damage,8,2,0,1,2,0,0.32,4.66,Partially Blocked,Moderate,1,1,0,1,Low,0,30.325329,78.518026,10.42,5.09,5.06,161,P2
UKD-003795,Cloudburst,Trapped People,73,36,1,3,8,5,1.67,27.1,Partially Blocked,Minor,1,1,1,1,Low,0,30.268129,77.97532,0.78,6.27,2.62,2621,P2
UKD-001493,Cloudburst,Trapped People,105,64,0,2,13,5,3.17,47.8,Blocked,Minor,1,0,1,0,None,0,30.355019,78.064377,7.25,5.39,4.06,2088,P1
UKD-004602,Landslide,Infrastructure Damage,9,4,0,0,0,0,0.24,5.3,Blocked,None,0,1,0,0,None,0,30.2576,78.811843,5.48,1.18,11.37,892,P3
UKD-004041,Landslide,Trapped People,35,22,0,0,4,6,0.19,4.07,Blocked,None,0,1,1,0,None,0,30.34807,77.940276,1.4,6.81,8.79,733,P3
UKD-000227,Landslide,Missing Person,16,4,2,7,7,2,0.48,10.05,Blocked,Severe,1,1,1,0,None,0,30.818176,78.299104,17.73,19.08,5.81,251,P1
UKD-001014,Landslide,Infrastructure Damage,90,23,2,2,11,7,0.72,17.04,Open,Moderate,1,0,0,1,Low,0,29.300433,79.38397,5.14,14.45,18.71,162,P1
UKD-002584,Earthquake,Trapped People,54,31,1,0,7,2,0.08,2.03,Open,Minor,0,0,1,1,Moderate,1,28.974971,79.485777,9.76,6.86,0.53,1452,P2
UKD-001930,Landslide,Evacuation Request,200,62,1,1,12,4,0.58,8.72,Blocked,Moderate,0,1,1,1,Moderate,1,30.191643,78.840105,28.63,0.69,6.65,312,P1
UKD-004216,Landslide,Trapped People,15,2,1,0,1,1,0.35,7.24,Open,Minor,1,1,1,1,Moderate,1,30.312913,79.039622,11.08,2.59,20.82,125,P3
UKD-005383,Flood,Trapped People,10,5,1,2,4,0,0.89,22.29,Blocked,Minor,0,1,1,1,Low,0,30.280474,78.073643,1.56,2.52,5.26,2020,P3
UKD-001405,Earthquake,Injured Person,29,18,5,3,6,3,0.18,2.91,Partially Blocked,Moderate,0,0,1,1,Critical,1,29.960829,78.071468,7.91,3.82,3.08,4275,P1
UKD-002180,Earthquake,Infrastructure Damage,25,19,3,1,2,9,0.14,2.24,Blocked,Moderate,0,0,0,1,Critical,1,29.951855,78.14077,6.34,7.34,6.96,4122,P2
UKD-000698,Flood,Injured Person,59,36,10,1,10,3,3.85,98.45,Blocked,Severe,0,0,1,1,Critical,1,30.264707,79.330355,12.07,4.87,13.75,137,P1
UKD-001125,Cloudburst,Injured Person,28,18,6,3,7,5,3.37,55.38,Blocked,Moderate,0,0,0,1,Moderate,1,29.538466,79.677779,9.44,5.75,10.5,646,P1
UKD-003283,Landslide,Damaged House,53,28,6,3,14,9,0.81,18.57,Blocked,Severe,1,0,0,1,Critical,1,30.336193,78.062529,1.72,2.22,12.2,2770,P2
UKD-003961,Flood,Flooded Road,30,3,1,1,3,4,2.26,54.87,Partially Blocked,Moderate,1,1,1,0,None,0,30.072954,78.218072,2.06,0.34,3.93,880,P2
UKD-004111,Landslide,Flooded Road,7,2,0,0,1,2,0.7,19.05,Blocked,Minor,0,1,1,1,Low,1,29.380979,79.403094,18.26,9.59,12.87,396,P3
UKD-001779,Flood,Injured Person,21,10,6,1,3,4,2.48,59.5,Open,Severe,0,0,1,1,Moderate,1,29.910359,78.227617,2.18,6.56,0.86,1521,P1
UKD-002635,Flood,Flooded Road,58,10,3,1,5,13,2.88,58.06,Blocked,Minor,1,1,1,1,Moderate,0,29.386782,79.355166,4.77,5.08,10.73,485,P2
UKD-003092,Landslide,Infrastructure Damage,53,26,5,2,14,4,0.74,18.89,Partially Blocked,Severe,0,1,1,1,Critical,1,30.412768,79.066108,30.0,3.2,6.59,839,P2
UKD-004048,Flood,Waterlogging,6,1,0,0,2,1,1.3,23.19,Partially Blocked,Moderate,0,1,1,1,Low,0,29.419851,79.38269,6.98,4.3,4.36,478,P3
UKD-001038,Flood,Flooded Road,25,5,0,0,2,6,2.35,43.16,Blocked,Minor,1,1,1,0,None,0,28.966931,79.551747,20.86,3.93,15.42,1055,P1
UKD-004995,Flood,Trapped People,8,2,0,0,3,0,1.41,31.54,Open,None,1,0,1,1,Low,0,29.60926,79.661124,3.06,2.9,6.88,604,P3
UKD-002257,Earthquake,Injured Person,16,8,1,0,1,1,0.1,1.67,Partially Blocked,None,0,1,1,1,Moderate,1,30.003085,78.676348,5.21,2.78,3.73,480,P2
UKD-003774,Flood,Flooded Road,23,3,0,1,6,0,1.6,32.95,Open,Moderate,0,1,1,0,None,0,29.854585,78.169996,0.79,2.7,3.81,1279,P2
UKD-005930,Cloudburst,Flooded Road,42,6,0,1,13,8,1.99,30.78,Partially Blocked,Minor,1,1,1,1,Low,0,29.50667,79.628119,5.63,1.22,4.51,1022,P3
UKD-000314,Cloudburst,Trapped People,30,7,1,0,10,1,1.19,27.18,Open,None,1,0,1,1,Low,0,30.363422,78.234224,5.92,8.85,9.7,201,P1
UKD-002650,Cloudburst,Trapped People,52,40,1,2,10,8,1.69,32.83,Blocked,None,0,1,1,1,Low,0,29.476978,79.506719,8.28,4.52,7.75,733,P2
UKD-002282,Cloudburst,Injured Person,77,48,7,3,14,6,2.46,60.37,Blocked,Severe,0,1,0,1,Moderate,1,30.349953,79.439567,30.0,12.96,24.38,141,P2
UKD-003694,Landslide,Infrastructure Damage,67,30,1,3,12,6,0.59,11.46,Open,Severe,0,1,1,1,Low,0,29.480313,80.201943,30.0,14.67,6.41,214,P2
UKD-004288,Landslide,Evacuation Request,12,7,0,0,4,0,0.14,3.01,Partially Blocked,Moderate,0,0,1,0,None,0,30.341843,78.113588,9.78,3.03,3.08,3849,P3
UKD-002548,Cloudburst,Damaged House,16,9,0,0,4,1,2.1,49.43,Blocked,Moderate,0,0,1,0,None,0,30.375973,79.336989,11.36,10.08,3.58,141,P2
UKD-001417,Cloudburst,Damaged House,13,5,1,2,3,0,0.91,24.05,Blocked,Minor,0,1,0,1,Low,0,29.972962,78.236033,1.14,4.07,7.54,720,P1
UKD-001037,Landslide,Flooded Road,95,19,2,2,11,6,1.06,27.13,Partially Blocked,None,0,0,0,0,None,0,30.134297,79.124982,30.0,5.75,16.24,53,P1
UKD-002160,Flood,Evacuation Request,144,52,1,2,15,9,2.63,52.41,Blocked,Minor,1,0,1,1,Moderate,0,30.387964,78.9459,2.01,13.28,30.0,50,P2
UKD-002985,Earthquake,Missing Person,50,29,1,10,13,4,0.13,3.06,Blocked,Moderate,0,0,1,1,Moderate,0,30.0145,78.167364,1.56,2.17,1.95,1534,P2
UKD-003138,Landslide,Infrastructure Damage,154,49,5,2,8,6,0.44,12.83,Blocked,Severe,1,1,1,1,Moderate,1,29.622709,79.589224,9.42,1.3,16.3,1233,P2
UKD-004982,Landslide,Trapped People,24,10,1,3,6,0,0.26,6.25,Open,Minor,1,0,0,1,Low,0,30.136127,78.800357,6.65,4.06,5.59,340,P3
UKD-001755,Earthquake,Infrastructure Damage,117,44,3,3,7,6,0.12,2.01,Blocked,None,1,0,1,1,Moderate,1,29.430949,80.189048,20.68,6.86,15.84,272,P1
UKD-004263,Flood,Evacuation Request,36,15,0,0,4,5,1.44,27.35,Open,None,0,1,0,1,Low,0,30.460404,78.14364,2.52,1.29,6.79,910,P3
UKD-003981,Cloudburst,Trapped People,47,34,3,4,10,6,2.1,29.99,Blocked,Severe,0,0,0,1,Low,0,30.321911,78.061023,10.56,7.44,0.85,1104,P2
UKD-003818,Cloudburst,Injured Person,15,6,2,0,1,1,1.78,30.29,Partially Blocked,Moderate,0,1,1,1,Low,1,29.315732,79.342768,5.74,5.71,9.03,429,P2
UKD-005346,Landslide,Flooded Road,68,2,1,3,15,4,1.05,18.36,Partially Blocked,None,1,1,0,0,None,0,30.119633,78.84115,16.12,1.01,11.7,380,P3
UKD-002521,Landslide,Injured Person,34,24,5,1,10,6,0.78,16.53,Blocked,Moderate,0,0,1,1,Critical,1,30.328112,78.023633,4.63,4.44,4.5,1951,P2
UKD-000874,Cloudburst,Damaged House,105,68,5,4,15,5,2.31,70.15,Blocked,Severe,0,1,0,1,Critical,1,30.375069,78.109433,7.95,0.98,13.2,2058,P1
UKD-005230,Earthquake,Injured Person,4,1,1,1,2,2,0.05,0.75,Open,Moderate,0,0,1,1,Low,0,30.149745,78.882139,5.97,10.47,5.54,1355,P3
UKD-004490,Flood,Trapped People,32,10,0,0,8,3,1.06,20.92,Open,Minor,1,0,1,1,Moderate,1,29.661488,80.331908,12.27,7.04,12.05,221,P3
UKD-001507,Cloudburst,Damaged House,50,35,3,5,14,8,3.93,65.01,Blocked,Moderate,0,1,0,1,Moderate,0,30.280034,77.971954,1.22,2.57,2.26,957,P1
UKD-003892,Cloudburst,Flooded Road,16,2,0,1,3,1,1.86,40.09,Blocked,None,1,1,0,1,Low,0,29.327531,79.503536,2.01,7.85,5.09,304,P2
UKD-001924,Earthquake,Injured Person,39,24,11,0,8,3,0.2,2.76,Partially Blocked,Severe,0,0,1,1,Critical,1,28.942294,79.45603,7.82,2.88,6.19,5374,P1
UKD-000449,Landslide,Infrastructure Damage,41,19,0,5,10,7,0.32,5.74,Partially Blocked,Minor,0,0,0,1,Low,0,29.572755,79.611457,26.81,10.15,10.79,997,P1
UKD-003461,Landslide,Infrastructure Damage,74,44,5,1,8,13,0.59,16.18,Blocked,Severe,0,1,1,1,Moderate,0,30.206591,79.003213,5.71,15.53,16.22,445,P2
UKD-003576,Earthquake,Trapped People,143,87,4,1,12,9,0.12,2.75,Blocked,Severe,0,0,0,1,Critical,1,30.396835,79.318999,6.82,8.15,30.0,184,P2
UKD-005961,Cloudburst,Trapped People,5,1,0,0,0,0,0.62,11.67,Open,None,1,1,1,0,None,0,30.216048,78.77778,5.5,10.23,2.25,222,P3
UKD-003633,Flood,Flooded Road,22,3,1,0,4,1,1.46,45.65,Partially Blocked,Minor,0,1,1,1,Critical,1,28.982775,79.401714,0.5,7.15,2.05,4313,P2
UKD-003258,Cloudburst,Trapped People,68,54,4,3,10,6,3.18,54.95,Partially Blocked,Moderate,0,1,1,1,Critical,1,30.226211,78.272161,6.58,16.49,5.92,393,P2
UKD-000362,Landslide,Damaged House,71,47,3,3,8,5,0.99,20.54,Blocked,Moderate,0,1,1,1,Critical,1,30.195588,77.910159,6.1,4.59,2.49,4209,P1
UKD-002184,Landslide,Damaged House,55,15,1,2,7,5,0.61,9.98,Open,Moderate,0,0,0,1,Critical,1,30.650415,78.598034,15.07,7.8,5.03,405,P2
UKD-001135,Cloudburst,Flooded Road,54,9,2,2,5,8,2.52,56.1,Partially Blocked,Severe,0,1,0,1,Low,0,30.106493,78.964722,14.73,9.98,15.92,196,P1
UKD-004831,Landslide,Infrastructure Damage,130,65,3,1,17,4,0.66,11.69,Blocked,Moderate,0,1,1,1,Low,0,30.154976,78.713659,2.56,5.88,1.1,572,P3
UKD-003200,Flood,Waterlogging,63,2,2,2,8,8,2.77,72.95,Open,Minor,1,1,1,1,Low,0,29.282142,79.523288,11.25,0.22,7.61,933,P2
UKD-005818,Cloudburst,Flooded Road,200,28,3,4,7,3,3.83,68.55,Blocked,Severe,0,1,0,1,Critical,1,30.828939,78.440609,12.75,11.74,28.43,544,P3
UKD-003439,Flood,Damaged House,23,8,3,0,3,1,2.7,50.08,Blocked,Severe,1,0,1,1,Low,0,29.382574,79.471444,10.2,6.26,11.41,721,P2
UKD-002156,Earthquake,Injured Person,60,21,4,1,5,4,0.09,2.4,Partially Blocked,Minor,1,1,1,1,Moderate,1,30.240091,78.218674,2.44,15.0,4.7,134,P2
UKD-001831,Flood,Damaged House,47,12,2,4,8,11,2.42,38.89,Partially Blocked,Moderate,1,1,1,0,None,0,30.144235,78.742146,9.2,3.78,2.41,3756,P1
UKD-001054,Cloudburst,Infrastructure Damage,122,55,0,1,11,10,1.81,34.86,Partially Blocked,Moderate,0,0,1,1,Moderate,0,28.89505,79.352146,3.84,3.06,8.98,1165,P1
UKD-002461,Flood,Evacuation Request,66,31,2,0,10,4,3.18,64.16,Blocked,Moderate,1,1,0,0,None,0,30.31242,78.334,6.92,4.01,3.13,571,P2
UKD-000023,Flood,Injured Person,91,52,8,2,4,6,3.16,80.88,Partially Blocked,None,0,1,1,1,Moderate,1,29.0117,79.51981,5.62,2.56,2.27,526,P1
UKD-002067,Landslide,Infrastructure Damage,20,10,3,1,5,1,0.46,9.78,Blocked,Moderate,0,0,1,0,None,0,30.209452,78.946673,4.86,10.81,4.2,694,P2
UKD-001654,Landslide,Missing Person,134,30,5,6,7,7,1.03,14.54,Partially Blocked,Moderate,1,0,1,1,Critical,1,29.393575,79.510194,17.9,2.81,24.65,606,P1
UKD-003662,Flood,Flooded Road,40,6,4,6,4,8,3.81,90.93,Partially Blocked,Severe,0,1,0,1,Moderate,1,30.280011,78.044662,13.88,3.37,3.01,1985,P2
UKD-004332,Cloudburst,Injured Person,3,1,2,0,1,0,0.37,7.48,Partially Blocked,None,0,1,1,1,Critical,1,30.648706,78.66405,10.19,8.13,2.19,179,P3
UKD-002744,Landslide,Injured Person,24,2,8,0,5,3,0.29,5.76,Open,Moderate,1,1,1,1,Moderate,0,30.183581,77.89807,4.71,2.38,4.56,1099,P2
UKD-005245,Earthquake,Damaged House,26,3,1,3,2,1,0.06,0.9,Partially Blocked,Minor,1,1,1,1,Low,0,28.975029,79.554007,6.32,1.44,4.17,4150,P3
UKD-004873,Landslide,Trapped People,11,6,0,1,4,0,0.17,3.44,Open,Minor,0,1,1,0,None,0,29.417221,79.288514,2.88,1.65,7.38,276,P3
UKD-002469,Landslide,Injured Person,62,40,8,2,4,1,0.94,17.66,Blocked,Severe,0,0,0,1,Critical,0,29.374314,79.355906,7.99,1.49,7.22,539,P2
UKD-002326,Flood,Flooded Road,26,6,1,0,3,3,2.96,54.35,Partially Blocked,Moderate,0,1,1,1,Low,1,29.619503,79.580521,7.41,3.91,11.86,495,P2
UKD-000461,Flood,Flooded Road,161,31,3,2,9,6,5.0,90.83,Blocked,Minor,0,0,0,1,Low,0,30.331968,77.977971,3.87,3.71,5.0,700,P1
UKD-001068,Flood,Trapped People,31,16,5,0,6,5,3.49,60.69,Partially Blocked,Severe,1,0,1,1,Critical,1,30.162039,78.677507,4.21,1.04,6.1,661,P1
UKD-000088,Flood,Evacuation Request,54,22,6,2,22,10,4.35,89.15,Partially Blocked,Severe,1,0,0,1,Critical,1,30.313676,77.878537,2.43,2.29,13.25,483,P1
UKD-001431,Flood,Missing Person,67,18,4,11,13,11,2.2,43.47,Open,Severe,0,0,1,1,Moderate,0,30.328333,78.180625,4.39,1.54,7.44,5374,P1
UKD-003740,Landslide,Injured Person,125,53,11,3,6,4,0.75,16.33,Partially Blocked,Moderate,0,1,0,1,Critical,1,30.285542,78.126942,9.04,2.29,0.67,6848,P2
UKD-000283,Cloudburst,Trapped People,73,29,5,0,19,8,2.41,52.32,Open,Severe,1,1,1,1,Critical,1,29.992705,78.179385,5.58,6.43,1.05,1015,P1
UKD-002484,Earthquake,Injured Person,48,34,6,3,6,3,0.13,2.55,Blocked,Moderate,0,1,0,1,Critical,1,30.206056,77.947778,2.71,3.98,7.39,1136,P2
UKD-000463,Flood,Flooded Road,155,22,4,3,12,9,4.28,89.22,Open,Severe,0,0,1,1,Critical,1,29.979101,78.247229,6.12,4.67,1.33,2953,P1
UKD-000213,Cloudburst,Evacuation Request,66,37,3,1,18,6,2.32,42.34,Blocked,Minor,0,0,0,1,Critical,1,30.364394,79.038811,13.46,6.58,24.71,297,P1
UKD-002589,Landslide,Injured Person,19,3,3,1,4,3,0.26,7.55,Partially Blocked,None,1,0,1,0,None,0,29.989976,78.246018,5.85,1.49,0.5,3865,P2
UKD-004292,Earthquake,Damaged House,10,3,2,1,1,1,0.03,0.66,Partially Blocked,None,1,1,1,1,Critical,1,30.395746,77.967713,2.06,2.98,4.02,1725,P3
UKD-002908,Landslide,Injured Person,12,8,1,0,1,0,0.61,10.56,Blocked,Minor,0,1,1,1,Low,1,30.798031,78.582656,6.5,7.07,7.24,73,P2
UKD-002582,Cloudburst,Damaged House,38,18,2,1,6,8,1.56,32.2,Partially Blocked,Moderate,0,1,1,1,Moderate,1,29.969214,78.188542,4.16,2.45,1.96,990,P2
UKD-001369,Landslide,Damaged House,200,47,3,2,12,10,0.59,10.22,Partially Blocked,Minor,0,1,1,1,Moderate,1,30.388529,79.477795,4.24,1.53,13.16,276,P1
UKD-000235,Cloudburst,Evacuation Request,130,67,2,4,8,9,3.3,44.98,Blocked,Minor,0,1,0,1,Critical,1,30.398736,78.992199,30.0,19.55,11.12,130,P1
UKD-003923,Earthquake,Infrastructure Damage,9,3,0,1,2,1,0.04,0.94,Partially Blocked,Severe,1,0,1,0,None,0,30.275115,79.377904,19.32,10.84,18.43,214,P2
UKD-000598,Landslide,Missing Person,69,47,0,7,11,6,0.7,10.41,Blocked,Minor,0,1,0,0,None,0,30.276531,78.129067,8.32,1.26,8.96,3370,P1
UKD-005296,Cloudburst,Flooded Road,31,0,1,3,11,3,1.99,47.03,Open,Minor,1,1,0,1,Low,0,30.301674,78.095534,2.22,3.23,8.96,1898,P3
UKD-002251,Landslide,Infrastructure Damage,26,12,1,1,3,2,0.5,12.99,Blocked,Minor,0,0,1,1,Low,0,30.290085,78.058002,3.71,5.64,3.7,1108,P2
UKD-005875,Flood,Flooded Road,62,12,4,2,7,6,3.88,69.31,Blocked,Severe,0,0,1,1,Critical,1,30.267911,77.938862,4.6,8.22,16.22,1658,P3
UKD-002284,Landslide,Evacuation Request,40,10,0,3,7,2,0.34,7.31,Partially Blocked,Minor,1,1,0,1,Low,1,30.320451,78.063283,3.77,3.48,5.38,1618,P2
UKD-000663,Earthquake,Damaged House,59,39,7,3,14,8,0.19,3.66,Blocked,Severe,0,0,1,1,Low,0,30.364094,79.325535,22.74,9.07,3.53,334,P1
UKD-005955,Earthquake,Infrastructure Damage,3,0,0,1,1,0,0.04,0.78,Open,None,0,1,0,0,None,0,30.441732,78.408488,17.07,6.16,4.23,144,P3
UKD-002286,Cloudburst,Evacuation Request,81,33,1,1,4,11,2.68,37.86,Blocked,Minor,1,0,0,0,None,0,29.641258,80.0189,19.79,4.08,10.35,134,P2
UKD-003432,Flood,Waterlogging,12,0,1,0,4,1,3.25,43.74,Partially Blocked,Moderate,1,1,1,1,Low,0,29.539417,79.705631,10.03,14.67,1.32,231,P2
UKD-005656,Earthquake,Damaged House,18,7,0,1,2,1,0.04,0.78,Open,Minor,0,0,1,1,Low,0,30.262297,78.096208,2.13,5.13,1.54,1204,P3
UKD-004321,Flood,Waterlogging,25,2,0,1,3,2,2.18,52.32,Partially Blocked,Minor,1,0,0,0,None,0,29.347745,79.513374,13.18,4.15,13.69,1169,P3
UKD-003685,Cloudburst,Waterlogging,21,4,4,0,2,3,2.55,43.33,Blocked,Severe,0,0,1,1,Low,0,29.899476,78.263784,6.09,6.04,8.72,1816,P2
UKD-005474,Flood,Evacuation Request,33,7,1,4,10,6,2.62,38.12,Partially Blocked,Moderate,1,0,0,1,Moderate,1,29.820227,78.261012,7.7,0.99,4.57,3150,P3
UKD-003469,Earthquake,Damaged House,64,14,2,2,6,6,0.07,1.29,Partially Blocked,Severe,1,1,1,0,None,0,30.272918,77.991705,0.5,1.11,2.62,1782,P2
UKD-003542,Earthquake,Missing Person,24,10,4,8,4,1,0.1,2.55,Blocked,Minor,1,1,0,1,Critical,1,30.002154,78.080406,10.98,2.04,7.42,1992,P2
UKD-002991,Landslide,Infrastructure Damage,125,54,2,3,18,6,0.41,9.9,Blocked,Moderate,0,1,1,1,Critical,1,30.21046,79.204465,15.73,3.11,11.39,400,P2
UKD-005334,Earthquake,Infrastructure Damage,22,5,1,1,4,6,0.04,1.04,Partially Blocked,None,1,1,1,0,None,0,29.276587,80.137842,17.76,8.64,15.14,478,P3
UKD-000780,Cloudburst,Infrastructure Damage,98,62,3,4,15,4,2.56,51.22,Blocked,Moderate,0,0,1,1,Critical,1,29.429487,79.483004,5.26,18.77,19.77,1891,P1
UKD-002545,Cloudburst,Evacuation Request,118,59,2,4,4,11,1.66,38.55,Blocked,Moderate,0,1,0,1,Low,0,28.847491,79.432375,1.26,2.27,3.3,1561,P2
UKD-005699,Flood,Flooded Road,21,6,2,1,5,1,2.55,67.81,Blocked,None,0,0,1,1,Low,0,30.303321,78.048925,9.52,4.3,6.22,2406,P3
UKD-004619,Earthquake,Injured Person,57,23,12,1,7,2,0.08,1.59,Partially Blocked,Moderate,0,1,1,1,Moderate,1,28.901678,79.418351,1.43,1.61,3.31,2198,P3
UKD-005777,Flood,Waterlogging,21,3,0,0,2,2,1.84,33.99,Partially Blocked,None,0,1,1,0,None,0,29.068801,79.476665,6.03,6.5,1.99,2143,P3
UKD-005651,Earthquake,Missing Person,22,3,1,6,3,4,0.07,1.19,Partially Blocked,Moderate,1,1,1,0,None,0,29.704567,79.924765,9.87,2.05,27.25,207,P3
UKD-005784,Flood,Evacuation Request,25,11,4,3,8,3,1.9,50.0,Partially Blocked,Severe,0,0,1,0,None,0,30.280355,78.017092,1.19,2.83,3.32,1017,P3
UKD-005797,Flood,Damaged House,17,3,2,0,5,0,1.45,30.32,Open,Severe,1,0,1,1,Moderate,1,29.33305,79.347332,11.2,1.51,7.71,1837,P3
UKD-000686,Flood,Infrastructure Damage,59,32,10,2,7,5,4.04,100.0,Partially Blocked,Severe,0,0,1,1,Low,0,30.579468,78.421131,17.04,15.67,12.06,421,P1
UKD-003821,Landslide,Infrastructure Damage,60,21,2,1,16,6,0.38,10.38,Partially Blocked,None,0,1,1,0,None,0,29.394439,79.403093,7.53,2.94,2.74,952,P2
UKD-004702,Landslide,Damaged House,37,5,2,0,9,4,0.38,6.52,Open,Moderate,1,1,1,1,Low,0,30.325602,78.093296,4.38,4.98,11.35,5900,P3
UKD-003244,Cloudburst,Flooded Road,67,8,1,2,5,7,1.5,35.7,Partially Blocked,Minor,0,0,1,1,Low,0,29.425155,79.368105,12.73,10.4,10.32,1806,P2
UKD-001749,Landslide,Infrastructure Damage,14,7,4,2,2,4,0.83,19.51,Blocked,Severe,1,0,0,1,Moderate,1,29.465221,79.521001,4.04,4.62,9.99,527,P1
UKD-004304,Flood,Waterlogging,3,0,0,0,0,0,0.82,18.68,Partially Blocked,Moderate,1,1,1,1,Moderate,0,30.356335,78.007295,6.73,9.67,5.81,2126,P3
UKD-004639,Earthquake,Waterlogging,3,0,0,0,1,0,0.25,9.44,Open,Minor,1,1,1,0,None,0,29.346949,79.548741,7.52,4.63,5.63,211,P3
UKD-002838,Landslide,Missing Person,165,26,3,9,16,8,0.73,13.8,Partially Blocked,Severe,1,0,1,1,Moderate,1,30.648985,78.710084,7.73,4.39,26.63,494,P2
UKD-003033,Cloudburst,Evacuation Request,100,65,0,6,9,11,2.8,58.74,Blocked,Moderate,0,0,1,1,Low,0,29.004906,79.690166,2.85,4.73,1.24,910,P2
UKD-002172,Cloudburst,Trapped People,87,77,2,3,10,3,2.25,38.31,Blocked,Moderate,0,0,1,1,Moderate,1,29.607038,80.178019,6.72,8.98,9.49,195,P2
UKD-003768,Landslide,Evacuation Request,97,61,0,4,9,7,0.5,15.34,Blocked,Moderate,0,1,1,0,None,0,30.286575,78.007774,1.01,2.33,3.65,1123,P2
UKD-001851,Landslide,Missing Person,153,58,5,8,8,3,0.88,18.06,Blocked,Severe,0,0,0,1,Critical,1,29.540009,79.554007,13.09,0.27,21.8,696,P1
UKD-000488,Cloudburst,Injured Person,79,55,13,3,8,8,3.3,81.76,Blocked,Severe,0,0,1,1,Critical,1,30.700953,78.629056,23.06,6.93,8.87,264,P1
UKD-001689,Earthquake,Injured Person,11,2,2,0,2,1,0.08,1.05,Open,Severe,0,0,1,0,None,0,30.277676,77.997899,11.67,6.98,0.88,1168,P1
UKD-002231,Cloudburst,Flooded Road,16,5,0,2,4,4,1.34,29.83,Blocked,None,0,1,1,0,None,0,30.248408,78.153742,2.03,4.56,3.07,3014,P2
UKD-003474,Landslide,Trapped People,106,75,4,0,2,10,0.53,7.79,Blocked,Severe,0,0,0,1,Moderate,1,29.684474,79.690933,15.37,8.69,9.96,947,P2
UKD-004375,Cloudburst,Evacuation Request,41,7,1,2,6,8,1.08,25.14,Partially Blocked,None,1,0,0,1,Low,0,30.067269,78.681042,5.47,6.21,18.06,662,P3
UKD-002321,Flood,Injured Person,83,25,6,1,13,5,2.72,70.29,Partially Blocked,Minor,1,1,1,1,Moderate,1,30.375281,77.925373,4.44,3.66,9.79,2219,P2
UKD-000783,Earthquake,Damaged House,191,29,2,2,4,3,0.14,2.87,Open,Moderate,1,0,0,0,None,0,30.541482,79.200014,12.06,7.76,11.17,172,P1
UKD-000522,Flood,Infrastructure Damage,107,65,1,2,9,5,2.51,46.8,Blocked,Minor,0,0,0,1,Critical,1,30.395842,78.097705,12.67,0.99,5.5,1599,P1
UKD-000523,Flood,Evacuation Request,98,49,8,3,7,7,3.53,83.33,Blocked,Severe,1,0,0,1,Critical,1,30.155208,78.776942,11.46,20.0,14.8,302,P1
UKD-004018,Landslide,Infrastructure Damage,46,26,2,6,10,3,0.52,15.7,Blocked,Moderate,0,1,1,0,None,0,29.539182,79.525151,6.81,2.06,1.26,386,P3
UKD-002940,Landslide,Evacuation Request,200,47,4,1,9,9,0.74,19.39,Partially Blocked,Severe,0,0,1,1,Critical,1,30.107525,78.65092,6.89,7.86,15.87,271,P2
UKD-004681,Cloudburst,Evacuation Request,11,0,0,1,1,1,0.44,8.91,Open,None,1,0,1,0,None,0,28.902809,79.382444,1.35,1.66,1.53,594,P3
UKD-004827,Earthquake,Injured Person,1,0,1,0,0,0,0.01,0.3,Open,None,1,0,1,1,Low,0,28.927761,79.588499,8.03,3.3,18.24,2051,P3
UKD-002399,Landslide,Trapped People,63,50,2,2,15,9,0.39,8.31,Blocked,Severe,0,0,1,1,Low,1,29.505278,79.272419,20.83,9.99,3.61,962,P2
UKD-002208,Cloudburst,Injured Person,32,15,7,1,12,0,1.68,35.82,Partially Blocked,Minor,0,0,1,1,Low,1,30.450847,78.101151,2.61,0.25,9.37,4813,P2
UKD-004519,Flood,Waterlogging,52,3,1,1,12,8,1.86,41.0,Open,None,1,1,1,1,Moderate,1,29.514597,79.578971,15.47,3.08,1.74,1111,P3
UKD-000781,Flood,Waterlogging,16,3,1,2,7,1,3.79,50.98,Blocked,None,0,0,1,1,Low,0,29.37735,79.503231,11.83,1.66,3.88,972,P1
UKD-004688,Earthquake,Evacuation Request,5,0,0,0,0,0,0.04,0.54,Open,Minor,1,0,1,0,None,0,29.013127,79.439566,6.94,1.16,2.23,2113,P3
UKD-003997,Earthquake,Trapped People,50,17,4,1,16,6,0.09,1.7,Partially Blocked,Moderate,1,1,1,1,Critical,1,29.021917,79.485349,3.44,6.47,3.41,476,P2
UKD-001512,Landslide,Evacuation Request,124,75,10,4,8,5,1.06,19.49,Blocked,Severe,0,0,0,1,Moderate,1,29.356397,79.44903,2.2,14.65,7.63,214,P1
UKD-001883,Earthquake,Damaged House,45,14,0,1,15,5,0.06,1.72,Open,Severe,0,0,1,0,None,0,29.02329,79.415617,1.3,1.52,4.39,2888,P1
UKD-000652,Flood,Trapped People,96,52,1,1,6,7,2.47,40.03,Partially Blocked,Moderate,1,0,1,0,None,0,30.055164,78.121451,5.98,1.69,2.0,3153,P1
UKD-003948,Landslide,Damaged House,33,14,1,3,10,0,0.31,6.5,Blocked,Minor,1,1,0,1,Moderate,1,30.379519,77.960588,6.68,3.72,12.18,719,P2
UKD-001802,Cloudburst,Evacuation Request,200,49,11,2,10,2,3.55,62.42,Blocked,Severe,1,0,0,1,Moderate,1,30.28008,78.117561,8.28,4.62,1.96,1076,P1
UKD-000370,Earthquake,Trapped People,85,66,0,2,14,4,0.13,2.16,Blocked,Moderate,0,0,1,1,Critical,1,28.983441,79.659848,2.46,3.17,4.77,3928,P1
UKD-005235,Landslide,Damaged House,7,0,0,0,2,0,0.25,3.47,Open,Moderate,1,1,1,0,None,0,30.562961,78.512372,11.32,11.52,11.84,217,P3
UKD-003732,Cloudburst,Missing Person,22,13,0,3,4,3,1.0,19.25,Blocked,Minor,0,0,1,0,None,0,30.222011,78.035506,1.21,2.72,4.86,2410,P2
UKD-000119,Cloudburst,Infrastructure Damage,178,27,2,0,13,4,2.24,42.31,Partially Blocked,Severe,1,0,1,1,Moderate,1,30.296111,79.220018,5.98,5.35,7.8,167,P1
UKD-000378,Landslide,Damaged House,52,35,5,2,18,6,0.57,13.39,Blocked,Severe,0,1,0,1,Low,0,30.206748,78.774687,7.32,7.47,11.19,208,P1
UKD-000217,Flood,Flooded Road,83,30,5,0,6,4,3.23,71.58,Blocked,Moderate,0,1,1,1,Moderate,1,30.325222,78.152839,8.2,1.19,2.82,3931,P1
UKD-002217,Flood,Damaged House,80,20,5,2,12,9,2.51,49.14,Open,Severe,1,1,0,1,Low,1,29.840403,78.12321,9.07,4.67,1.7,768,P2
UKD-004559,Earthquake,Injured Person,13,0,2,1,0,2,0.04,1.17,Open,Moderate,1,0,1,1,Low,0,30.342988,78.130735,8.11,0.65,5.72,3332,P3
UKD-001614,Earthquake,Evacuation Request,82,51,7,0,1,6,0.14,3.72,Blocked,Severe,0,0,0,1,Moderate,1,30.36539,78.062154,4.65,3.01,2.69,1629,P1
UKD-002884,Landslide,Injured Person,10,3,2,0,3,3,0.78,17.28,Partially Blocked,Moderate,1,1,1,1,Low,0,30.488044,78.447158,24.61,6.85,11.22,86,P2
UKD-004296,Landslide,Trapped People,55,25,5,3,12,4,0.52,11.66,Partially Blocked,Severe,1,0,1,1,Moderate,0,30.328246,78.339198,6.07,6.01,16.09,112,P3
UKD-005382,Landslide,Infrastructure Damage,33,14,2,1,4,7,0.37,7.4,Blocked,None,0,1,1,1,Moderate,1,30.388432,77.911679,5.01,2.43,8.94,2281,P3
UKD-000963,Earthquake,Infrastructure Damage,52,29,6,3,6,7,0.14,2.98,Blocked,Severe,0,1,0,1,Moderate,0,29.483224,79.498683,2.14,6.32,1.54,1686,P1
UKD-005398,Flood,Injured Person,3,1,1,0,0,2,0.5,8.3,Open,None,1,1,1,1,Critical,1,29.86474,78.103693,9.66,2.81,1.18,2348,P3
UKD-002511,Earthquake,Damaged House,84,35,0,4,5,15,0.07,1.42,Partially Blocked,Minor,0,1,0,1,Low,0,29.417099,79.572497,6.1,5.03,3.93,338,P2
UKD-005630,Earthquake,Trapped People,9,1,0,0,3,1,0.05,1.13,Open,None,1,1,1,0,None,0,30.252703,77.896551,3.04,0.74,1.96,414,P3
UKD-004564,Flood,Trapped People,6,1,0,0,2,0,0.42,10.5,Open,None,1,1,1,0,None,0,30.372505,77.968647,5.88,1.94,2.0,772,P3
UKD-003998,Earthquake,Injured Person,22,7,6,5,5,3,0.09,1.88,Partially Blocked,Moderate,1,0,1,1,Critical,1,30.404306,77.97647,6.33,0.91,8.67,680,P2
UKD-000360,Earthquake,Infrastructure Damage,57,28,4,2,7,3,0.15,2.75,Partially Blocked,Severe,0,1,1,1,Low,0,28.953354,79.482354,2.7,2.34,0.5,1802,P1
UKD-001247,Landslide,Trapped People,87,57,7,3,12,11,0.75,13.85,Partially Blocked,Severe,0,1,1,1,Low,0,30.529195,79.129166,12.18,6.74,12.04,66,P1
UKD-003409,Flood,Trapped People,98,85,7,3,9,7,4.35,77.12,Blocked,Severe,0,0,0,1,Critical,1,30.290812,78.036795,7.0,1.27,1.87,1036,P2
UKD-005084,Earthquake,Damaged House,35,13,3,4,8,6,0.12,2.11,Partially Blocked,Severe,1,0,0,1,Critical,1,30.299911,78.056492,0.92,0.49,4.74,2750,P3
UKD-002416,Earthquake,Damaged House,71,14,1,0,10,7,0.04,1.12,Partially Blocked,Severe,1,1,1,0,None,0,30.128722,78.953152,11.32,2.88,10.13,760,P2
UKD-005580,Cloudburst,Waterlogging,35,8,0,2,7,2,2.97,40.67,Partially Blocked,Moderate,0,1,1,1,Low,1,30.893468,78.610884,7.97,8.11,19.64,214,P3
UKD-005320,Landslide,Injured Person,7,0,2,0,0,1,0.16,3.03,Open,Moderate,1,1,1,1,Moderate,1,30.269136,78.04265,7.06,2.48,2.4,1243,P3
UKD-002186,Cloudburst,Flooded Road,129,25,3,1,5,0,3.84,61.55,Blocked,Moderate,0,0,0,0,None,0,30.266067,78.012524,4.8,8.04,8.74,583,P2
UKD-003996,Flood,Missing Person,25,11,2,4,6,1,3.01,53.6,Partially Blocked,Moderate,0,1,1,0,None,0,28.984041,79.51045,2.7,2.58,9.05,2713,P2
UKD-002568,Cloudburst,Infrastructure Damage,97,19,3,4,9,9,1.94,55.89,Open,Severe,1,1,0,1,Critical,1,30.036688,78.169702,3.63,1.04,1.85,2850,P2
UKD-003424,Cloudburst,Infrastructure Damage,39,20,8,1,9,3,1.7,51.73,Blocked,Severe,1,1,0,1,Moderate,1,30.327747,78.552949,5.73,10.57,9.76,109,P2
UKD-002038,Flood,Trapped People,106,82,1,5,15,5,2.42,55.65,Blocked,Moderate,0,1,0,1,Low,0,30.028108,78.30988,6.34,2.95,2.01,1761,P2
UKD-005097,Flood,Evacuation Request,7,1,0,0,0,1,0.76,16.65,Open,Minor,0,1,1,0,None,0,28.931623,79.626484,1.95,5.1,2.08,735,P3
UKD-000773,Cloudburst,Trapped People,131,86,4,0,11,3,3.16,78.29,Blocked,Severe,0,1,0,1,Moderate,0,30.340892,78.497157,11.37,6.99,16.19,257,P1
UKD-001285,Cloudburst,Evacuation Request,55,24,9,0,8,8,2.99,69.86,Partially Blocked,Severe,0,1,1,1,Low,0,28.933467,79.520921,3.69,3.37,8.66,612,P1
UKD-005513,Cloudburst,Trapped People,113,64,3,1,14,5,2.52,41.29,Blocked,Severe,1,0,1,1,Low,0,30.367689,79.355158,19.81,20.0,13.7,189,P3
UKD-003563,Cloudburst,Flooded Road,57,4,5,3,13,5,2.92,63.75,Open,Moderate,1,1,0,1,Moderate,1,30.713705,78.432555,14.5,0.66,9.93,89,P2
UKD-005680,Flood,Waterlogging,25,0,0,0,3,3,1.21,47.35,Open,Moderate,1,1,1,0,None,0,29.948588,79.061483,13.56,0.82,21.35,535,P3
UKD-002588,Flood,Evacuation Request,76,22,3,2,13,7,2.72,59.73,Partially Blocked,Moderate,1,1,1,1,Low,0,30.420612,78.071115,2.61,3.95,4.2,2048,P2
UKD-005482,Landslide,Evacuation Request,80,44,2,0,12,12,0.39,7.64,Blocked,Severe,0,0,1,1,Moderate,1,30.184129,78.816981,11.26,6.85,10.46,312,P3
UKD-001415,Cloudburst,Trapped People,40,24,3,2,8,5,2.48,65.35,Blocked,Severe,1,0,1,1,Moderate,1,30.394409,78.08914,2.77,8.52,7.89,3710,P1
UKD-001235,Flood,Trapped People,40,23,5,2,11,5,4.78,95.93,Partially Blocked,Severe,1,1,1,1,Critical,1,30.292326,77.97188,5.0,2.73,1.08,4891,P1
UKD-005201,Earthquake,Injured Person,9,1,3,1,4,1,0.03,0.63,Partially Blocked,Moderate,1,0,1,1,Low,0,30.390963,78.020086,1.11,2.39,1.17,1169,P3
UKD-000436,Flood,Trapped People,200,50,2,2,3,8,3.12,68.31,Partially Blocked,Minor,1,0,1,1,Critical,1,29.609315,79.759629,2.62,0.82,7.46,826,P1
UKD-001675,Flood,Evacuation Request,134,33,6,1,10,5,3.15,63.97,Partially Blocked,Severe,1,0,1,1,Low,0,29.492883,79.39547,11.31,12.99,9.68,1407,P1
UKD-003300,Landslide,Trapped People,63,39,3,1,6,9,0.68,10.04,Partially Blocked,Moderate,0,1,1,1,Low,0,30.351421,78.003561,10.39,6.34,14.0,1073,P2
UKD-000366,Landslide,Infrastructure Damage,114,69,5,3,5,6,0.63,15.35,Blocked,Severe,0,0,1,1,Critical,1,30.555696,78.599114,12.52,9.02,5.39,162,P1
UKD-004509,Cloudburst,Waterlogging,13,1,0,2,2,4,1.36,28.91,Partially Blocked,Minor,1,0,0,0,None,0,30.381652,78.081779,10.92,5.3,14.74,2130,P3
UKD-000232,Landslide,Evacuation Request,76,45,2,1,9,7,0.77,10.24,Blocked,Minor,0,1,1,1,Critical,1,30.35604,79.340095,10.11,8.28,30.0,146,P1
UKD-005103,Flood,Evacuation Request,17,1,1,1,4,1,1.0,20.48,Open,Minor,1,0,0,1,Moderate,1,30.37987,79.221529,6.45,9.68,7.83,189,P3
UKD-000148,Flood,Evacuation Request,159,31,1,4,13,0,3.54,72.1,Partially Blocked,Moderate,1,1,1,1,Moderate,0,30.362789,77.907479,4.72,4.38,8.17,3763,P1
UKD-005267,Cloudburst,Trapped People,31,12,1,0,8,2,1.32,26.22,Partially Blocked,None,1,0,1,1,Low,0,30.376668,79.416464,1.9,5.56,1.45,336,P3
UKD-003089,Cloudburst,Evacuation Request,103,16,0,1,13,4,1.43,36.17,Partially Blocked,Moderate,1,1,1,0,None,0,30.960932,78.319391,7.8,7.54,6.37,118,P2
UKD-004036,Flood,Waterlogging,6,2,0,0,1,0,1.08,16.97,Open,None,0,1,1,0,None,0,30.355718,77.955516,0.5,2.95,4.31,2937,P3
UKD-003555,Landslide,Flooded Road,16,3,3,0,2,3,0.41,20.78,Blocked,Severe,1,0,1,1,Low,0,30.3885,78.648,5.64,5.66,16.62,260,P2
UKD-000408,Cloudburst,Flooded Road,22,4,0,1,3,3,3.07,56.55,Open,None,0,1,1,1,Moderate,0,29.440281,79.454156,8.57,9.58,5.37,623,P1
UKD-005539,Flood,Damaged House,5,0,0,1,0,0,0.39,9.45,Open,Minor,1,1,0,0,None,0,28.863553,79.484888,3.56,4.31,2.3,2096,P3
UKD-003457,Landslide,Injured Person,84,57,8,2,8,13,0.78,15.66,Blocked,Moderate,0,0,1,1,Low,0,29.541257,79.644728,7.2,5.96,26.76,1082,P2
UKD-002091,Landslide,Injured Person,12,10,2,2,2,1,0.93,20.67,Blocked,Moderate,1,0,0,0,None,0,29.018407,79.567597,13.56,5.98,3.87,3381,P2
UKD-000087,Flood,Infrastructure Damage,52,30,1,1,14,5,3.06,66.18,Blocked,Moderate,0,1,1,1,Low,0,30.107135,78.911034,10.23,15.35,23.97,219,P1
UKD-003577,Earthquake,Injured Person,14,5,6,0,2,0,0.12,2.25,Blocked,Severe,0,0,1,1,Moderate,1,30.540959,78.914329,11.7,20.0,16.61,415,P2
UKD-003272,Cloudburst,Evacuation Request,23,7,4,0,4,2,1.78,32.12,Partially Blocked,Moderate,1,1,1,1,Moderate,0,28.933929,79.529317,1.86,1.39,4.48,1514,P2
UKD-000845,Flood,Trapped People,188,86,0,4,9,0,3.55,88.95,Blocked,Moderate,0,0,0,1,Moderate,1,30.33268,79.032034,30.0,10.88,8.12,50,P1
UKD-001032,Flood,Flooded Road,48,13,0,0,14,9,2.68,59.71,Partially Blocked,None,0,0,0,0,None,0,29.474748,79.608329,2.47,20.0,8.94,393,P1
UKD-003719,Earthquake,Infrastructure Damage,66,11,3,1,3,5,0.1,2.05,Partially Blocked,Minor,1,1,0,1,Low,0,30.331443,78.020882,1.71,1.73,4.78,613,P2
UKD-004330,Cloudburst,Infrastructure Damage,2,0,0,0,0,0,0.48,7.38,Partially Blocked,Moderate,1,0,1,0,None,0,30.315077,79.475613,14.86,5.28,9.7,130,P3
UKD-003856,Cloudburst,Missing Person,61,18,0,8,15,3,1.83,41.03,Blocked,Moderate,1,0,0,1,Moderate,0,29.657314,80.069129,4.59,7.45,21.77,158,P2
UKD-002988,Landslide,Trapped People,88,36,2,2,13,7,0.49,11.7,Partially Blocked,Minor,1,1,1,0,None,0,30.557247,78.456912,17.66,4.61,30.0,74,P2
UKD-004351,Flood,Injured Person,19,2,2,2,7,1,1.58,26.71,Open,None,1,1,0,0,None,0,30.187596,78.715447,14.09,5.12,11.61,307,P3
UKD-002629,Cloudburst,Damaged House,15,11,0,0,7,1,1.6,35.67,Blocked,Severe,0,1,1,0,None,0,29.742032,79.799019,2.51,10.68,9.53,89,P2
UKD-003754,Cloudburst,Missing Person,60,15,0,7,19,5,2.26,63.0,Open,None,1,0,0,1,Low,0,30.432611,77.996775,6.77,6.59,3.7,1309,P2
UKD-005305,Landslide,Infrastructure Damage,3,1,0,0,0,1,0.17,2.63,Blocked,None,1,1,1,0,None,0,29.618168,80.156227,30.0,4.6,14.2,118,P3
UKD-000856,Cloudburst,Missing Person,62,44,8,8,13,4,2.87,47.09,Blocked,Severe,0,1,0,1,Critical,1,30.326618,78.042207,22.27,0.2,4.01,3482,P1
UKD-003004,Landslide,Damaged House,36,22,6,3,8,4,0.79,15.4,Blocked,Moderate,0,0,0,1,Low,0,30.184271,78.622753,17.8,6.42,7.47,388,P2
UKD-000079,Cloudburst,Trapped People,7,6,0,0,2,0,1.93,24.0,Partially Blocked,None,0,1,1,0,None,0,30.304861,78.946292,6.65,14.47,7.52,221,P1
UKD-002993,Landslide,Flooded Road,128,20,1,3,3,9,1.14,29.85,Partially Blocked,Minor,0,0,1,1,Moderate,0,28.907991,79.38419,7.52,1.82,10.57,1677,P2
UKD-002248,Flood,Injured Person,22,9,8,3,6,1,2.98,48.24,Partially Blocked,Moderate,0,1,1,1,Moderate,1,29.123379,79.395643,3.31,3.29,2.1,452,P2
UKD-004057,Earthquake,Injured Person,22,6,5,1,2,1,0.09,1.73,Partially Blocked,Moderate,1,0,1,1,Critical,1,29.825192,78.17713,3.92,7.02,3.53,1064,P3
UKD-005476,Landslide,Infrastructure Damage,30,8,0,0,9,5,0.46,6.06,Blocked,Moderate,1,0,1,1,Low,0,29.527793,79.723477,10.45,16.41,21.48,294,P3
UKD-005516,Earthquake,Infrastructure Damage,11,6,0,0,3,0,0.05,0.82,Blocked,Minor,1,1,1,1,Moderate,1,28.941291,79.487556,13.78,5.23,5.43,1144,P3
UKD-000759,Landslide,Flooded Road,79,18,9,3,13,11,1.15,19.62,Partially Blocked,Severe,0,0,1,1,Low,0,29.557277,79.573916,3.72,8.9,9.77,1225,P1
UKD-004697,Cloudburst,Evacuation Request,24,3,0,1,6,1,0.82,19.01,Partially Blocked,Minor,1,0,0,0,None,0,30.338937,78.013706,7.96,2.34,2.14,3552,P3
UKD-003356,Flood,Injured Person,36,13,8,2,11,3,2.68,47.21,Partially Blocked,None,0,0,0,1,Moderate,1,30.09767,78.127102,2.95,1.75,3.71,4103,P2
UKD-000789,Landslide,Trapped People,111,84,5,3,12,2,1.07,17.96,Blocked,Severe,0,0,1,1,Moderate,0,28.916759,79.456082,4.01,2.21,8.86,889,P1
UKD-002280,Landslide,Missing Person,42,5,0,7,13,4,0.39,8.2,Partially Blocked,Minor,1,0,0,1,Low,0,30.235795,77.882768,1.63,2.19,5.48,623,P2
UKD-003675,Flood,Trapped People,22,9,1,0,3,2,1.43,33.34,Open,None,1,1,1,1,Low,0,29.075304,79.480528,8.02,9.05,3.92,277,P2
UKD-004248,Landslide,Flooded Road,200,30,2,2,7,7,0.93,30.47,Blocked,Moderate,0,0,1,1,Critical,1,30.249236,77.981173,0.95,0.36,8.16,3533,P3
UKD-004978,Earthquake,Injured Person,84,41,15,5,11,4,0.17,3.5,Blocked,Severe,1,0,1,1,Moderate,1,29.96979,78.129725,0.91,2.95,0.53,3845,P3
UKD-004774,Landslide,Trapped People,44,35,4,2,4,3,0.35,7.2,Blocked,Severe,0,0,1,1,Moderate,1,29.89767,78.223311,5.74,3.7,7.89,2650,P3
UKD-004487,Earthquake,Infrastructure Damage,22,8,0,3,6,3,0.09,1.38,Blocked,Moderate,1,1,0,0,None,0,30.260731,77.947281,3.81,2.91,3.36,1321,P3
UKD-004961,Earthquake,Trapped People,45,28,3,0,15,2,0.07,1.33,Partially Blocked,Minor,0,1,1,1,Moderate,1,29.411469,79.385069,4.28,1.67,3.85,394,P3
UKD-002177,Landslide,Infrastructure Damage,59,18,1,2,14,12,0.42,9.19,Partially Blocked,Moderate,1,1,0,0,None,0,29.44875,79.461136,2.33,10.89,2.79,678,P2
UKD-000425,Flood,Flooded Road,67,9,2,3,12,4,2.86,50.89,Partially Blocked,Severe,0,0,1,1,Low,1,30.244587,77.979532,7.89,5.47,3.12,5386,P1
UKD-000393,Flood,Flooded Road,85,26,6,2,4,8,4.81,98.72,Blocked,None,0,1,0,1,Moderate,1,29.938623,78.116616,3.64,1.23,3.23,4546,P1
UKD-005891,Cloudburst,Trapped People,22,11,1,0,5,2,1.1,22.28,Partially Blocked,Moderate,1,1,1,1,Critical,1,30.26836,78.132508,5.21,3.94,1.95,634,P3
UKD-005666,Earthquake,Evacuation Request,5,2,0,0,2,0,0.01,0.33,Partially Blocked,Minor,1,1,1,0,None,0,30.396768,78.582524,15.83,3.45,6.42,205,P3
UKD-002240,Flood,Flooded Road,29,8,1,1,8,2,2.92,64.71,Blocked,Minor,0,1,0,1,Low,0,30.565103,78.455672,30.0,12.01,24.97,452,P2
UKD-000105,Landslide,Trapped People,5,2,0,0,0,0,0.38,6.95,Open,Severe,1,1,1,1,Low,0,30.207343,78.77995,15.38,6.58,4.05,511,P1
UKD-002673,Cloudburst,Waterlogging,48,2,1,0,7,6,1.95,39.68,Partially Blocked,Minor,1,1,1,1,Low,0,30.351312,78.021083,4.77,6.02,2.42,2523,P2
UKD-005486,Landslide,Injured Person,24,2,4,1,5,2,0.32,9.7,Partially Blocked,Moderate,1,0,1,0,None,0,30.774858,78.416903,30.0,6.02,22.74,296,P3
UKD-005024,Earthquake,Injured Person,28,14,3,0,6,4,0.08,1.51,Partially Blocked,Minor,0,1,1,1,Moderate,1,29.515261,80.134698,19.27,18.82,7.89,73,P3
UKD-002069,Earthquake,Trapped People,65,34,0,0,5,5,0.07,2.25,Partially Blocked,Minor,1,0,1,1,Moderate,1,30.246414,78.75323,7.35,8.64,6.27,338,P2
UKD-003976,Flood,Waterlogging,29,4,1,2,11,6,1.6,40.79,Partially Blocked,None,1,1,0,1,Critical,1,30.247712,77.881776,4.58,3.2,3.23,2519,P2
UKD-003494,Flood,Damaged House,153,25,2,9,10,8,2.41,55.37,Partially Blocked,Severe,1,0,0,1,Critical,1,29.064841,79.524809,8.76,1.45,2.63,2139,P2
UKD-001949,Earthquake,Injured Person,30,24,4,1,3,2,0.1,2.43,Blocked,Severe,0,1,1,0,None,0,30.02607,78.676421,13.05,13.3,2.18,877,P1
UKD-001460,Landslide,Damaged House,31,8,1,3,5,4,0.34,8.04,Open,Minor,0,0,0,1,Low,1,30.373404,78.050643,6.28,3.21,6.55,3470,P1
UKD-001769,Landslide,Evacuation Request,111,49,4,4,21,5,1.04,21.92,Blocked,Severe,1,0,0,1,Moderate,1,30.786044,78.535095,11.45,7.79,22.83,83,P1
UKD-003299,Landslide,Waterlogging,109,29,9,3,12,6,1.44,31.27,Blocked,Severe,0,1,1,1,Critical,1,30.021387,78.210612,4.75,1.22,8.09,1132,P2
UKD-005483,Flood,Evacuation Request,28,1,0,0,7,2,0.68,19.94,Open,None,1,1,1,0,None,0,30.045183,78.32257,1.31,1.11,2.72,4415,P3
UKD-003832,Earthquake,Missing Person,129,29,1,7,6,5,0.12,1.61,Partially Blocked,Minor,1,1,0,1,Low,0,29.368645,80.127683,25.95,7.98,4.81,700,P2
UKD-005742,Flood,Evacuation Request,73,33,4,0,8,9,1.51,22.49,Blocked,Severe,0,1,1,1,Moderate,1,28.959819,79.545518,2.82,2.89,5.45,2318,P3
UKD-001588,Landslide,Injured Person,25,1,4,1,3,3,0.31,6.5,Open,Moderate,1,1,1,1,Moderate,0,30.306675,78.345438,19.22,9.95,7.52,154,P1
UKD-004640,Flood,Flooded Road,9,0,0,0,3,0,1.0,14.92,Partially Blocked,None,1,1,1,0,None,0,29.926574,78.175128,1.25,2.07,3.97,748,P3
UKD-001732,Earthquake,Missing Person,200,75,6,10,14,3,0.14,3.38,Blocked,Severe,0,0,1,1,Critical,1,29.079852,79.542075,3.37,7.31,1.72,3902,P1
UKD-005713,Landslide,Evacuation Request,5,1,0,0,2,0,0.14,3.2,Open,None,1,1,1,0,None,0,30.180085,77.929294,1.22,3.95,3.74,1758,P3
UKD-004673,Cloudburst,Trapped People,20,13,0,3,8,1,1.95,34.4,Partially Blocked,None,0,0,0,1,Moderate,0,29.926615,78.195882,7.44,1.92,1.7,979,P3
UKD-000183,Flood,Trapped People,71,52,6,1,14,8,4.07,81.39,Blocked,Severe,0,1,0,1,Critical,1,30.054038,78.814386,4.83,6.05,7.52,1271,P1
UKD-001792,Flood,Damaged House,122,73,7,1,4,4,3.98,70.05,Blocked,Severe,0,1,1,1,Critical,1,30.524819,79.325492,8.68,14.4,7.27,146,P1
UKD-002356,Flood,Injured Person,15,5,5,2,1,1,2.57,44.98,Open,Minor,1,1,1,1,Moderate,1,30.13932,78.376202,7.13,1.56,16.18,211,P2
UKD-001941,Earthquake,Damaged House,200,29,3,3,10,3,0.17,3.43,Partially Blocked,Severe,1,0,1,0,None,0,29.445535,79.511303,7.69,6.25,3.41,1428,P1
UKD-000703,Flood,Waterlogging,27,3,4,0,6,7,3.25,71.41,Open,Minor,1,1,1,1,Low,0,30.381267,78.081106,3.85,8.17,2.36,1367,P1
UKD-002443,Flood,Flooded Road,40,11,2,1,5,4,4.53,100.0,Blocked,Minor,0,1,1,0,None,0,29.979084,78.183338,6.84,8.75,6.2,726,P2
UKD-005231,Flood,Flooded Road,11,1,0,0,0,0,2.01,35.86,Partially Blocked,Minor,1,1,1,1,Moderate,1,30.400949,77.89379,8.06,5.97,6.62,495,P3
UKD-000497,Cloudburst,Flooded Road,174,15,1,2,8,5,3.41,57.53,Blocked,Moderate,1,1,1,0,None,0,30.580755,78.392759,7.87,1.85,16.61,580,P1
UKD-004664,Flood,Waterlogging,8,0,0,1,1,2,1.68,36.1,Partially Blocked,None,1,0,1,0,None,0,30.319773,78.088772,1.33,4.62,2.33,1021,P3
UKD-000465,Cloudburst,Missing Person,187,40,3,12,2,8,2.61,78.51,Open,Moderate,0,0,0,1,Critical,1,29.996237,78.156105,2.05,0.74,0.82,1457,P1
UKD-003801,Landslide,Trapped People,39,13,0,1,9,3,0.35,5.67,Partially Blocked,None,1,1,1,0,None,0,30.153462,78.870142,8.1,14.21,3.94,1561,P2
UKD-005184,Flood,Waterlogging,5,0,0,1,1,0,1.11,14.34,Open,None,1,1,1,0,None,0,30.264978,78.029475,2.32,3.58,4.27,2018,P3
UKD-000173,Flood,Trapped People,46,37,2,3,5,1,2.68,64.67,Blocked,Moderate,0,0,0,1,Low,0,28.868246,79.62848,0.82,3.05,1.19,930,P1
UKD-002021,Flood,Flooded Road,37,11,2,2,4,4,2.31,70.69,Blocked,Minor,0,1,1,0,None,0,30.294629,78.038167,7.21,4.16,0.5,2610,P2
UKD-005751,Flood,Flooded Road,4,0,1,0,0,0,1.39,16.3,Partially Blocked,Moderate,1,1,1,0,None,0,30.206864,78.648029,14.47,6.77,7.76,198,P3
UKD-005339,Landslide,Injured Person,5,1,1,0,2,1,0.21,3.25,Partially Blocked,Minor,1,1,1,1,Low,1,30.324179,79.227011,19.73,11.04,15.52,403,P3
UKD-002541,Flood,Waterlogging,5,0,0,0,0,1,2.03,25.25,Open,Moderate,1,1,1,0,None,0,30.379576,79.085859,16.44,3.42,1.66,75,P2
UKD-005948,Flood,Waterlogging,120,19,0,2,14,3,3.37,63.09,Partially Blocked,Minor,0,1,1,0,None,0,29.939071,78.177747,4.28,3.24,13.33,2613,P3
UKD-002010,Flood,Flooded Road,117,10,1,2,7,3,2.58,67.43,Partially Blocked,None,1,1,1,1,Low,0,29.422808,79.448723,14.95,4.19,4.21,451,P2
UKD-002261,Cloudburst,Trapped People,20,17,2,3,1,1,0.97,23.4,Blocked,Moderate,0,0,0,1,Low,0,29.541938,79.713091,0.77,17.82,12.78,755,P2
UKD-003085,Landslide,Missing Person,94,29,5,2,13,5,0.61,11.12,Partially Blocked,Minor,1,1,1,1,Critical,1,29.633307,79.700725,11.74,5.55,19.17,349,P2
UKD-002113,Flood,Waterlogging,8,1,0,0,3,2,2.22,52.34,Partially Blocked,Moderate,0,1,1,0,None,0,29.546451,80.044748,13.86,11.66,6.11,134,P2
UKD-000901,Cloudburst,Evacuation Request,109,67,1,4,9,6,2.84,67.08,Blocked,Moderate,0,1,0,1,Low,1,29.41094,79.533787,8.28,6.81,10.96,210,P1
UKD-001447,Flood,Damaged House,98,56,3,3,5,5,4.91,64.43,Blocked,Severe,0,1,1,1,Low,0,29.867526,78.186153,14.61,4.23,3.49,997,P1
UKD-001912,Earthquake,Injured Person,66,22,8,1,15,7,0.11,3.13,Partially Blocked,Moderate,1,1,1,1,Critical,1,30.47884,79.342939,22.28,20.0,6.36,114,P1
UKD-003543,Earthquake,Damaged House,25,17,1,1,7,3,0.11,1.6,Blocked,Minor,0,1,0,1,Low,1,30.495029,78.221861,5.27,0.75,9.13,376,P2
UKD-002698,Flood,Waterlogging,31,3,2,2,4,2,2.21,47.66,Open,None,1,1,0,1,Low,1,30.241437,78.084797,5.07,4.71,2.19,1734,P2
UKD-005633,Flood,Waterlogging,6,1,0,0,0,0,1.21,27.16,Blocked,None,1,1,1,0,None,0,29.269806,79.270432,6.35,17.76,2.89,371,P3
UKD-003663,Landslide,Missing Person,45,16,0,9,6,5,0.32,8.88,Open,Minor,0,1,1,1,Low,0,30.839874,78.487689,6.5,3.56,8.26,364,P2
UKD-000742,Cloudburst,Missing Person,200,73,3,12,19,5,3.27,60.74,Blocked,Moderate,0,0,0,1,Moderate,0,29.448582,79.514169,10.01,3.44,25.65,1270,P1
UKD-002294,Flood,Trapped People,61,48,1,2,5,6,2.83,36.91,Partially Blocked,Minor,0,0,0,1,Low,1,30.35657,78.124639,0.84,2.6,0.57,2154,P2
UKD-002453,Earthquake,Trapped People,23,11,1,1,5,1,0.11,2.24,Partially Blocked,Moderate,1,1,1,1,Low,0,29.943646,78.045101,4.3,0.66,3.9,868,P2
UKD-003706,Landslide,Trapped People,3,1,0,0,0,1,0.25,3.85,Open,None,1,1,1,0,None,0,29.897811,79.805083,8.59,13.04,1.93,74,P2
UKD-004898,Flood,Flooded Road,7,0,1,0,3,0,1.16,29.92,Blocked,Moderate,1,0,0,0,None,0,29.26084,80.135104,22.42,16.12,11.06,728,P3
UKD-001207,Flood,Injured Person,43,15,13,3,8,4,4.14,63.9,Blocked,Severe,1,0,0,1,Low,0,30.284801,78.035152,4.01,1.6,5.09,1494,P1
UKD-000510,Earthquake,Damaged House,66,29,3,2,4,7,0.13,2.74,Partially Blocked,Severe,0,1,1,1,Critical,1,29.488379,79.523593,8.1,2.62,12.14,720,P1
UKD-005289,Landslide,Missing Person,15,1,0,2,1,2,0.21,3.48,Open,Minor,1,0,1,0,None,0,30.254833,78.006117,4.01,8.67,0.73,3096,P3
UKD-003704,Flood,Flooded Road,41,4,1,2,7,3,2.22,56.0,Partially Blocked,None,1,1,1,1,Low,0,28.899662,79.452311,0.5,2.78,5.62,2676,P2
UKD-003969,Flood,Trapped People,28,15,2,1,9,2,2.52,56.89,Partially Blocked,Moderate,0,0,0,0,None,0,29.254831,79.542728,13.42,5.57,1.11,1098,P2
UKD-005432,Earthquake,Infrastructure Damage,14,1,0,1,3,6,0.04,0.92,Open,Moderate,1,1,1,0,None,0,30.392342,79.41171,4.03,1.77,3.19,197,P3
UKD-001550,Flood,Flooded Road,28,1,6,0,7,2,2.72,74.86,Partially Blocked,Severe,1,1,1,1,Critical,1,30.25413,77.982382,1.41,5.44,6.27,4376,P1
UKD-003030,Flood,Waterlogging,127,10,3,2,13,9,3.55,94.89,Partially Blocked,Minor,1,0,0,1,Critical,1,30.355164,79.060971,14.21,14.09,16.57,241,P2
UKD-004523,Flood,Flooded Road,17,1,0,0,1,6,1.82,34.77,Partially Blocked,None,1,1,1,0,None,0,30.197969,78.742693,9.29,1.85,9.9,616,P3
UKD-002203,Flood,Trapped People,85,48,2,1,8,5,1.87,44.67,Open,Minor,0,0,1,1,Moderate,1,28.97931,79.462332,2.69,0.51,5.12,4051,P2
UKD-002567,Earthquake,Evacuation Request,18,3,1,1,3,1,0.05,1.1,Open,None,1,1,0,1,Moderate,1,30.355165,79.39483,5.62,7.26,6.45,216,P2
UKD-003790,Landslide,Missing Person,123,65,2,8,5,9,0.76,13.45,Blocked,Severe,0,0,1,1,Moderate,1,29.561192,79.685966,8.47,4.23,4.0,544,P2
UKD-002045,Earthquake,Trapped People,33,15,0,2,2,8,0.12,1.96,Open,Minor,0,0,1,1,Low,0,30.290289,77.986069,3.27,1.49,10.88,8789,P2
UKD-000768,Flood,Trapped People,143,50,5,2,3,8,3.72,63.06,Partially Blocked,Severe,1,1,1,1,Critical,1,29.916168,78.215084,14.42,5.01,1.51,1114,P1
UKD-005881,Landslide,Trapped People,17,12,2,1,2,4,0.51,11.21,Partially Blocked,None,0,0,1,0,None,0,30.251284,78.030043,3.19,1.2,2.28,2512,P3
UKD-003700,Flood,Injured Person,28,17,4,1,3,5,3.65,90.04,Partially Blocked,Moderate,0,0,0,1,Moderate,1,30.05897,78.214334,10.0,11.22,1.8,3207,P2
UKD-001509,Landslide,Injured Person,41,25,11,1,6,6,0.63,15.28,Partially Blocked,Severe,0,0,0,1,Critical,1,30.209888,77.992143,2.43,1.0,12.88,4418,P1
UKD-003135,Flood,Trapped People,92,77,1,4,13,7,3.88,69.06,Blocked,Minor,0,0,0,1,Moderate,1,29.947087,78.187869,13.19,2.11,14.61,7336,P2
UKD-005834,Earthquake,Injured Person,43,25,10,2,7,5,0.16,2.11,Blocked,Severe,0,0,1,1,Moderate,1,29.954379,78.198237,7.07,6.96,3.52,1499,P3
UKD-000422,Flood,Damaged House,198,36,3,2,11,4,4.11,73.26,Open,Severe,0,1,1,1,Moderate,1,30.534475,78.413418,5.53,7.81,3.04,103,P1
UKD-000124,Cloudburst,Flooded Road,51,2,2,0,11,11,1.28,30.69,Partially Blocked,Minor,1,1,1,1,Moderate,1,29.393668,79.492187,2.59,2.12,1.91,644,P1
UKD-005425,Landslide,Damaged House,9,0,1,0,0,3,0.25,6.08,Partially Blocked,Severe,1,1,1,1,Moderate,1,29.51698,79.547067,5.34,10.93,3.24,656,P3
UKD-003716,Flood,Trapped People,79,50,3,5,13,8,1.69,38.24,Partially Blocked,Minor,0,1,0,1,Moderate,1,28.951963,79.410711,9.87,4.48,7.11,1485,P2
UKD-003293,Landslide,Infrastructure Damage,36,11,0,4,2,6,0.26,4.91,Blocked,None,1,0,0,1,Low,1,30.31743,78.905008,14.04,14.89,7.1,726,P2
UKD-000820,Flood,Damaged House,76,38,4,4,5,2,3.88,82.2,Partially Blocked,Moderate,0,0,1,1,Critical,1,30.126144,78.750538,6.22,4.89,2.61,357,P1
UKD-001404,Cloudburst,Evacuation Request,95,59,5,4,11,5,3.42,60.47,Blocked,Minor,0,0,1,1,Critical,1,30.343048,78.086151,2.34,4.39,3.6,4447,P1
UKD-001383,Flood,Infrastructure Damage,155,67,4,5,8,2,4.5,77.29,Blocked,Moderate,0,0,1,1,Moderate,1,29.996404,78.227586,6.82,4.27,0.5,824,P1
UKD-002149,Landslide,Damaged House,89,55,6,3,5,7,0.9,17.56,Blocked,Severe,0,1,1,1,Moderate,0,30.237272,79.047757,12.28,9.52,25.85,178,P2
UKD-005045,Landslide,Infrastructure Damage,18,2,1,0,4,5,0.52,11.4,Open,None,1,0,1,1,Low,0,29.974318,78.71935,1.72,3.57,25.58,732,P3
UKD-001576,Flood,Damaged House,112,56,2,1,10,6,2.75,61.09,Partially Blocked,Moderate,0,0,1,1,Critical,1,29.985356,78.207955,2.57,2.92,6.89,877,P1
UKD-001639,Flood,Flooded Road,90,24,3,4,7,13,4.29,76.86,Blocked,Moderate,0,0,1,1,Low,0,30.307876,78.072686,1.03,4.75,3.19,2384,P1
UKD-001796,Cloudburst,Missing Person,50,24,4,8,10,6,2.91,60.25,Open,Severe,0,1,1,1,Moderate,1,29.87508,78.13742,4.83,3.61,0.96,2427,P1
UKD-003332,Earthquake,Infrastructure Damage,82,49,2,1,8,3,0.12,1.75,Blocked,Minor,0,1,1,1,Moderate,0,30.329813,78.398778,10.98,20.0,6.44,174,P2
UKD-005771,Cloudburst,Infrastructure Damage,5,2,0,0,1,0,0.26,6.99,Partially Blocked,None,1,1,1,0,None,0,30.452296,79.534091,10.61,3.75,30.0,553,P3
UKD-005337,Flood,Injured Person,26,7,3,3,5,3,4.4,87.58,Open,Moderate,1,0,1,1,Low,1,28.925298,79.589506,5.01,5.91,3.77,3012,P3
UKD-000400,Flood,Evacuation Request,138,22,1,0,8,6,2.98,53.18,Partially Blocked,None,1,0,1,1,Low,0,29.060883,79.492877,2.86,1.12,2.68,1138,P1
UKD-003152,Flood,Trapped People,24,13,1,4,8,1,1.81,53.01,Partially Blocked,Minor,0,1,0,0,None,0,30.389344,78.0363,1.31,0.2,1.07,682,P2
UKD-002311,Earthquake,Injured Person,72,35,5,2,7,7,0.09,1.57,Partially Blocked,Moderate,0,0,1,1,Critical,1,29.693778,79.658295,11.07,1.24,5.6,564,P2
UKD-000883,Flood,Damaged House,62,32,2,5,11,10,4.13,74.47,Blocked,Severe,0,0,0,1,Moderate,1,29.856485,78.065543,9.8,3.05,2.42,1310,P1
UKD-003566,Landslide,Infrastructure Damage,30,12,2,3,9,3,0.51,14.27,Partially Blocked,Minor,0,1,0,0,None,0,30.334062,77.988037,8.83,3.51,10.17,3215,P2
UKD-005965,Earthquake,Infrastructure Damage,32,9,1,0,6,5,0.06,1.47,Partially Blocked,Moderate,1,1,1,0,None,0,30.064478,78.862845,2.49,7.04,4.92,969,P3
UKD-001180,Earthquake,Injured Person,74,40,7,4,8,6,0.13,2.91,Blocked,Severe,0,0,0,1,Critical,1,30.48099,78.523254,15.81,11.21,10.82,105,P1
UKD-001353,Landslide,Infrastructure Damage,107,49,3,0,8,7,0.72,12.42,Blocked,Moderate,1,0,1,1,Low,0,29.624674,80.33391,18.36,11.86,16.99,357,P1
UKD-003883,Landslide,Evacuation Request,6,2,0,0,3,0,0.35,5.2,Open,None,1,1,0,0,None,0,30.805252,78.384506,13.57,3.86,6.63,609,P2
UKD-005456,Earthquake,Trapped People,40,13,0,0,7,4,0.05,1.49,Partially Blocked,Minor,1,0,1,0,None,0,30.367662,78.155289,5.09,2.85,1.91,1888,P3
UKD-002131,Landslide,Injured Person,46,23,11,3,7,5,0.69,17.98,Partially Blocked,Severe,0,1,1,1,Moderate,1,29.988177,78.210002,2.32,0.45,1.12,10000,P2
UKD-000983,Earthquake,Trapped People,34,23,0,2,1,4,0.08,1.39,Partially Blocked,None,0,1,0,0,None,0,28.976086,79.392143,0.64,2.15,3.86,609,P1
UKD-000457,Landslide,Damaged House,49,22,3,1,10,3,0.64,15.42,Partially Blocked,Moderate,0,1,0,1,Moderate,1,30.25967,77.958413,3.37,3.42,12.43,1843,P1
UKD-001487,Flood,Missing Person,33,24,1,9,7,1,2.85,76.05,Blocked,Moderate,0,0,1,1,Moderate,0,29.010646,79.535654,17.0,1.67,3.05,2387,P1
UKD-001080,Flood,Flooded Road,39,4,1,3,7,4,2.52,59.05,Open,Moderate,1,1,0,1,Low,0,30.236899,77.945049,1.72,0.59,5.15,851,P1
UKD-001951,Cloudburst,Damaged House,16,3,2,0,3,0,1.67,25.36,Partially Blocked,Minor,1,1,1,1,Critical,1,30.260142,78.000651,7.17,0.99,3.63,1605,P1
UKD-005159,Flood,Damaged House,40,19,2,3,7,6,2.73,61.18,Blocked,Moderate,1,0,0,1,Low,0,28.922501,79.485778,4.97,3.85,5.53,4759,P3
UKD-000690,Cloudburst,Flooded Road,137,30,4,2,10,2,2.49,73.14,Blocked,Severe,0,0,1,1,Moderate,1,30.186728,77.955445,3.87,2.86,0.5,926,P1
UKD-002430,Flood,Trapped People,144,58,6,1,12,5,3.66,82.9,Partially Blocked,Moderate,1,0,0,1,Critical,1,28.953523,79.477037,8.23,1.8,7.2,3130,P2
UKD-000642,Earthquake,Evacuation Request,12,1,1,0,5,1,0.02,0.43,Partially Blocked,None,1,1,1,1,Low,0,30.232573,78.911905,7.15,0.84,5.15,1299,P1
UKD-002393,Landslide,Damaged House,69,15,1,0,10,5,0.56,7.45,Partially Blocked,Moderate,1,0,1,1,Moderate,0,30.205358,78.806016,15.21,20.0,11.16,107,P2
UKD-002826,Flood,Flooded Road,16,2,0,3,3,0,2.01,39.23,Partially Blocked,Minor,0,0,0,0,None,0,30.72436,78.401851,26.68,8.48,13.25,122,P2
UKD-001954,Earthquake,Trapped People,55,39,1,0,14,6,0.13,2.2,Partially Blocked,Minor,0,1,1,1,Critical,1,29.848093,78.145226,12.38,4.32,5.47,1279,P1
UKD-003539,Landslide,Infrastructure Damage,56,17,2,0,11,3,0.54,10.0,Partially Blocked,Minor,1,0,1,1,Low,0,30.419709,78.063462,6.83,0.2,3.0,525,P2
UKD-003890,Cloudburst,Evacuation Request,10,0,1,0,2,1,0.81,14.35,Open,Minor,1,0,1,1,Low,0,29.371928,79.560284,2.8,5.13,3.58,1706,P2
UKD-003059,Flood,Injured Person,44,18,10,2,5,4,2.68,52.37,Partially Blocked,None,1,0,0,1,Critical,1,30.410415,78.035196,3.39,3.41,2.92,5750,P2
UKD-003916,Cloudburst,Injured Person,28,5,6,3,8,5,1.6,38.35,Open,Minor,1,0,0,1,Moderate,0,30.849764,78.598581,13.32,7.79,8.98,144,P2
UKD-004801,Flood,Flooded Road,23,1,0,0,6,3,2.46,43.3,Partially Blocked,Moderate,1,1,1,0,None,0,29.85319,78.201056,2.96,3.18,0.92,1040,P3
UKD-002711,Landslide,Damaged House,104,29,2,0,11,8,0.41,8.21,Open,Minor,0,0,1,1,Critical,1,30.286393,77.99366,4.7,2.4,2.87,4553,P2
UKD-001084,Flood,Evacuation Request,30,11,2,0,1,6,3.22,57.42,Partially Blocked,Severe,1,0,1,1,Low,1,29.015071,79.567753,6.37,1.56,4.81,2029,P1
UKD-004449,Flood,Missing Person,200,60,4,13,9,7,2.4,61.8,Blocked,Moderate,0,1,1,1,Critical,1,30.002557,78.126563,4.75,6.62,1.58,2248,P3
UKD-005715,Cloudburst,Trapped People,9,3,0,1,0,1,0.95,26.96,Partially Blocked,None,1,0,1,0,None,0,30.340858,78.014257,0.58,11.17,6.31,925,P3
UKD-004119,Flood,Injured Person,5,1,1,0,2,0,0.98,13.44,Open,None,1,1,1,1,Low,0,29.857086,77.966609,3.34,5.34,0.5,3153,P3
UKD-001885,Landslide,Evacuation Request,116,62,1,1,3,7,0.67,9.72,Blocked,Moderate,0,1,0,1,Moderate,1,30.159142,78.673492,2.07,10.06,15.81,416,P1
UKD-004511,Landslide,Infrastructure Damage,10,0,0,0,3,0,0.14,3.76,Open,None,1,1,0,0,None,0,30.452744,78.539866,11.77,1.43,2.65,634,P3
UKD-000390,Flood,Waterlogging,67,19,10,0,7,4,4.99,98.74,Blocked,Severe,0,0,1,1,Critical,1,30.589582,78.549194,5.51,9.79,8.89,477,P1
UKD-002495,Earthquake,Damaged House,73,21,4,1,11,5,0.09,1.87,Partially Blocked,Moderate,1,0,0,1,Moderate,1,30.00353,78.258713,5.09,1.14,6.28,4548,P2
UKD-001852,Landslide,Infrastructure Damage,40,29,9,4,7,3,0.69,15.72,Blocked,Severe,0,1,1,1,Critical,1,30.017381,78.01358,6.56,1.56,11.68,1699,P1
UKD-003037,Flood,Flooded Road,63,8,0,0,17,4,2.4,54.1,Partially Blocked,None,0,1,0,0,None,0,29.275666,80.207508,8.95,10.06,18.99,1908,P2
UKD-005796,Earthquake,Injured Person,13,3,4,1,4,1,0.07,1.65,Open,Minor,0,1,1,1,Moderate,1,29.866647,78.193919,4.72,3.15,1.99,1941,P3
UKD-003604,Flood,Injured Person,33,10,9,2,5,7,3.44,60.31,Partially Blocked,Moderate,1,1,0,1,Critical,1,29.964,78.729623,12.58,8.81,3.86,650,P2
UKD-000846,Landslide,Trapped People,35,21,4,3,7,5,0.58,13.37,Open,None,0,0,1,1,Low,0,29.331102,79.554349,11.4,5.99,3.24,1049,P1
UKD-000543,Landslide,Infrastructure Damage,76,35,4,2,16,8,0.8,18.01,Blocked,Moderate,1,0,0,1,Critical,1,29.71231,80.245006,18.71,9.7,17.77,111,P1
UKD-003725,Flood,Waterlogging,9,1,1,0,3,2,2.64,43.07,Open,Minor,0,1,1,1,Low,0,30.051255,78.007228,5.9,5.04,2.23,369,P2
UKD-000092,Flood,Flooded Road,73,15,1,1,7,5,2.38,44.73,Blocked,None,0,0,1,1,Low,0,29.48859,79.571562,11.47,20.0,5.66,1036,P1
UKD-003680,Cloudburst,Damaged House,71,20,3,2,10,7,2.43,61.54,Open,Moderate,1,1,1,1,Critical,1,29.614006,79.590892,4.98,5.41,7.8,366,P2
UKD-005642,Cloudburst,Waterlogging,15,4,0,0,1,0,1.61,34.13,Partially Blocked,None,1,1,1,1,Low,0,29.681055,79.717457,3.28,2.94,3.81,598,P3
UKD-003905,Earthquake,Missing Person,66,18,3,12,10,7,0.14,2.67,Open,Moderate,1,0,0,1,Critical,1,29.458215,79.418085,4.51,4.37,7.39,242,P2
UKD-001980,Earthquake,Trapped People,61,34,2,1,2,14,0.09,1.19,Partially Blocked,None,0,0,1,1,Moderate,1,30.382041,78.081313,7.02,3.15,1.74,1835,P1
UKD-003245,Cloudburst,Infrastructure Damage,15,6,0,0,3,1,1.59,37.97,Blocked,Minor,0,1,1,1,Low,1,30.678821,78.366622,11.58,20.0,30.0,344,P2
UKD-003979,Earthquake,Injured Person,1,1,1,0,0,1,0.05,1.2,Open,Moderate,1,0,1,0,None,0,29.603838,79.613001,17.07,6.71,5.36,317,P2
UKD-003151,Flood,Waterlogging,16,1,0,0,2,0,1.9,43.21,Open,None,1,1,1,1,Low,1,30.390169,78.174318,7.93,6.9,3.42,336,P2
UKD-004901,Earthquake,Damaged House,11,0,0,0,2,3,0.03,0.64,Open,None,1,1,1,1,Critical,1,29.562632,79.739378,1.77,3.57,6.48,1013,P3
UKD-004105,Cloudburst,Waterlogging,56,16,2,1,13,4,2.75,45.19,Blocked,Minor,1,0,0,1,Moderate,0,30.531835,79.294735,15.92,8.87,12.71,194,P3
UKD-004623,Landslide,Infrastructure Damage,5,1,0,0,2,1,0.16,3.29,Partially Blocked,None,0,1,1,0,None,0,30.643976,78.477003,10.94,8.59,11.97,90,P3
UKD-002965,Cloudburst,Flooded Road,38,6,0,1,11,8,3.19,55.51,Partially Blocked,Minor,1,0,0,1,Low,0,30.194477,78.836868,7.08,4.32,1.18,1113,P2
UKD-003464,Earthquake,Missing Person,107,68,2,8,10,6,0.13,2.47,Blocked,Severe,0,0,0,1,Critical,1,29.404504,79.394657,12.12,6.41,12.9,428,P2
UKD-002530,Landslide,Damaged House,94,59,3,4,10,6,0.75,15.39,Blocked,Moderate,0,1,0,1,Moderate,1,30.289805,78.100466,5.7,2.18,4.55,4622,P2
UKD-004109,Landslide,Evacuation Request,3,1,0,0,0,0,0.1,1.57,Partially Blocked,None,0,1,1,0,None,0,29.108262,79.538381,3.05,2.81,6.25,650,P3
UKD-001677,Flood,Missing Person,18,3,0,6,3,2,3.46,46.27,Partially Blocked,Moderate,1,1,1,1,Moderate,1,30.320423,79.124392,18.13,7.28,12.64,461,P1
UKD-001049,Cloudburst,Infrastructure Damage,19,4,0,0,6,4,1.53,30.4,Open,Minor,1,1,1,0,None,0,30.608318,78.56833,11.01,3.8,9.89,596,P1
UKD-002950,Earthquake,Injured Person,11,0,2,0,1,2,0.04,0.92,Open,Moderate,1,0,0,1,Low,1,30.271055,78.078713,1.56,3.9,3.78,524,P2
UKD-001961,Landslide,Missing Person,156,25,2,7,10,5,0.45,13.68,Partially Blocked,Moderate,1,1,1,1,Moderate,0,30.17355,78.663785,5.41,12.09,6.37,1018,P1
UKD-002531,Flood,Trapped People,109,84,2,1,5,3,3.58,49.98,Blocked,None,0,1,1,1,Moderate,0,30.287696,78.044136,4.29,3.23,10.27,1721,P2
UKD-004413,Earthquake,Evacuation Request,28,8,0,1,7,5,0.05,1.42,Partially Blocked,Moderate,0,1,1,1,Low,0,28.837791,79.377564,5.01,5.04,6.65,1320,P3
UKD-004904,Earthquake,Trapped People,40,17,5,1,12,10,0.08,1.83,Partially Blocked,None,1,1,1,1,Critical,1,30.345281,77.967273,0.88,3.14,5.12,864,P3
UKD-003940,Flood,Waterlogging,14,4,1,2,4,0,3.79,57.25,Partially Blocked,Moderate,0,1,1,1,Low,0,30.310847,78.041023,2.29,1.94,2.02,1067,P2
UKD-000238,Landslide,Injured Person,6,4,5,0,2,0,0.51,7.45,Blocked,None,0,0,1,0,None,0,30.225019,79.917384,18.15,17.83,6.93,152,P1
UKD-004150,Flood,Waterlogging,6,0,0,0,2,0,1.65,33.57,Open,Minor,1,1,1,0,None,0,29.430583,79.524864,20.74,4.67,5.56,435,P3
UKD-004858,Flood,Missing Person,19,6,0,5,0,4,1.65,44.08,Open,None,0,1,1,0,None,0,30.32813,77.995781,1.77,12.67,6.27,820,P3
UKD-001134,Flood,Trapped People,84,42,2,2,8,4,3.23,70.41,Partially Blocked,Moderate,1,0,1,1,Moderate,1,29.891738,78.234863,2.06,1.88,9.36,3328,P1
UKD-002881,Landslide,Trapped People,92,42,3,1,9,4,0.57,7.9,Partially Blocked,Moderate,1,0,1,1,Low,0,30.281987,77.955604,3.32,5.52,7.81,3176,P2
UKD-001806,Earthquake,Injured Person,95,45,10,1,12,10,0.15,3.0,Partially Blocked,Moderate,0,0,0,1,Critical,1,28.953426,79.632473,7.0,0.93,2.34,1484,P1
UKD-004959,Earthquake,Damaged House,27,3,1,3,9,3,0.06,1.2,Partially Blocked,Moderate,1,1,0,1,Moderate,0,29.931313,78.258031,0.93,1.4,1.25,5477,P3
UKD-000164,Flood,Missing Person,200,69,2,10,19,4,4.68,66.83,Blocked,Moderate,0,0,1,1,Low,0,30.002197,78.215596,1.64,11.95,1.01,3793,P1
UKD-004528,Landslide,Trapped People,19,12,0,1,7,2,0.55,10.27,Blocked,Moderate,1,1,1,0,None,0,30.300277,78.107086,7.25,3.17,7.01,6846,P3
UKD-005705,Landslide,Damaged House,15,2,0,0,6,1,0.14,4.01,Partially Blocked,Minor,1,1,1,0,None,0,30.151758,78.847891,7.59,5.39,2.05,462,P3
UKD-005648,Flood,Flooded Road,6,0,0,0,2,0,0.67,21.16,Open,None,1,1,1,0,None,0,30.398796,78.396467,12.95,3.79,7.84,198,P3
UKD-004429,Landslide,Infrastructure Damage,32,13,0,0,6,3,0.34,7.87,Blocked,Minor,1,1,1,0,None,0,30.20155,78.893892,6.24,3.01,30.0,622,P3
UKD-004499,Cloudburst,Damaged House,14,2,2,0,5,1,1.62,21.37,Open,Moderate,1,1,1,0,None,0,28.885417,79.559107,0.99,0.37,1.05,1303,P3
UKD-004327,Landslide,Evacuation Request,24,8,0,0,2,6,0.43,8.51,Partially Blocked,None,0,0,1,1,Low,0,30.252733,79.133319,10.78,11.23,5.17,331,P3
UKD-000266,Cloudburst,Evacuation Request,200,58,2,5,14,5,3.31,60.4,Partially Blocked,Severe,0,0,0,1,Low,0,28.908148,79.503547,8.54,1.36,1.23,3090,P1
UKD-002002,Flood,Missing Person,103,38,2,6,13,4,2.93,46.35,Open,Moderate,0,1,1,1,Moderate,0,29.945463,78.124359,5.83,1.43,5.66,4026,P2
UKD-001812,Flood,Trapped People,92,61,7,4,4,10,3.88,67.28,Blocked,Severe,1,0,1,1,Moderate,0,29.278923,79.40868,10.7,14.59,14.8,710,P1
UKD-003278,Cloudburst,Infrastructure Damage,44,10,1,0,5,5,1.69,29.57,Partially Blocked,Minor,1,1,1,1,Moderate,1,30.354274,78.601714,9.73,1.52,6.69,115,P2
UKD-005610,Cloudburst,Damaged House,26,7,0,0,2,8,1.25,30.3,Blocked,Moderate,1,1,1,0,None,0,30.335349,79.121804,26.06,5.42,18.86,89,P3
UKD-002979,Flood,Flooded Road,57,5,0,1,15,5,1.93,42.38,Partially Blocked,Minor,1,1,1,1,Low,1,30.22118,78.045956,5.6,5.25,8.08,2816,P2
UKD-004261,Flood,Flooded Road,29,2,0,2,5,2,2.64,67.73,Partially Blocked,Minor,1,0,1,0,None,0,28.908248,79.493078,5.26,10.32,7.61,470,P3
UKD-002907,Cloudburst,Missing Person,100,38,2,7,11,7,2.33,47.31,Blocked,Minor,1,0,1,0,None,0,30.399476,78.997147,21.97,1.63,22.66,127,P2
UKD-004291,Earthquake,Evacuation Request,8,2,0,0,1,0,0.03,0.6,Partially Blocked,Minor,1,1,1,0,None,0,29.380922,79.585034,9.87,3.2,6.45,1431,P3
UKD-005498,Earthquake,Damaged House,88,30,2,1,18,7,0.13,2.67,Partially Blocked,Severe,1,0,1,1,Critical,1,30.367644,78.592741,2.96,7.09,14.52,200,P3
UKD-001429,Landslide,Injured Person,10,4,5,1,2,1,0.7,13.41,Open,Severe,0,0,0,1,Moderate,1,30.199375,78.079045,9.16,4.2,2.7,1786,P1
UKD-000399,Cloudburst,Trapped People,103,61,6,2,6,2,3.18,59.56,Open,Severe,0,0,0,1,Moderate,1,30.024257,78.83446,2.7,4.0,4.73,876,P1
UKD-003965,Earthquake,Trapped People,24,17,3,2,7,6,0.06,1.62,Partially Blocked,Severe,0,0,1,1,Moderate,1,29.435436,79.446081,12.67,4.73,6.23,774,P2
UKD-005006,Earthquake,Trapped People,25,3,2,0,5,1,0.04,0.77,Open,Minor,1,1,1,1,Low,0,30.791667,78.439946,21.42,20.0,6.73,336,P3
UKD-000948,Flood,Evacuation Request,104,21,1,0,9,3,2.26,44.62,Open,Moderate,1,1,1,1,Moderate,1,29.907438,78.181885,6.35,0.3,2.32,2018,P1
UKD-003079,Landslide,Trapped People,45,35,2,0,5,4,0.8,16.51,Blocked,Minor,0,1,1,1,Moderate,1,30.850484,78.128626,29.61,20.0,30.0,707,P2
UKD-003139,Flood,Evacuation Request,123,60,1,2,7,3,3.11,61.25,Blocked,Moderate,0,0,0,1,Low,0,30.335465,78.093577,5.86,1.33,14.33,1460,P2
UKD-005348,Landslide,Trapped People,2,1,0,0,1,0,0.09,2.21,Open,None,1,1,1,0,None,0,29.424469,79.421601,2.9,3.74,1.81,424,P3
UKD-004924,Flood,Infrastructure Damage,7,1,0,0,2,0,0.71,16.49,Partially Blocked,Minor,1,1,1,0,None,0,29.346877,80.109124,27.14,4.08,8.37,599,P3
UKD-005574,Landslide,Infrastructure Damage,27,7,5,4,7,2,0.65,10.12,Partially Blocked,Moderate,1,0,0,1,Critical,1,30.24015,78.020394,8.75,5.16,5.06,1929,P3
UKD-005149,Flood,Evacuation Request,200,64,3,0,16,5,2.58,54.55,Blocked,Minor,0,1,1,1,Moderate,0,29.962684,78.190206,2.12,7.83,1.15,3766,P3
UKD-003230,Landslide,Trapped People,70,44,1,0,12,10,0.59,9.19,Open,Moderate,0,0,1,1,Moderate,1,29.986884,78.109468,7.43,1.38,1.54,753,P2
UKD-003995,Landslide,Missing Person,43,30,4,10,12,6,0.84,16.8,Blocked,Severe,0,0,0,1,Critical,1,30.417938,78.48688,30.0,8.51,19.14,89,P2
UKD-001453,Landslide,Evacuation Request,75,53,5,2,13,7,0.85,18.93,Blocked,Severe,0,0,0,1,Critical,1,30.304418,77.984158,13.11,5.82,13.22,2223,P1
UKD-000594,Flood,Missing Person,200,71,2,9,7,4,3.17,86.69,Blocked,Minor,0,1,1,0,None,0,30.482473,78.008662,1.29,1.4,0.5,1642,P1
UKD-002726,Flood,Flooded Road,63,11,1,3,8,9,2.57,40.87,Partially Blocked,Minor,0,1,1,1,Low,0,30.016526,78.277744,10.79,1.96,5.16,2549,P2
UKD-000042,Flood,Waterlogging,74,21,3,0,15,8,2.64,56.45,Blocked,Minor,0,1,1,0,None,0,29.951202,78.116735,4.12,4.76,3.01,2544,P1
UKD-000561,Landslide,Injured Person,62,31,10,3,13,11,0.75,14.73,Partially Blocked,Moderate,0,0,1,1,Critical,1,30.154353,78.779125,10.02,15.3,3.43,729,P1
UKD-004832,Flood,Infrastructure Damage,41,8,1,1,5,4,2.41,41.16,Partially Blocked,Minor,1,0,1,1,Low,0,29.94131,78.132015,4.41,2.15,1.37,1807,P3
UKD-005151,Earthquake,Damaged House,49,26,2,1,5,4,0.1,2.39,Blocked,Severe,0,1,0,1,Moderate,1,30.079372,78.267834,7.22,2.24,19.45,1583,P3
UKD-000490,Flood,Infrastructure Damage,185,41,3,1,12,5,3.51,69.65,Partially Blocked,Severe,0,0,1,1,Moderate,1,30.238665,78.096497,8.49,0.41,0.95,1117,P1
UKD-000244,Flood,Missing Person,99,49,4,4,12,8,3.19,89.8,Partially Blocked,Minor,0,0,0,1,Moderate,1,30.289315,78.212382,8.06,2.49,8.15,2985,P1
UKD-003173,Landslide,Infrastructure Damage,80,47,0,0,19,7,0.34,9.85,Blocked,Moderate,0,0,1,0,None,0,30.574088,79.538638,27.82,9.74,23.65,278,P2
UKD-001340,Landslide,Infrastructure Damage,92,50,3,1,8,3,0.78,17.19,Blocked,Severe,0,0,0,0,None,0,29.531249,80.095362,24.72,15.18,30.0,167,P1
UKD-003937,Landslide,Injured Person,14,7,4,1,3,1,0.88,17.65,Blocked,Minor,1,1,0,1,Critical,1,30.537498,79.317759,9.4,6.81,11.12,127,P2
UKD-005990,Cloudburst,Infrastructure Damage,36,7,1,3,4,6,0.72,20.16,Partially Blocked,Minor,1,1,0,0,None,0,30.463905,78.423135,18.44,2.32,8.13,165,P3
UKD-000406,Flood,Flooded Road,30,11,5,5,7,1,5.0,79.72,Partially Blocked,Severe,0,1,0,1,Moderate,0,29.938755,78.179416,6.63,7.21,5.39,765,P1
UKD-001443,Landslide,Trapped People,47,45,5,3,10,2,0.7,14.18,Blocked,Severe,0,0,0,1,Moderate,1,30.219061,79.306143,5.09,5.45,4.78,105,P1
UKD-000262,Flood,Infrastructure Damage,114,47,5,0,11,3,3.68,58.53,Partially Blocked,Severe,0,0,0,0,None,0,28.936944,79.510684,6.19,1.75,1.74,1732,P1
UKD-003913,Flood,Damaged House,43,15,1,0,12,2,2.22,59.73,Open,Moderate,0,0,1,1,Low,0,29.976172,78.228671,4.49,4.67,4.02,2696,P2
UKD-003538,Landslide,Injured Person,31,22,9,3,5,0,0.74,15.88,Blocked,Minor,0,1,1,1,Critical,1,29.92842,78.376028,2.77,2.01,6.16,1997,P2
UKD-005469,Flood,Damaged House,98,34,2,3,13,9,2.65,44.03,Partially Blocked,Minor,0,0,0,1,Low,0,30.279905,77.970369,4.08,1.71,4.93,1190,P3
UKD-001690,Flood,Injured Person,66,41,4,1,4,5,2.47,51.58,Blocked,Moderate,0,0,1,1,Critical,1,29.40027,79.429366,6.96,4.82,7.85,922,P1
UKD-003479,Earthquake,Damaged House,82,52,5,3,9,2,0.13,2.95,Blocked,Severe,0,0,1,1,Moderate,1,29.925311,78.196208,3.1,1.67,9.03,2859,P2
UKD-001726,Earthquake,Missing Person,94,61,0,11,21,5,0.13,3.79,Blocked,Moderate,0,1,0,1,Moderate,1,29.909678,79.671751,29.8,5.75,3.76,230,P1
UKD-001204,Cloudburst,Damaged House,32,23,4,3,1,2,3.32,59.93,Blocked,Severe,0,0,0,1,Moderate,1,29.912992,78.104732,6.46,2.61,2.67,3390,P1
UKD-000835,Earthquake,Injured Person,63,21,12,2,7,5,0.12,3.25,Open,Severe,0,0,0,1,Critical,1,30.362857,78.043625,2.01,1.31,8.26,3190,P1
UKD-001867,Cloudburst,Injured Person,36,25,7,3,6,10,3.03,66.79,Blocked,Moderate,1,1,1,1,Critical,0,29.585629,80.487745,17.46,20.0,7.39,249,P1
UKD-002497,Cloudburst,Injured Person,5,1,3,0,1,2,1.64,48.22,Open,Minor,1,0,1,0,None,0,30.722053,78.374771,8.71,4.65,15.26,268,P2
UKD-003017,Cloudburst,Infrastructure Damage,17,4,1,0,2,3,1.24,26.47,Blocked,Minor,1,1,1,1,Low,0,30.404321,77.989394,4.8,2.99,6.13,1516,P2
UKD-004512,Cloudburst,Injured Person,51,14,12,1,16,5,2.65,46.42,Open,Moderate,1,0,0,1,Low,0,29.665804,79.650175,8.53,4.29,8.97,943,P3
UKD-002011,Cloudburst,Trapped People,113,63,4,1,13,5,2.22,59.09,Blocked,Severe,1,0,0,1,Critical,1,30.32933,78.010695,3.26,0.42,6.61,3160,P2
UKD-003932,Flood,Trapped People,23,15,2,3,3,5,2.0,41.66,Partially Blocked,Minor,1,0,0,1,Moderate,1,28.971977,79.400055,3.01,4.69,2.71,4457,P2
UKD-000341,Cloudburst,Flooded Road,136,32,4,1,1,10,3.31,64.59,Blocked,None,0,1,0,1,Critical,0,30.709221,79.472448,8.62,14.71,15.37,182,P1
UKD-004173,Cloudburst,Injured Person,25,1,5,3,5,4,1.54,37.9,Open,Minor,1,1,0,1,Moderate,1,30.052454,78.764218,5.38,1.85,10.69,724,P3
UKD-001602,Landslide,Trapped People,56,38,2,1,7,4,0.55,8.53,Blocked,Moderate,0,1,1,0,None,0,29.447016,79.494173,8.09,4.02,2.96,522,P1
UKD-002797,Flood,Injured Person,17,5,6,1,3,1,1.86,54.19,Blocked,Moderate,0,1,0,1,Critical,1,30.263708,79.032577,7.99,6.46,7.83,130,P2
UKD-005368,Flood,Waterlogging,7,0,0,0,1,1,1.21,24.91,Open,None,1,1,0,0,None,0,29.378297,79.513716,6.38,2.99,8.35,441,P3
UKD-005760,Flood,Waterlogging,12,2,0,0,1,0,1.86,32.68,Blocked,Minor,1,0,1,0,None,0,29.711067,80.169571,17.81,1.65,29.26,66,P3
UKD-000481,Landslide,Infrastructure Damage,76,57,1,1,14,4,0.67,10.18,Blocked,Moderate,0,1,1,1,Low,0,29.514416,79.608045,5.25,4.4,18.16,331,P1
UKD-003726,Earthquake,Evacuation Request,76,32,2,2,4,7,0.08,2.39,Partially Blocked,Moderate,0,1,1,1,Moderate,1,30.210367,77.96575,3.49,1.43,4.71,3251,P2
UKD-005906,Flood,Trapped People,108,35,2,0,9,8,1.97,47.75,Partially Blocked,Minor,1,1,1,0,None,0,29.457166,80.644194,16.08,8.48,11.89,156,P3
UKD-002786,Earthquake,Trapped People,30,14,0,2,5,6,0.05,1.56,Partially Blocked,Moderate,0,0,1,0,None,0,29.620024,79.521716,6.5,10.15,6.74,389,P2
UKD-001524,Landslide,Infrastructure Damage,200,41,5,2,11,4,0.69,19.32,Partially Blocked,Severe,1,0,1,1,Critical,1,30.034242,78.691327,5.35,0.82,7.26,2400,P1
UKD-003622,Cloudburst,Waterlogging,37,17,4,1,6,5,3.45,57.48,Blocked,Severe,0,1,1,1,Moderate,1,30.274561,78.183314,14.55,3.82,3.07,1686,P2
UKD-004468,Cloudburst,Flooded Road,17,2,1,0,2,2,2.17,35.25,Blocked,Minor,1,1,1,1,Low,0,29.62348,79.554947,4.69,2.91,10.61,585,P3
UKD-005321,Flood,Injured Person,44,25,8,0,3,4,2.17,41.13,Blocked,Moderate,0,0,1,1,Moderate,1,30.137445,78.810384,2.16,17.32,6.31,546,P3
UKD-005561,Flood,Evacuation Request,72,34,5,0,7,2,1.93,62.68,Partially Blocked,Moderate,0,1,1,1,Moderate,1,29.380355,79.446767,14.51,7.45,4.88,391,P3
UKD-005645,Earthquake,Injured Person,26,16,7,4,3,4,0.07,1.26,Blocked,Moderate,0,1,0,1,Critical,1,30.351521,78.11667,5.22,2.14,4.92,3091,P3
UKD-000800,Cloudburst,Injured Person,25,5,7,2,7,5,2.28,45.71,Partially Blocked,Moderate,1,1,0,1,Low,0,30.502806,78.009024,1.06,2.71,0.5,3638,P1
UKD-001767,Cloudburst,Evacuation Request,63,26,3,4,11,2,2.66,57.65,Partially Blocked,Moderate,0,1,0,1,Critical,1,29.950841,78.249943,4.3,7.65,1.24,1092,P1
UKD-005364,Flood,Flooded Road,20,1,0,1,7,2,1.92,38.98,Partially Blocked,Minor,0,1,0,0,None,0,30.698879,78.385851,24.4,5.67,13.89,311,P3
UKD-003026,Landslide,Infrastructure Damage,15,6,3,3,3,1,0.51,10.0,Blocked,Moderate,0,0,0,1,Moderate,1,29.605921,79.62019,3.25,3.88,10.33,409,P2
UKD-002454,Earthquake,Injured Person,91,40,11,4,16,7,0.13,2.4,Partially Blocked,Moderate,0,0,1,1,Critical,1,29.96863,78.221409,3.7,3.03,3.68,3835,P2
UKD-004074,Flood,Flooded Road,12,2,0,0,1,2,2.92,54.9,Blocked,Moderate,1,1,1,0,None,0,28.970013,79.436988,7.68,9.82,4.17,3119,P3
UKD-004740,Cloudburst,Waterlogging,28,5,1,0,6,7,1.58,27.49,Open,Minor,0,1,1,1,Low,0,29.992245,79.526656,15.54,2.11,9.67,329,P3
UKD-004856,Flood,Damaged House,18,10,2,0,5,5,2.72,60.66,Open,Severe,0,1,1,1,Moderate,1,30.239776,78.017968,3.04,2.19,1.23,2544,P3
UKD-003705,Landslide,Infrastructure Damage,3,0,0,0,2,0,0.14,3.3,Open,None,1,1,1,1,Low,0,29.281354,79.536957,3.55,7.01,6.66,189,P2
UKD-005611,Cloudburst,Damaged House,61,20,5,1,10,11,2.13,44.55,Open,Severe,0,0,1,1,Critical,1,30.79993,78.376135,6.24,13.92,10.53,347,P3
UKD-000364,Flood,Trapped People,85,65,3,6,6,2,3.55,65.85,Blocked,Moderate,0,0,0,1,Moderate,1,29.586911,80.159805,11.74,2.96,16.42,202,P1
UKD-001272,Landslide,Infrastructure Damage,200,42,5,3,5,5,0.53,11.99,Partially Blocked,Severe,0,0,1,1,Critical,1,29.557085,79.40245,17.2,3.27,3.34,581,P1
UKD-002004,Cloudburst,Damaged House,30,8,3,3,5,6,1.46,37.75,Open,Moderate,0,0,0,1,Low,1,30.755763,78.33434,5.47,12.63,4.35,87,P2
UKD-005395,Landslide,Missing Person,5,0,0,1,0,2,0.13,3.99,Open,Minor,1,1,1,0,None,0,29.07804,79.592839,2.86,2.77,2.5,1945,P3
UKD-004246,Earthquake,Trapped People,7,1,0,0,1,3,0.03,0.63,Open,Minor,1,1,0,0,None,0,29.001061,79.510508,3.72,2.26,1.58,1905,P3
UKD-005624,Earthquake,Infrastructure Damage,6,0,0,0,0,0,0.04,0.66,Open,None,1,1,1,0,None,0,30.067934,78.800083,5.21,5.05,3.65,729,P3
UKD-004958,Landslide,Infrastructure Damage,17,7,1,1,4,5,0.6,8.54,Blocked,Moderate,1,0,0,1,Moderate,0,30.363643,78.078677,4.59,1.27,1.64,509,P3
UKD-000348,Flood,Injured Person,66,29,13,3,12,3,2.63,56.01,Partially Blocked,Severe,0,0,1,1,Critical,1,29.99162,78.184311,1.05,2.64,4.97,1727,P1
UKD-003351,Earthquake,Injured Person,72,23,7,2,10,4,0.12,2.99,Open,Severe,0,1,1,1,Critical,1,29.978447,78.184527,4.76,3.54,9.28,1061,P2
UKD-005896,Earthquake,Damaged House,10,0,0,0,5,2,0.04,0.72,Open,Minor,1,1,1,0,None,0,30.390817,79.429582,14.59,3.64,11.54,88,P3
UKD-003614,Cloudburst,Evacuation Request,26,7,0,1,5,6,1.48,36.85,Partially Blocked,Moderate,1,1,0,0,None,0,30.397565,78.091597,3.71,2.02,1.34,3187,P2
UKD-005719,Flood,Waterlogging,19,1,0,1,6,5,2.21,35.98,Open,Minor,1,1,1,0,None,0,30.019334,78.126617,6.14,6.09,1.35,1927,P3
UKD-002563,Landslide,Infrastructure Damage,114,42,5,7,16,9,0.62,10.45,Partially Blocked,Minor,0,1,0,1,Moderate,0,30.360796,78.11359,1.07,1.19,4.79,634,P2
UKD-003028,Landslide,Missing Person,20,4,0,3,6,3,0.35,10.44,Open,Minor,1,1,1,1,Low,0,30.473586,78.362338,11.33,18.79,6.6,112,P2
UKD-004181,Earthquake,Evacuation Request,11,0,0,0,3,0,0.02,0.59,Open,Minor,1,1,1,0,None,0,29.366863,79.443797,21.16,3.03,8.24,729,P3
UKD-005499,Flood,Damaged House,19,5,0,0,0,0,0.5,9.62,Blocked,Minor,1,1,1,0,None,0,28.927822,79.500749,3.37,1.74,7.68,2805,P3
UKD-001424,Flood,Infrastructure Damage,69,43,4,3,12,5,3.9,55.88,Blocked,Severe,0,1,0,1,Low,0,29.349477,80.169662,9.6,10.99,7.07,229,P1
UKD-000657,Cloudburst,Evacuation Request,200,73,9,2,9,3,4.06,82.14,Blocked,Severe,0,1,0,1,Critical,1,30.441526,79.225179,6.99,11.34,13.24,106,P1
UKD-003084,Cloudburst,Injured Person,51,30,8,1,9,12,1.71,43.68,Blocked,Minor,0,0,1,1,Low,0,30.233086,78.676313,3.06,6.8,11.86,488,P2
UKD-005525,Earthquake,Infrastructure Damage,6,0,0,0,2,2,0.04,0.6,Partially Blocked,None,1,1,1,0,None,0,29.419905,79.316618,13.12,3.79,3.66,425,P3
UKD-002103,Landslide,Infrastructure Damage,5,2,0,1,1,1,0.39,8.04,Partially Blocked,Minor,1,1,0,0,None,0,29.854658,78.066353,2.81,3.9,5.25,2600,P2
UKD-000633,Landslide,Infrastructure Damage,41,13,3,3,8,3,0.82,16.53,Open,Moderate,1,1,0,1,Critical,1,30.363724,78.09775,2.79,1.6,0.77,2669,P1
UKD-004861,Flood,Waterlogging,2,0,0,0,0,1,0.86,16.09,Open,Minor,1,1,1,0,None,0,30.161456,78.783843,5.6,7.7,9.27,1140,P3
UKD-002494,Earthquake,Trapped People,30,14,1,2,7,4,0.07,1.35,Partially Blocked,Moderate,1,0,0,1,Low,0,30.558212,78.453993,20.88,7.21,13.01,157,P2
UKD-002666,Flood,Injured Person,38,11,5,2,4,8,2.5,43.46,Partially Blocked,Minor,1,1,0,1,Moderate,1,30.458405,78.316489,14.82,0.79,7.4,242,P2
UKD-004339,Earthquake,Trapped People,15,4,0,0,2,1,0.02,0.63,Open,None,1,1,1,0,None,0,30.003528,78.28121,7.97,6.18,7.98,1807,P3
UKD-005669,Flood,Damaged House,31,16,1,2,7,2,1.45,34.38,Blocked,None,0,1,0,1,Moderate,0,29.428086,79.344123,13.89,2.61,14.63,552,P3
UKD-004404,Cloudburst,Flooded Road,16,3,1,0,2,2,1.23,30.54,Partially Blocked,Moderate,0,1,1,1,Low,1,29.85915,78.137782,6.86,4.14,4.79,811,P3
UKD-005541,Flood,Infrastructure Damage,67,12,1,1,8,3,1.82,39.05,Partially Blocked,Moderate,1,1,0,1,Low,1,29.998099,78.13349,10.22,0.88,4.06,1110,P3
UKD-002335,Cloudburst,Infrastructure Damage,25,10,1,2,4,2,1.34,41.3,Blocked,None,0,0,1,1,Moderate,1,30.37396,78.059514,8.87,1.84,12.15,681,P2
UKD-003549,Flood,Waterlogging,62,13,4,2,10,10,2.67,78.65,Partially Blocked,Minor,0,0,0,1,Critical,1,30.232271,77.892387,5.79,0.64,3.0,3419,P2
UKD-004594,Earthquake,Damaged House,8,1,0,0,4,0,0.02,0.41,Open,None,1,1,1,0,None,0,30.144279,78.601502,7.17,7.96,13.86,239,P3
UKD-002501,Flood,Flooded Road,119,31,2,5,4,9,2.87,67.13,Blocked,Moderate,0,0,0,1,Critical,1,30.118687,78.755096,5.82,17.42,5.85,559,P2
UKD-003620,Landslide,Infrastructure Damage,15,2,0,0,6,2,0.3,6.73,Partially Blocked,Severe,1,0,1,0,None,0,29.487786,80.219644,5.87,2.65,7.7,249,P2
UKD-001466,Earthquake,Injured Person,4,2,1,0,1,1,0.15,2.89,Partially Blocked,Severe,1,0,0,1,Low,0,30.619395,78.607817,30.0,4.67,5.66,824,P1
UKD-003941,Flood,Evacuation Request,40,11,3,2,10,5,2.52,38.63,Partially Blocked,Severe,1,0,0,1,Moderate,0,30.340392,78.843658,4.81,7.99,11.49,1054,P2
UKD-004014,Cloudburst,Infrastructure Damage,44,11,0,0,14,7,1.66,23.33,Partially Blocked,None,1,1,1,0,None,0,30.365872,78.063721,7.04,2.89,0.5,1782,P3
UKD-005406,Landslide,Injured Person,5,1,1,0,0,0,0.16,3.08,Partially Blocked,Minor,1,1,1,1,Moderate,1,30.420622,78.09223,9.02,1.47,7.81,1599,P3
UKD-000116,Flood,Infrastructure Damage,107,63,6,4,8,5,5.0,76.63,Blocked,Severe,0,0,1,1,Moderate,1,30.199633,78.610573,6.12,10.57,28.86,94,P1
UKD-001822,Flood,Evacuation Request,196,38,1,0,7,2,3.14,66.95,Open,Moderate,0,0,1,1,Moderate,1,29.95011,78.161993,1.83,3.83,5.72,4105,P1
UKD-001495,Landslide,Trapped People,92,60,8,1,10,6,0.84,16.15,Open,None,0,1,1,1,Low,1,30.186399,78.453273,23.25,8.38,5.25,131,P1
UKD-002402,Earthquake,Damaged House,13,2,0,0,3,3,0.05,0.93,Partially Blocked,Minor,0,1,1,0,None,0,29.042042,79.476428,4.15,5.36,3.81,4169,P2
UKD-003875,Earthquake,Trapped People,22,11,3,2,5,7,0.11,3.2,Partially Blocked,Severe,1,0,0,1,Moderate,0,29.923658,78.165372,10.01,8.29,4.19,1202,P2
UKD-001233,Earthquake,Infrastructure Damage,51,36,1,2,3,3,0.14,2.57,Blocked,Minor,0,1,1,1,Moderate,0,29.86464,78.274798,7.19,6.18,5.96,245,P1
UKD-002662,Cloudburst,Flooded Road,117,26,0,3,12,6,2.83,49.71,Blocked,None,0,1,0,1,Moderate,0,28.868602,79.48506,7.51,3.67,5.29,2014,P2
UKD-002818,Landslide,Waterlogging,19,1,0,0,1,3,1.18,21.91,Open,Minor,1,1,1,1,Low,0,28.828454,79.471577,7.62,2.64,1.08,2243,P2
UKD-005701,Flood,Flooded Road,16,0,0,0,1,3,1.24,24.23,Open,None,1,0,1,0,None,0,29.960273,78.086588,1.2,3.98,4.77,3013,P3
UKD-005479,Cloudburst,Flooded Road,13,4,1,0,1,3,1.42,34.67,Blocked,Minor,0,1,1,1,Low,1,30.558609,78.504474,18.13,10.93,14.96,299,P3
UKD-001154,Flood,Flooded Road,56,16,0,3,7,7,3.46,63.62,Partially Blocked,Moderate,0,1,1,0,None,0,29.468631,79.333191,3.27,6.39,4.76,275,P1
UKD-003910,Cloudburst,Damaged House,10,5,1,0,1,1,1.41,29.19,Partially Blocked,Minor,0,1,1,1,Low,0,30.739223,78.509707,10.94,10.78,4.94,197,P2
UKD-004761,Landslide,Trapped People,6,2,1,0,1,0,0.25,6.91,Partially Blocked,None,1,0,1,0,None,0,30.329165,78.025734,4.11,2.8,3.11,2183,P3
UKD-005327,Landslide,Infrastructure Damage,7,0,0,0,0,0,0.11,1.76,Open,None,1,1,1,0,None,0,29.356321,80.127598,17.95,9.3,10.62,866,P3
UKD-000058,Landslide,Infrastructure Damage,2,0,0,0,1,0,0.29,5.24,Open,None,1,1,0,0,None,0,30.205748,77.980076,4.98,3.93,3.67,1737,P1
UKD-005583,Landslide,Infrastructure Damage,3,1,0,0,1,0,0.12,1.69,Open,None,0,1,1,0,None,0,30.100147,78.805994,1.82,1.28,4.18,494,P3
UKD-003884,Cloudburst,Missing Person,50,14,2,6,7,7,1.93,51.73,Partially Blocked,Moderate,1,0,1,1,Low,0,30.875564,78.518056,1.7,10.26,4.97,62,P2
UKD-003062,Landslide,Infrastructure Damage,51,9,2,0,12,7,0.57,8.47,Open,Moderate,1,0,1,1,Low,0,29.686116,79.599141,2.41,6.36,7.36,1271,P2
UKD-005180,Cloudburst,Missing Person,48,25,8,9,12,4,1.9,43.12,Blocked,Severe,0,1,1,1,Critical,1,30.498769,78.50635,6.31,5.14,13.36,199,P3
UKD-005935,Flood,Waterlogging,7,0,0,0,1,1,1.11,27.52,Blocked,Minor,0,1,1,1,Low,0,28.921127,79.474763,1.32,5.32,9.91,3700,P3
UKD-001736,Flood,Evacuation Request,136,38,1,5,12,5,4.02,73.65,Partially Blocked,Moderate,1,1,0,1,Low,0,30.271843,78.040958,3.96,5.25,4.56,703,P1
UKD-005402,Flood,Flooded Road,4,0,0,0,0,0,2.65,30.17,Partially Blocked,Moderate,1,0,1,0,None,0,30.237515,78.822505,12.25,7.84,8.64,1531,P3
UKD-002824,Landslide,Damaged House,78,26,2,3,12,1,0.8,14.02,Partially Blocked,Moderate,1,0,0,0,None,0,29.617851,79.51665,1.84,6.31,6.91,583,P2
UKD-002197,Cloudburst,Waterlogging,20,4,0,0,8,3,3.62,80.3,Blocked,Severe,0,0,1,1,Low,0,30.146858,77.9373,2.55,3.82,2.52,1478,P2
UKD-000160,Flood,Waterlogging,34,4,7,4,11,1,3.77,73.17,Open,Severe,1,0,0,1,Moderate,1,29.333704,79.464362,6.55,4.21,5.83,573,P1
UKD-004101,Cloudburst,Missing Person,10,2,1,3,4,0,1.54,35.33,Open,Minor,1,1,1,1,Moderate,0,29.343133,79.385719,10.31,1.61,5.78,468,P3
UKD-002476,Earthquake,Missing Person,111,64,4,6,12,3,0.09,1.78,Blocked,Minor,0,1,1,1,Critical,1,30.216574,78.937652,18.92,16.15,2.02,1507,P2
UKD-002565,Flood,Missing Person,57,24,1,11,7,9,2.64,43.76,Partially Blocked,Moderate,0,0,1,1,Moderate,1,30.278175,78.076505,2.67,2.36,10.45,311,P2
UKD-004295,Landslide,Evacuation Request,39,10,0,2,8,2,0.59,12.44,Partially Blocked,Minor,1,1,1,1,Low,0,30.118883,78.686373,6.24,6.97,8.24,239,P3
UKD-005050,Cloudburst,Evacuation Request,15,5,3,0,4,0,0.93,21.14,Partially Blocked,Severe,0,0,1,1,Low,0,29.406376,79.331344,28.55,5.25,9.51,1258,P3
UKD-004140,Flood,Damaged House,16,2,0,0,5,5,1.25,27.67,Partially Blocked,Minor,1,1,1,0,None,0,29.055091,79.421486,3.91,3.66,4.57,3927,P3
UKD-002609,Cloudburst,Trapped People,122,37,2,6,9,9,2.55,46.24,Open,Minor,1,1,1,1,Critical,1,28.925435,79.389112,6.23,0.99,5.07,1626,P2
UKD-005856,Landslide,Infrastructure Damage,28,14,3,0,2,4,0.62,8.92,Blocked,Severe,1,1,1,1,Low,1,30.178606,78.791659,7.27,6.8,8.59,600,P3
UKD-000708,Earthquake,Trapped People,80,67,5,4,23,8,0.16,2.24,Blocked,Severe,0,0,0,1,Low,0,30.309773,78.097963,7.05,2.86,1.6,4667,P1
UKD-003047,Earthquake,Evacuation Request,36,3,1,0,2,9,0.09,1.25,Open,None,1,0,1,1,Moderate,1,30.282245,78.034354,5.17,0.78,0.93,2630,P2
UKD-005555,Landslide,Damaged House,13,10,1,3,2,2,0.31,6.64,Blocked,Minor,0,0,0,1,Moderate,0,30.712963,78.356784,7.42,1.07,6.51,276,P3
UKD-001094,Cloudburst,Missing Person,74,19,1,8,9,4,2.39,44.43,Open,Moderate,1,0,1,1,Moderate,1,30.274438,78.748096,11.17,6.24,9.15,481,P1
UKD-004575,Cloudburst,Flooded Road,64,4,2,2,6,7,2.02,46.56,Open,Moderate,1,1,1,1,Moderate,0,30.268686,78.973409,8.34,6.36,5.48,86,P3
UKD-001377,Earthquake,Trapped People,78,55,2,3,12,9,0.14,2.9,Blocked,Moderate,1,0,0,1,Low,0,30.555819,79.430413,10.13,7.77,8.84,250,P1
UKD-005898,Landslide,Injured Person,4,0,1,0,1,0,0.09,2.16,Open,None,1,1,1,1,Low,0,30.224144,78.159062,11.16,3.42,1.14,850,P3
UKD-000073,Cloudburst,Infrastructure Damage,22,11,2,0,1,5,1.28,40.13,Blocked,Severe,0,0,0,0,None,0,29.95346,79.651517,13.56,7.45,4.59,303,P1
UKD-001923,Flood,Flooded Road,88,15,1,1,8,5,2.55,62.11,Blocked,Moderate,1,1,0,1,Low,0,30.149379,78.064049,7.56,2.69,1.51,5160,P1
UKD-004439,Cloudburst,Missing Person,31,14,2,7,7,5,1.47,35.9,Partially Blocked,None,0,0,1,1,Low,0,29.556206,79.612066,6.6,7.13,7.26,1316,P3
UKD-004306,Earthquake,Missing Person,11,8,0,1,2,0,0.05,0.66,Open,Minor,0,1,1,0,None,0,30.233997,78.718207,7.15,5.93,10.22,1043,P3
UKD-001765,Earthquake,Evacuation Request,31,8,0,0,4,12,0.06,1.64,Partially Blocked,Moderate,1,0,1,0,None,0,30.045422,78.298665,12.85,2.07,0.73,1381,P1
UKD-000744,Flood,Flooded Road,29,5,4,5,6,1,3.78,95.74,Blocked,Severe,1,0,0,1,Critical,1,30.384437,79.321698,13.76,8.01,6.25,329,P1
UKD-004075,Flood,Flooded Road,46,0,1,2,9,3,1.94,33.3,Open,Minor,1,1,0,1,Low,1,30.255758,78.007099,0.85,1.44,6.82,7974,P3
UKD-001006,Flood,Flooded Road,35,12,3,5,16,1,3.41,69.74,Blocked,Severe,0,0,1,1,Moderate,1,29.990654,78.151853,2.18,6.73,3.65,1686,P1
UKD-002669,Flood,Waterlogging,13,3,0,0,5,1,2.74,55.59,Partially Blocked,Minor,1,1,1,0,None,0,30.116381,78.944993,3.14,20.0,9.37,223,P2
UKD-001191,Flood,Trapped People,200,73,9,7,11,8,3.99,73.65,Partially Blocked,Severe,0,1,0,1,Moderate,1,30.379856,78.131628,1.28,4.31,3.84,1607,P1
UKD-004317,Earthquake,Injured Person,23,12,9,2,3,5,0.17,3.27,Partially Blocked,Moderate,0,0,0,1,Critical,1,30.047453,78.808874,3.43,4.26,11.3,412,P3
UKD-002602,Earthquake,Evacuation Request,37,2,2,1,7,6,0.06,1.19,Open,None,1,1,1,1,Critical,0,28.867589,79.494644,7.99,4.03,3.95,1291,P2
UKD-001126,Flood,Infrastructure Damage,8,3,0,1,3,0,2.88,88.95,Partially Blocked,Severe,1,1,1,1,Low,0,29.92854,78.287763,17.81,3.88,6.63,1751,P1
UKD-001242,Earthquake,Damaged House,63,38,5,1,6,8,0.14,2.92,Blocked,Severe,0,0,1,1,Critical,1,28.912035,79.50539,3.33,2.56,11.36,3330,P1
UKD-004038,Earthquake,Damaged House,8,0,0,0,1,2,0.04,0.82,Open,Minor,1,0,1,0,None,0,30.540227,79.45538,4.36,3.98,6.29,100,P3
UKD-005373,Flood,Waterlogging,6,0,0,0,2,2,1.67,49.0,Blocked,None,0,0,1,0,None,0,28.825018,79.591943,9.02,2.15,7.83,1259,P3
UKD-004945,Landslide,Flooded Road,19,1,1,0,4,0,0.48,16.23,Partially Blocked,None,1,1,1,1,Low,0,30.567105,79.288554,14.41,20.0,22.49,259,P3
UKD-005652,Flood,Evacuation Request,18,1,0,1,1,4,1.11,13.56,Open,Moderate,1,1,1,0,None,0,29.454506,79.502923,13.41,1.73,11.09,498,P3
UKD-003352,Flood,Trapped People,35,14,3,2,17,2,3.0,48.0,Partially Blocked,Severe,1,1,0,1,Critical,1,29.996568,78.059332,12.75,2.18,0.5,4333,P2
UKD-000999,Flood,Infrastructure Damage,122,55,2,2,6,3,4.36,81.19,Partially Blocked,Minor,0,0,0,1,Low,1,29.842898,78.133376,3.5,1.92,0.83,1991,P1
UKD-004462,Cloudburst,Evacuation Request,12,6,0,0,1,0,1.27,26.5,Blocked,Moderate,0,1,1,1,Low,0,30.192527,78.791657,20.89,10.49,13.75,214,P3
UKD-003825,Flood,Infrastructure Damage,72,32,3,1,13,7,2.32,37.26,Open,Minor,0,1,1,0,None,0,28.938202,79.381308,7.87,0.49,4.55,2591,P2
UKD-004032,Landslide,Trapped People,7,2,0,2,1,0,0.35,7.66,Open,Severe,1,1,1,0,None,0,30.750064,78.352386,5.57,12.2,4.09,181,P3
UKD-002685,Earthquake,Damaged House,36,9,1,3,6,3,0.06,1.65,Partially Blocked,Minor,1,1,0,1,Critical,0,29.524583,79.627835,3.63,6.93,6.7,467,P2
UKD-005195,Flood,Waterlogging,24,5,1,1,6,1,2.69,60.48,Blocked,Moderate,0,0,1,1,Critical,1,29.55131,79.553992,6.59,6.66,8.01,405,P3
UKD-001578,Cloudburst,Flooded Road,89,35,6,2,7,3,3.34,83.82,Blocked,Severe,0,0,1,1,Critical,1,30.326181,78.176168,5.5,1.78,4.65,2902,P1
UKD-003907,Cloudburst,Waterlogging,24,4,3,1,8,5,1.72,46.59,Partially Blocked,Minor,1,1,1,1,Moderate,1,30.385614,79.291516,9.18,11.62,7.29,206,P2
UKD-003730,Landslide,Flooded Road,19,0,1,0,5,2,1.14,12.83,Partially Blocked,Minor,1,0,0,0,None,0,30.213089,78.769129,2.15,17.24,9.52,319,P2
UKD-003669,Landslide,Infrastructure Damage,158,45,6,3,7,9,0.46,14.62,Blocked,Severe,1,1,0,1,Moderate,0,30.347492,78.068595,3.85,4.59,9.23,2813,P2
UKD-005743,Flood,Waterlogging,7,0,1,0,0,0,1.92,26.97,Open,Minor,0,1,1,1,Moderate,0,30.312123,79.132096,9.72,18.45,21.5,534,P3
UKD-001827,Flood,Trapped People,96,82,2,3,10,4,3.25,60.36,Blocked,Moderate,0,0,1,1,Critical,1,30.341159,78.12057,0.5,8.97,4.05,1953,P1
UKD-001344,Flood,Trapped People,61,43,1,1,10,6,3.12,86.64,Partially Blocked,Severe,0,0,1,1,Critical,1,29.978777,78.057749,12.53,2.3,4.35,1982,P1
UKD-005984,Landslide,Missing Person,5,0,0,2,0,0,0.21,4.77,Open,Minor,1,1,1,1,Low,0,30.387704,79.050234,11.86,8.35,6.6,99,P3
UKD-005147,Landslide,Damaged House,30,13,0,0,10,2,0.22,4.94,Partially Blocked,Moderate,0,1,1,0,None,0,30.62018,78.380555,5.57,7.52,12.5,303,P3
UKD-004952,Flood,Flooded Road,69,13,5,0,9,6,2.17,50.08,Partially Blocked,Severe,0,0,1,1,Low,0,29.939302,78.186102,14.89,4.15,1.37,1174,P3
UKD-000441,Earthquake,Damaged House,97,66,3,4,9,2,0.16,2.59,Blocked,Severe,0,0,0,1,Low,0,30.212428,78.751931,1.36,13.7,7.1,1257,P1
UKD-005941,Flood,Flooded Road,62,2,1,0,9,0,2.63,55.03,Open,Severe,1,1,1,1,Critical,1,29.390236,79.461323,12.39,10.0,3.19,1247,P3
UKD-001101,Cloudburst,Trapped People,113,77,3,3,11,2,1.63,44.04,Blocked,Moderate,0,0,0,0,None,0,30.609791,78.68197,22.38,19.34,27.52,545,P1
UKD-002638,Earthquake,Damaged House,22,8,4,0,3,1,0.06,0.88,Partially Blocked,Severe,0,0,1,1,Moderate,0,30.112126,78.720388,9.23,3.81,5.75,576,P2
UKD-004218,Earthquake,Injured Person,6,0,1,1,0,2,0.04,1.03,Open,Moderate,1,1,1,0,None,0,30.254645,78.114246,7.51,3.94,1.01,4300,P3
UKD-000650,Flood,Damaged House,164,48,4,6,7,4,4.11,69.45,Partially Blocked,Severe,0,1,1,1,Critical,1,29.960153,78.104735,1.43,3.06,4.14,3700,P1
UKD-001547,Landslide,Infrastructure Damage,72,39,5,3,6,4,0.98,19.02,Partially Blocked,Moderate,0,1,0,1,Critical,1,30.299375,78.009452,0.5,1.67,2.91,1596,P1
UKD-003232,Flood,Waterlogging,41,4,2,0,10,3,2.7,56.13,Open,Moderate,1,1,1,1,Moderate,1,30.382386,78.008465,9.86,3.17,1.5,1028,P2
UKD-004491,Cloudburst,Waterlogging,6,0,0,0,1,0,1.82,31.78,Open,Minor,1,1,1,0,None,0,28.897993,79.623544,1.33,2.31,3.04,730,P3
UKD-004557,Earthquake,Missing Person,8,2,0,2,0,0,0.05,0.91,Partially Blocked,Moderate,0,1,1,1,Low,1,30.007793,78.2212,2.47,6.57,7.86,965,P3
UKD-004574,Earthquake,Injured Person,2,1,1,0,1,0,0.06,1.69,Open,Minor,1,1,1,1,Moderate,1,29.268818,79.497939,2.57,10.56,3.46,723,P3
UKD-004146,Earthquake,Infrastructure Damage,43,10,2,0,11,6,0.08,1.61,Partially Blocked,Minor,1,1,1,1,Low,0,29.309934,79.44699,9.19,9.31,5.24,753,P3
UKD-002853,Flood,Waterlogging,66,8,3,2,4,7,2.6,74.28,Open,Minor,0,1,1,1,Moderate,1,30.375019,78.20402,1.8,2.43,1.99,1191,P2
UKD-003504,Flood,Trapped People,143,70,1,2,9,4,2.58,63.8,Partially Blocked,Moderate,0,0,1,1,Moderate,0,29.945931,78.093969,1.55,4.49,3.46,435,P2
UKD-005385,Cloudburst,Waterlogging,9,0,0,0,3,2,0.87,23.6,Open,None,1,1,1,1,Low,0,29.744769,79.848426,13.17,8.98,18.87,271,P3
UKD-004691,Flood,Infrastructure Damage,5,0,0,0,1,0,0.57,11.58,Open,None,1,1,1,0,None,0,30.403554,78.493782,6.47,1.16,17.16,87,P3
UKD-000631,Cloudburst,Infrastructure Damage,144,76,5,4,8,6,2.91,56.47,Blocked,Moderate,0,0,0,1,Critical,1,29.852865,78.096697,2.27,1.99,3.78,2665,P1
UKD-000673,Landslide,Trapped People,22,17,2,0,8,2,0.67,13.27,Blocked,Minor,0,1,1,1,Low,0,30.483012,78.73866,9.27,9.03,14.36,104,P1
UKD-001250,Landslide,Damaged House,32,16,5,4,6,1,0.65,12.23,Partially Blocked,Severe,0,0,0,1,Critical,1,30.325372,78.086552,2.41,1.3,6.85,700,P1
UKD-004088,Earthquake,Damaged House,30,1,1,0,5,4,0.03,0.55,Open,Moderate,1,1,1,1,Low,0,30.375927,77.999388,2.71,5.41,11.41,3171,P3
UKD-000483,Flood,Damaged House,185,39,4,4,15,7,3.16,60.94,Partially Blocked,Minor,1,0,1,1,Moderate,1,30.187257,78.833142,11.69,8.59,20.89,618,P1
UKD-001585,Earthquake,Trapped People,17,8,1,2,0,2,0.1,1.88,Partially Blocked,Severe,1,0,1,1,Moderate,0,30.215725,79.221509,8.72,12.79,25.31,110,P1
UKD-004234,Flood,Waterlogging,32,4,2,0,2,6,2.74,49.37,Partially Blocked,Minor,1,1,1,1,Low,1,30.881623,78.229255,9.94,10.2,21.59,156,P3
UKD-005544,Flood,Waterlogging,10,0,0,0,1,4,1.4,31.5,Open,Minor,1,1,1,0,None,0,30.290214,78.166143,4.26,5.71,1.61,3597,P3
UKD-004205,Cloudburst,Missing Person,20,6,0,6,4,3,1.09,18.95,Partially Blocked,Minor,1,1,1,0,None,0,30.092074,78.726588,6.68,4.01,8.34,500,P3
UKD-001463,Landslide,Trapped People,59,47,5,1,7,6,0.76,13.1,Blocked,Moderate,0,0,1,1,Critical,1,29.378642,79.53848,16.79,7.49,9.86,1976,P1
UKD-003041,Flood,Trapped People,69,62,2,1,10,5,3.01,72.6,Blocked,Minor,0,0,1,1,Low,0,30.58136,78.55223,10.97,8.84,19.68,233,P2
UKD-004471,Landslide,Injured Person,1,0,1,0,0,1,0.2,4.96,Partially Blocked,Minor,1,1,1,1,Moderate,1,29.909339,78.109739,3.86,0.94,4.01,595,P3
UKD-004811,Cloudburst,Missing Person,15,2,0,3,2,1,0.55,10.63,Open,None,0,1,0,0,None,0,30.679779,78.534529,11.67,3.85,16.75,135,P3
UKD-004611,Earthquake,Infrastructure Damage,11,6,1,0,1,0,0.04,1.23,Partially Blocked,Minor,0,1,1,1,Low,1,30.661246,78.264537,15.99,15.89,7.5,595,P3
UKD-005973,Cloudburst,Damaged House,19,5,0,0,9,2,0.85,11.52,Partially Blocked,Minor,1,1,1,0,None,0,28.901464,79.637549,5.94,2.74,6.31,1840,P3
UKD-003274,Cloudburst,Injured Person,71,13,5,0,9,4,1.42,41.88,Partially Blocked,Minor,1,1,1,1,Low,0,30.447784,78.267955,7.91,4.24,11.18,392,P2
UKD-003239,Landslide,Trapped People,59,29,5,5,17,5,0.46,8.74,Partially Blocked,Severe,1,0,1,1,Moderate,0,30.308358,78.029213,9.31,5.8,13.74,788,P2
UKD-003132,Flood,Evacuation Request,16,1,0,2,1,4,1.3,31.18,Partially Blocked,Minor,1,0,1,0,None,0,29.384551,79.470477,24.39,4.48,7.26,867,P2
UKD-003684,Flood,Waterlogging,6,0,0,0,0,1,1.45,30.15,Open,None,1,1,1,0,None,0,29.898542,78.100465,7.49,0.52,0.5,1581,P2
UKD-002579,Cloudburst,Flooded Road,13,1,0,1,0,0,1.83,38.34,Partially Blocked,None,1,0,1,1,Low,0,30.961391,78.434603,16.65,8.82,7.78,50,P2
UKD-005411,Landslide,Damaged House,13,0,1,0,2,2,0.16,3.0,Open,Minor,1,1,0,1,Low,1,28.835769,79.490216,2.01,4.82,4.4,6103,P3
UKD-000050,Flood,Damaged House,200,45,7,2,19,6,4.44,63.7,Open,Severe,0,0,1,1,Critical,1,30.428796,78.029869,3.04,3.56,3.11,846,P1
UKD-005126,Earthquake,Damaged House,71,16,5,1,11,4,0.06,1.39,Open,Severe,0,1,1,1,Critical,1,30.304683,77.971703,3.78,1.44,1.37,6594,P3
UKD-004217,Landslide,Infrastructure Damage,9,2,0,0,1,1,0.35,6.41,Partially Blocked,None,1,0,0,0,None,0,30.38447,79.2312,15.76,7.29,9.6,80,P3
UKD-000859,Landslide,Infrastructure Damage,98,73,3,1,13,3,1.06,21.81,Blocked,Moderate,0,1,0,1,Critical,1,29.125049,79.553804,13.55,0.98,1.95,444,P1
UKD-003226,Flood,Flooded Road,23,6,3,1,8,0,3.87,84.07,Blocked,Moderate,0,1,1,0,None,0,29.892341,78.207148,6.39,0.98,5.88,756,P2
UKD-001073,Cloudburst,Evacuation Request,104,56,1,1,3,2,2.56,45.05,Blocked,Severe,0,1,1,1,Critical,0,30.014826,78.234629,2.58,1.9,2.36,3381,P1
UKD-000720,Landslide,Injured Person,42,20,13,2,6,6,0.8,16.41,Blocked,Severe,1,1,0,1,Critical,1,30.218195,78.090083,1.59,0.62,3.01,3936,P1
UKD-002200,Earthquake,Evacuation Request,75,43,5,1,16,4,0.14,2.55,Partially Blocked,Severe,0,0,1,1,Critical,1,29.037502,79.527186,1.34,5.38,9.03,1095,P2
UKD-002632,Landslide,Evacuation Request,52,26,4,1,19,9,0.61,16.52,Blocked,Moderate,0,1,1,1,Low,0,30.271592,78.066166,12.69,4.66,4.43,2469,P2
UKD-005849,Cloudburst,Flooded Road,5,0,0,0,0,1,0.88,15.6,Partially Blocked,None,1,1,0,0,None,0,30.372399,78.546486,8.71,3.82,7.88,186,P3
UKD-001661,Flood,Evacuation Request,158,33,2,4,7,7,3.69,83.37,Partially Blocked,None,1,1,0,1,Moderate,1,30.324304,78.061444,0.71,8.54,1.43,4076,P1
UKD-001657,Flood,Missing Person,166,75,1,7,6,4,3.25,71.45,Blocked,Minor,0,1,1,1,Low,0,30.683315,78.554867,30.0,18.33,11.38,184,P1
UKD-002426,Flood,Flooded Road,40,10,1,1,7,6,3.51,70.95,Blocked,Moderate,0,0,1,1,Low,0,30.439009,79.32834,8.91,4.06,5.77,617,P2
UKD-005527,Landslide,Injured Person,7,0,1,0,1,1,0.22,4.31,Open,None,1,1,1,0,None,0,28.954934,79.562017,2.34,4.19,5.75,817,P3
UKD-005055,Flood,Flooded Road,59,3,4,3,18,13,3.61,66.85,Partially Blocked,Minor,1,1,1,1,Low,0,29.965874,78.16735,6.52,0.81,4.13,1524,P3
UKD-005966,Earthquake,Infrastructure Damage,23,5,0,1,3,4,0.04,0.7,Open,Minor,0,1,1,0,None,0,30.248122,78.805322,13.02,4.08,4.58,584,P3
UKD-004405,Landslide,Missing Person,9,0,0,3,0,1,0.27,8.26,Partially Blocked,Minor,1,0,0,0,None,0,30.312074,78.414313,13.28,7.36,10.08,232,P3
UKD-003098,Earthquake,Trapped People,31,24,8,3,5,5,0.13,2.59,Blocked,Severe,0,0,1,1,Critical,1,30.350107,79.372523,10.42,14.02,14.85,225,P2
UKD-003977,Flood,Evacuation Request,81,45,4,2,9,6,1.92,61.5,Blocked,Moderate,0,0,1,1,Moderate,1,29.298984,79.387293,11.44,1.88,6.28,332,P2
UKD-005367,Flood,Waterlogging,3,0,0,0,1,0,1.96,39.96,Partially Blocked,None,1,0,1,0,None,0,28.986365,79.531176,3.5,2.44,12.77,2374,P3
UKD-005878,Landslide,Waterlogging,11,3,0,0,3,3,0.8,14.24,Open,Moderate,0,1,1,0,None,0,29.564562,80.328834,28.34,1.8,12.57,239,P3
UKD-005698,Cloudburst,Infrastructure Damage,3,0,0,0,1,0,0.54,7.65,Open,None,1,1,1,0,None,0,30.289184,78.018253,5.72,2.51,3.65,1955,P3
UKD-003190,Cloudburst,Waterlogging,44,8,3,1,10,9,3.76,62.3,Partially Blocked,None,1,1,1,1,Moderate,1,30.219739,78.155493,8.14,2.35,3.94,3222,P2
UKD-003990,Flood,Flooded Road,41,4,4,1,6,7,3.51,55.79,Open,Moderate,1,1,0,1,Moderate,1,29.96321,78.077021,4.97,3.95,3.94,2269,P2
UKD-002935,Flood,Trapped People,22,15,2,0,3,4,3.21,58.54,Blocked,Moderate,0,0,1,1,Moderate,1,30.497652,78.515099,13.41,5.77,5.3,513,P2
UKD-004941,Landslide,Injured Person,4,0,1,1,1,0,0.2,4.46,Open,None,1,1,1,0,None,0,29.398107,79.47315,1.75,10.62,1.11,600,P3
UKD-004258,Earthquake,Missing Person,53,2,0,8,9,5,0.05,1.14,Open,Minor,1,1,0,0,None,0,30.271445,78.127934,14.69,0.73,5.34,2661,P3
UKD-002607,Cloudburst,Trapped People,56,47,3,0,14,5,2.32,34.57,Blocked,None,0,1,1,1,Moderate,0,29.475355,80.260005,10.09,11.78,3.7,102,P2
UKD-001386,Earthquake,Injured Person,27,18,4,0,2,3,0.14,3.22,Blocked,Severe,0,0,1,1,Moderate,0,30.059561,78.240433,2.09,3.16,3.92,2036,P1
UKD-005572,Earthquake,Injured Person,2,0,1,0,1,1,0.03,0.84,Partially Blocked,Severe,1,1,1,1,Moderate,1,30.221529,78.859599,10.74,4.19,3.9,660,P3
UKD-001400,Cloudburst,Injured Person,41,25,10,2,6,1,3.76,74.24,Partially Blocked,Moderate,0,1,0,1,Moderate,0,30.256669,77.926759,4.95,5.95,0.88,1575,P1
UKD-001196,Flood,Damaged House,50,14,8,4,14,5,2.03,37.93,Partially Blocked,Severe,1,1,1,0,None,0,28.992036,79.59552,3.57,1.84,2.62,1304,P1
UKD-001409,Flood,Flooded Road,42,4,1,3,13,3,3.62,75.38,Partially Blocked,Moderate,1,0,1,1,Critical,1,29.006393,79.57845,1.45,2.53,2.21,394,P1
UKD-001846,Landslide,Flooded Road,86,18,1,2,15,3,1.5,22.97,Blocked,Minor,0,1,1,1,Low,0,29.524338,79.452891,14.93,2.01,0.78,1583,P1
UKD-001799,Landslide,Evacuation Request,119,59,6,1,8,5,0.52,8.76,Blocked,Severe,0,0,1,1,Moderate,1,30.178289,78.025104,0.77,3.27,12.66,2741,P1
UKD-003958,Landslide,Infrastructure Damage,64,19,2,4,5,13,0.56,9.64,Partially Blocked,Minor,1,0,0,0,None,0,29.398222,80.058089,11.11,20.0,18.31,525,P2
UKD-001476,Landslide,Infrastructure Damage,15,5,0,1,1,6,0.34,6.2,Partially Blocked,Moderate,0,1,0,0,None,0,30.646039,78.381497,6.27,7.92,15.74,243,P1
UKD-005219,Landslide,Injured Person,46,12,5,5,11,9,0.71,8.87,Partially Blocked,Minor,1,1,0,1,Low,1,30.38688,78.15764,7.35,2.35,2.77,1164,P3
UKD-000036,Landslide,Infrastructure Damage,73,27,2,0,12,3,0.77,13.86,Partially Blocked,Moderate,1,1,1,1,Critical,1,29.579984,80.261944,9.99,5.82,17.35,316,P1
UKD-004865,Earthquake,Damaged House,8,0,2,0,1,0,0.04,0.84,Open,Severe,1,1,1,1,Low,0,30.337826,78.097937,8.61,1.51,0.59,580,P3
UKD-002346,Landslide,Missing Person,8,4,1,2,2,1,0.43,8.38,Blocked,Severe,0,1,1,1,Low,0,30.187759,78.747408,7.39,14.39,23.15,1002,P2
UKD-000445,Landslide,Damaged House,135,36,5,1,9,11,0.64,10.57,Partially Blocked,Severe,0,0,0,1,Moderate,1,28.906169,79.422939,1.24,3.67,4.02,2981,P1
UKD-005357,Flood,Waterlogging,48,7,6,4,15,6,1.96,47.29,Partially Blocked,Severe,1,1,0,1,Critical,1,30.188477,78.957059,10.39,7.2,2.24,170,P3
UKD-003313,Flood,Missing Person,114,13,2,8,14,7,2.85,42.8,Open,Minor,1,1,1,1,Moderate,1,30.371201,79.253006,22.04,6.39,8.63,250,P2
UKD-002360,Flood,Evacuation Request,25,6,0,4,5,4,2.31,32.49,Partially Blocked,Minor,1,1,0,0,None,0,29.92778,78.18439,3.88,3.43,3.57,5173,P2
UKD-003007,Flood,Flooded Road,185,27,4,2,8,7,4.56,100.0,Partially Blocked,None,0,1,0,1,Low,0,29.321425,79.469505,7.09,11.35,5.2,315,P2
UKD-003655,Flood,Flooded Road,200,27,7,4,7,9,4.27,84.4,Blocked,Moderate,0,0,0,1,Critical,1,30.175434,78.830402,10.76,8.18,3.79,801,P2
UKD-002207,Landslide,Infrastructure Damage,149,35,3,0,3,10,0.56,18.36,Partially Blocked,Moderate,1,1,1,0,None,0,29.883782,78.164221,2.02,1.5,5.22,1820,P2
UKD-004328,Earthquake,Trapped People,87,25,3,0,9,7,0.09,1.07,Open,Severe,1,0,1,0,None,0,30.122209,78.74476,2.83,3.22,3.47,594,P3
UKD-005133,Flood,Damaged House,5,1,0,1,2,0,1.02,27.0,Open,Minor,1,1,1,0,None,0,30.265817,77.974324,6.32,2.9,6.05,1002,P3
UKD-003658,Cloudburst,Evacuation Request,27,4,2,3,9,1,0.93,16.86,Open,Moderate,1,1,0,1,Low,0,29.654383,79.552023,11.59,4.46,7.99,892,P2
UKD-003180,Cloudburst,Infrastructure Damage,45,24,0,1,4,3,1.75,25.36,Blocked,Moderate,0,1,1,0,None,0,30.682127,78.585565,2.76,18.3,3.88,82,P2
UKD-003423,Landslide,Damaged House,93,37,1,2,10,8,0.73,11.83,Open,Moderate,0,0,0,1,Low,0,29.608573,79.873557,8.09,1.29,22.22,679,P2
UKD-001287,Flood,Flooded Road,200,32,9,1,14,6,4.47,74.76,Blocked,Severe,0,0,1,1,Critical,1,29.397547,79.435742,8.81,5.24,4.53,693,P1
UKD-004446,Flood,Waterlogging,7,2,0,0,2,1,2.41,61.73,Blocked,Minor,1,0,1,1,Low,0,30.218853,78.116403,2.01,3.41,11.22,6171,P3
UKD-000350,Earthquake,Missing Person,67,30,5,13,12,8,0.19,3.97,Partially Blocked,Moderate,0,1,1,1,Moderate,1,30.438921,79.242993,2.9,6.33,11.57,462,P1
UKD-003417,Cloudburst,Waterlogging,56,6,2,2,12,6,3.24,70.9,Partially Blocked,Minor,1,1,1,1,Low,1,30.348868,78.017847,3.52,1.01,1.12,1593,P2
UKD-002138,Flood,Trapped People,35,17,1,4,5,0,3.16,44.36,Open,None,1,0,0,1,Low,0,30.16302,78.75899,3.67,12.46,11.91,1104,P2
UKD-002692,Landslide,Infrastructure Damage,47,12,1,0,8,5,0.38,6.37,Blocked,Minor,1,1,0,0,None,0,30.264848,78.341754,30.0,1.83,13.41,62,P2
UKD-002637,Flood,Damaged House,62,31,4,4,12,6,2.82,59.66,Partially Blocked,Severe,0,1,1,1,Low,0,30.42456,78.451005,12.1,2.15,17.21,304,P2
UKD-004017,Earthquake,Evacuation Request,10,2,0,2,2,1,0.04,1.3,Partially Blocked,None,0,1,0,0,None,0,29.986648,78.257907,8.82,2.72,0.78,4912,P3
UKD-001682,Cloudburst,Evacuation Request,157,56,5,3,11,7,2.64,59.83,Partially Blocked,Severe,0,0,0,1,Moderate,0,28.911406,79.548929,7.1,2.05,4.52,692,P1
UKD-005433,Flood,Damaged House,21,5,4,2,11,1,2.07,37.01,Open,Severe,1,0,1,1,Low,0,30.450866,78.543539,3.21,5.15,2.85,179,P3
UKD-001693,Flood,Missing Person,102,70,0,9,8,9,3.78,66.85,Blocked,Moderate,0,1,1,1,Moderate,1,28.966407,79.548731,6.4,0.52,5.55,2607,P1
UKD-004425,Flood,Infrastructure Damage,41,11,1,0,11,7,1.88,32.65,Blocked,None,1,1,1,1,Low,0,30.717078,78.406591,21.0,5.97,12.67,301,P3
UKD-004777,Earthquake,Damaged House,13,1,1,1,2,0,0.03,0.74,Open,Severe,1,1,1,1,Low,0,29.071643,79.490452,3.34,4.6,4.58,2705,P3
UKD-003636,Flood,Flooded Road,94,10,0,0,14,5,3.13,53.11,Partially Blocked,Moderate,1,1,1,1,Critical,1,29.456786,79.581428,12.04,3.93,5.31,1061,P2
UKD-000373,Earthquake,Missing Person,42,8,0,7,8,3,0.16,2.37,Open,Moderate,1,1,1,1,Low,0,30.506097,79.402226,30.0,4.79,8.34,393,P1
UKD-004605,Flood,Waterlogging,1,0,0,0,0,0,1.08,31.5,Partially Blocked,Minor,0,1,0,0,None,0,28.975456,79.567003,4.96,5.95,4.84,2725,P3
UKD-000141,Landslide,Trapped People,41,34,5,1,8,3,0.97,19.69,Blocked,Severe,0,0,1,1,Critical,1,29.623231,79.703175,7.43,9.97,5.53,1697,P1
UKD-005591,Flood,Missing Person,51,9,1,6,11,7,1.69,28.48,Open,Minor,1,0,1,1,Moderate,0,30.337292,78.010498,1.52,3.38,3.4,2246,P3
UKD-000715,Cloudburst,Injured Person,7,1,2,1,1,1,1.88,38.19,Open,Moderate,0,0,0,0,None,0,30.585095,78.340026,5.36,4.95,7.4,479,P1
UKD-003189,Earthquake,Damaged House,15,4,0,0,2,1,0.04,0.94,Open,Moderate,0,1,1,1,Moderate,1,30.361695,78.040842,3.02,3.73,4.01,3085,P2
UKD-005400,Cloudburst,Flooded Road,18,1,0,1,4,1,2.32,40.35,Open,Minor,1,0,1,0,None,0,30.333484,78.06004,4.66,2.96,1.77,4241,P3
UKD-004190,Landslide,Infrastructure Damage,17,1,0,0,3,1,0.25,4.01,Partially Blocked,None,1,1,1,0,None,0,30.534438,78.60911,14.66,10.48,5.59,258,P3
UKD-000407,Cloudburst,Damaged House,88,37,9,3,10,7,2.33,65.6,Open,Severe,0,1,1,1,Low,0,30.577649,78.375818,11.71,6.54,14.67,427,P1
UKD-000021,Earthquake,Infrastructure Damage,171,73,2,2,5,9,0.15,3.19,Blocked,Moderate,0,0,1,1,Low,1,30.442329,78.094795,1.66,0.46,4.51,1813,P1
UKD-001005,Flood,Trapped People,111,62,0,1,10,7,3.6,80.58,Open,Moderate,0,0,1,1,Moderate,1,29.915463,78.082479,5.72,0.54,3.24,1745,P1
UKD-002412,Earthquake,Injured Person,9,1,1,1,1,1,0.09,1.73,Open,Minor,1,1,1,1,Low,0,30.133196,78.792085,9.0,11.93,6.83,447,P2
UKD-002546,Landslide,Infrastructure Damage,10,4,0,0,3,1,0.29,4.67,Blocked,None,1,1,1,0,None,0,30.265834,78.454209,10.23,8.22,20.24,108,P2
UKD-002391,Landslide,Damaged House,9,4,0,1,2,1,0.32,5.38,Partially Blocked,None,0,0,1,0,None,0,30.280857,78.038375,2.49,1.87,9.22,3406,P2
UKD-004819,Cloudburst,Evacuation Request,67,22,0,0,10,8,1.12,29.82,Blocked,Minor,1,0,1,1,Moderate,0,29.596975,79.62146,20.79,5.08,15.69,307,P3
UKD-000043,Landslide,Damaged House,132,29,4,1,19,8,0.55,15.34,Partially Blocked,None,1,0,1,1,Moderate,1,30.343808,79.484246,15.21,6.76,5.76,312,P1
UKD-002831,Landslide,Damaged House,18,0,0,0,3,2,0.31,8.62,Open,Moderate,1,1,1,0,None,0,30.463694,77.965511,2.74,0.58,1.16,549,P2
UKD-003372,Cloudburst,Injured Person,14,0,4,0,2,1,1.27,21.95,Open,Minor,1,0,1,1,Moderate,1,28.882321,79.511896,4.7,2.07,0.5,1632,P2
UKD-003023,Cloudburst,Trapped People,66,44,1,3,6,4,2.1,27.61,Blocked,Moderate,1,1,0,1,Moderate,1,29.782781,79.849287,6.62,20.0,12.75,667,P2
UKD-003365,Flood,Damaged House,26,10,4,3,3,1,3.15,57.43,Partially Blocked,Moderate,1,1,0,1,Moderate,1,30.345158,77.983513,4.15,1.0,3.3,891,P2
UKD-000012,Earthquake,Missing Person,152,68,5,6,5,4,0.16,2.99,Blocked,Severe,0,0,0,1,Moderate,1,30.489596,78.4077,4.34,4.08,11.12,155,P1
UKD-001178,Flood,Flooded Road,200,29,2,2,7,7,5.0,100.0,Blocked,Minor,0,1,1,1,Moderate,1,29.057936,79.400564,5.52,0.53,3.26,3402,P1
UKD-001948,Cloudburst,Missing Person,85,57,7,7,10,7,2.9,74.56,Blocked,Severe,0,0,0,1,Critical,1,28.923798,79.473713,2.97,6.98,7.28,5986,P1
UKD-002502,Landslide,Trapped People,16,5,4,0,3,4,0.27,4.09,Open,Severe,1,0,1,1,Moderate,1,29.400768,79.518351,9.09,6.24,11.6,735,P2
UKD-002864,Landslide,Trapped People,61,32,1,3,9,5,0.4,10.61,Blocked,Moderate,1,1,0,0,None,0,30.13971,78.874098,16.09,4.67,10.0,138,P2
UKD-003866,Flood,Flooded Road,7,1,0,1,3,1,3.46,65.3,Blocked,Moderate,0,1,1,0,None,0,29.06572,79.448441,2.35,6.7,2.92,946,P2
UKD-001027,Landslide,Injured Person,32,18,4,2,7,4,0.6,7.52,Blocked,Minor,0,1,1,1,Low,0,30.784972,78.25298,13.48,3.11,13.11,404,P1
UKD-003849,Landslide,Evacuation Request,71,33,3,1,9,5,0.57,10.19,Blocked,Moderate,0,1,1,1,Critical,1,30.281886,78.777857,6.48,11.56,14.26,355,P2
UKD-002990,Landslide,Infrastructure Damage,4,3,0,0,1,1,0.23,5.68,Partially Blocked,Minor,0,1,1,0,None,0,30.262109,78.97135,8.19,6.4,8.25,751,P2
UKD-000962,Flood,Trapped People,49,37,4,0,8,4,3.13,64.33,Partially Blocked,Moderate,0,1,0,1,Critical,1,30.459615,78.327956,15.59,0.53,30.0,379,P1
UKD-002890,Landslide,Evacuation Request,18,8,1,1,4,2,0.44,11.96,Blocked,Moderate,0,0,1,1,Moderate,1,30.405398,79.236408,21.71,6.38,24.3,264,P2
UKD-003016,Earthquake,Trapped People,26,14,3,0,9,2,0.06,1.65,Open,Minor,0,0,1,1,Moderate,1,30.661763,78.328594,14.72,5.17,16.88,769,P2
UKD-003339,Flood,Waterlogging,11,0,1,0,1,2,4.37,60.91,Blocked,Moderate,1,1,0,1,Moderate,0,30.372978,77.961303,4.8,1.26,4.88,1622,P2
UKD-004231,Flood,Evacuation Request,28,6,1,1,6,5,1.03,21.42,Open,Minor,0,1,1,1,Low,0,30.503182,79.242968,14.55,20.0,16.17,297,P3
UKD-000736,Earthquake,Damaged House,48,21,7,3,4,9,0.19,3.75,Partially Blocked,Severe,1,1,0,1,Critical,1,28.881604,79.622191,7.82,1.05,3.55,761,P1
UKD-001441,Earthquake,Injured Person,61,27,11,3,7,14,0.14,3.05,Open,Severe,0,0,1,1,Critical,1,30.218247,78.003283,7.79,1.67,5.42,682,P1
UKD-002876,Cloudburst,Evacuation Request,88,35,2,1,13,7,2.37,51.91,Partially Blocked,Minor,0,0,1,1,Low,0,30.370083,78.001948,0.89,2.79,1.03,1425,P2
UKD-003987,Landslide,Evacuation Request,163,41,3,1,7,1,0.53,15.51,Blocked,Minor,1,0,1,1,Low,0,29.49882,79.618721,7.13,1.24,5.58,504,P2
UKD-000917,Landslide,Missing Person,94,47,1,10,4,7,0.54,10.79,Blocked,None,0,1,0,1,Moderate,1,29.651525,79.731832,10.64,2.4,8.69,425,P1
UKD-005003,Flood,Evacuation Request,53,7,3,0,7,5,1.09,29.72,Partially Blocked,None,1,1,1,0,None,0,30.326104,79.428698,7.35,20.0,7.67,281,P3
UKD-004090,Flood,Evacuation Request,44,5,1,3,11,3,1.14,29.31,Open,None,1,1,1,1,Low,0,30.255141,78.028154,2.29,3.73,2.78,1645,P3
UKD-005542,Flood,Flooded Road,3,0,0,0,2,0,0.7,19.93,Open,None,1,1,1,1,Moderate,1,29.612102,79.654142,5.56,10.12,8.68,618,P3
UKD-004686,Landslide,Injured Person,9,1,2,0,1,2,0.51,8.27,Partially Blocked,None,1,1,1,1,Low,0,28.926791,79.509075,5.06,2.93,2.78,739,P3
UKD-002773,Landslide,Damaged House,15,5,1,2,6,1,0.42,9.92,Partially Blocked,Minor,0,1,0,1,Low,0,30.367294,79.071799,10.65,13.29,4.41,153,P2
UKD-001625,Cloudburst,Flooded Road,180,28,6,3,14,8,3.72,84.19,Blocked,None,0,1,0,1,Moderate,0,30.780674,78.372465,8.05,11.58,27.27,281,P1
UKD-005670,Earthquake,Missing Person,4,0,0,1,1,1,0.03,0.67,Open,None,1,1,1,0,None,0,30.325704,77.936309,9.54,0.2,2.51,1222,P3
UKD-000822,Flood,Waterlogging,21,5,2,1,4,1,3.45,53.21,Partially Blocked,Minor,0,0,1,1,Moderate,0,29.351727,79.315645,13.65,13.18,4.29,311,P1
UKD-001368,Landslide,Infrastructure Damage,38,24,3,2,9,6,0.73,15.17,Blocked,Minor,0,1,0,1,Moderate,1,30.802301,78.213316,9.08,8.91,10.31,61,P1
UKD-003713,Landslide,Missing Person,2,2,0,1,1,0,0.33,6.95,Blocked,Moderate,1,1,1,0,None,0,29.504999,79.678831,10.82,14.11,2.09,731,P2
UKD-005999,Cloudburst,Damaged House,21,1,1,1,1,4,1.57,25.68,Partially Blocked,Severe,1,1,0,1,Low,0,30.405451,78.058931,8.44,2.75,4.57,2554,P3
UKD-000851,Flood,Missing Person,73,32,3,8,4,4,3.16,52.8,Blocked,Moderate,1,0,1,0,None,0,30.080124,78.747742,9.14,3.43,16.93,702,P1
UKD-001001,Earthquake,Evacuation Request,37,27,4,2,13,2,0.13,3.01,Blocked,Severe,0,0,1,1,Critical,1,29.301526,79.469428,4.33,14.33,5.33,624,P1
UKD-004653,Flood,Flooded Road,21,6,2,0,2,1,2.47,61.58,Partially Blocked,Minor,0,0,1,1,Moderate,0,28.946808,79.475311,12.23,4.71,0.56,5487,P3
UKD-004115,Earthquake,Injured Person,24,7,4,0,3,1,0.05,1.65,Open,None,0,0,1,1,Low,1,29.936565,78.089919,12.81,0.58,2.28,9965,P3
UKD-001638,Cloudburst,Trapped People,17,13,0,2,2,1,1.16,33.04,Partially Blocked,Moderate,1,0,1,0,None,0,30.409424,78.357307,19.84,17.94,8.51,251,P1
UKD-001668,Cloudburst,Flooded Road,67,11,3,2,4,5,3.0,76.89,Open,Moderate,1,1,1,0,None,0,30.493868,79.486554,12.52,6.67,6.0,335,P1
UKD-003174,Cloudburst,Injured Person,2,0,1,0,0,0,0.34,9.28,Partially Blocked,None,1,1,1,0,None,0,30.26309,78.064507,7.53,0.99,1.14,1355,P2
UKD-004561,Landslide,Trapped People,31,16,0,0,11,2,0.16,5.14,Blocked,None,1,1,1,0,None,0,30.256698,78.071991,2.74,2.03,10.49,1487,P3
UKD-001348,Flood,Damaged House,21,2,0,0,5,1,1.51,31.99,Open,Moderate,1,0,1,0,None,0,28.942179,79.533806,4.51,3.45,3.27,5748,P1
UKD-005721,Flood,Flooded Road,24,2,1,0,3,3,1.24,39.42,Open,Minor,0,1,1,1,Moderate,1,29.351311,79.434654,6.57,2.02,0.5,600,P3
UKD-003231,Flood,Evacuation Request,18,5,1,0,3,0,0.98,19.97,Blocked,None,1,1,1,1,Low,0,29.879887,78.273557,3.51,2.72,3.01,2360,P2
UKD-004211,Flood,Trapped People,61,20,1,0,8,7,1.8,30.91,Open,Minor,1,0,1,1,Low,1,29.700589,80.181984,7.35,6.33,15.97,245,P3
UKD-004607,Earthquake,Evacuation Request,123,36,3,0,10,0,0.06,1.44,Open,Minor,0,0,1,1,Low,0,29.934858,78.030642,2.79,2.75,3.28,1451,P3
UKD-003233,Cloudburst,Trapped People,23,17,2,4,6,3,1.9,46.4,Partially Blocked,Severe,0,0,1,1,Moderate,1,30.165248,78.011234,3.96,4.74,2.84,1733,P2
UKD-004902,Cloudburst,Flooded Road,70,12,0,0,11,7,1.46,28.95,Blocked,Minor,0,1,1,0,None,0,28.965781,79.532966,7.11,2.03,4.09,1824,P3
UKD-000704,Flood,Trapped People,154,59,2,3,11,1,2.8,52.95,Blocked,Minor,1,0,1,1,Moderate,1,28.94716,79.55436,5.95,3.83,13.49,3812,P1
UKD-004782,Landslide,Evacuation Request,79,36,2,0,7,3,0.39,7.14,Partially Blocked,Minor,0,0,1,1,Low,0,29.48374,79.402606,10.55,5.5,3.8,421,P3
UKD-003292,Landslide,Trapped People,24,8,1,0,9,3,0.36,7.89,Open,Minor,1,1,1,1,Low,0,30.16635,78.648073,2.27,0.5,9.02,783,P2
UKD-003674,Landslide,Infrastructure Damage,74,12,4,1,14,6,0.63,10.61,Partially Blocked,Severe,1,1,1,1,Moderate,0,30.24005,78.143753,1.21,8.93,2.35,1229,P2
UKD-002409,Flood,Trapped People,57,30,3,0,7,1,3.19,82.53,Partially Blocked,Severe,1,1,1,1,Moderate,1,29.269509,79.461681,6.93,8.19,3.35,497,P2
UKD-001328,Landslide,Trapped People,63,54,3,3,9,6,0.83,16.66,Blocked,None,0,1,1,1,Moderate,1,30.230716,78.062154,2.54,2.52,4.56,679,P1
UKD-005587,Landslide,Infrastructure Damage,38,16,1,1,10,3,0.4,8.92,Blocked,Minor,0,0,1,1,Low,0,30.309486,78.143819,7.59,6.77,1.73,987,P3
UKD-005697,Cloudburst,Waterlogging,5,2,0,0,0,1,1.36,35.44,Open,Minor,1,0,1,0,None,0,29.32101,79.259318,3.46,9.34,11.4,1798,P3
UKD-005009,Landslide,Injured Person,4,0,1,0,0,2,0.19,3.07,Partially Blocked,Minor,1,1,1,0,None,0,30.426832,78.606002,10.65,5.91,7.54,1104,P3
UKD-000987,Cloudburst,Trapped People,93,75,2,2,3,7,3.0,74.72,Partially Blocked,Severe,0,0,0,1,Critical,1,30.408933,79.282659,11.0,0.96,22.18,50,P1
UKD-005441,Flood,Evacuation Request,14,1,1,0,4,0,1.48,32.74,Open,None,1,1,1,0,None,0,30.196086,78.774678,8.16,4.54,5.5,1645,P3
UKD-005157,Flood,Flooded Road,20,1,0,1,4,0,2.9,53.25,Partially Blocked,Minor,1,1,1,0,None,0,29.977918,78.114893,6.0,5.61,5.15,2444,P3
UKD-005308,Landslide,Damaged House,9,0,1,0,0,1,0.09,1.97,Open,None,1,0,1,1,Moderate,1,29.584314,79.652379,7.16,3.45,3.49,2487,P3
UKD-004050,Flood,Damaged House,31,4,4,2,11,5,2.16,29.96,Open,Severe,1,0,1,1,Moderate,1,30.028664,78.112095,4.27,4.19,3.16,3431,P3
UKD-003486,Cloudburst,Flooded Road,67,8,2,0,10,3,1.59,40.52,Blocked,Minor,1,1,1,0,None,0,30.545177,78.727685,5.07,9.93,5.06,168,P2
UKD-002475,Cloudburst,Missing Person,47,27,0,8,18,6,1.29,33.07,Blocked,Moderate,0,1,1,0,None,0,29.270559,79.553623,2.67,1.81,3.9,1506,P2
UKD-003874,Landslide,Trapped People,44,29,3,2,8,9,0.52,13.23,Blocked,Moderate,1,1,0,1,Critical,1,29.879786,78.216176,1.87,0.96,7.57,1293,P2
UKD-001199,Flood,Trapped People,152,88,2,2,9,5,2.75,57.78,Blocked,Moderate,0,0,1,1,Moderate,0,29.926619,78.076148,7.97,1.57,5.39,1014,P1
UKD-004182,Landslide,Damaged House,27,11,5,0,6,3,0.5,12.56,Partially Blocked,Severe,0,0,1,1,Moderate,1,29.610662,80.345217,13.68,7.69,9.39,148,P3
UKD-001519,Earthquake,Missing Person,149,25,5,6,6,2,0.12,2.81,Open,Severe,1,0,1,1,Critical,1,30.012735,78.091654,15.31,2.18,3.64,1593,P1
UKD-001800,Flood,Waterlogging,41,7,2,2,7,4,3.51,100.0,Partially Blocked,Moderate,0,0,1,1,Low,1,29.389618,79.43393,3.76,2.74,10.89,587,P1
UKD-001015,Flood,Flooded Road,47,10,3,2,15,4,3.73,100.0,Blocked,Minor,0,0,1,1,Moderate,1,30.046243,78.154542,4.84,2.16,0.5,4850,P1
UKD-000129,Cloudburst,Trapped People,63,51,3,2,7,11,3.63,75.03,Blocked,Moderate,0,0,1,1,Moderate,1,29.343134,79.484194,14.34,12.41,18.14,757,P1
UKD-001365,Earthquake,Infrastructure Damage,52,16,6,1,5,10,0.12,3.09,Partially Blocked,Severe,1,0,1,1,Critical,1,29.945906,78.224047,6.9,2.56,4.5,6649,P1
UKD-005508,Flood,Waterlogging,3,0,0,0,1,0,0.7,21.61,Open,None,1,1,1,0,None,0,29.655522,79.75427,10.1,16.22,3.43,643,P3
UKD-000892,Earthquake,Injured Person,51,25,5,0,14,8,0.11,2.05,Blocked,Minor,0,1,1,1,Low,0,30.317392,77.994478,11.87,4.55,9.22,469,P1
UKD-002794,Earthquake,Evacuation Request,17,3,0,2,8,0,0.05,0.67,Open,Minor,0,0,1,0,None,0,29.509551,80.171828,12.34,4.7,12.52,130,P2
UKD-005034,Cloudburst,Trapped People,32,16,1,1,4,3,1.45,23.1,Open,Minor,0,1,1,0,None,0,30.258661,77.977916,5.26,4.93,2.68,1481,P3
UKD-005716,Landslide,Trapped People,25,10,3,0,2,5,0.37,6.54,Partially Blocked,Minor,1,1,1,1,Low,0,29.508526,79.366846,12.03,6.36,6.7,774,P3
UKD-005142,Landslide,Trapped People,153,66,4,1,9,6,0.85,14.06,Partially Blocked,Moderate,0,1,1,1,Critical,1,30.424288,78.029537,11.38,3.41,2.87,609,P3
UKD-003250,Landslide,Infrastructure Damage,39,19,1,1,4,4,0.49,10.02,Blocked,Moderate,0,0,1,1,Low,0,30.357394,77.959605,4.62,0.2,1.95,2772,P2
UKD-001209,Cloudburst,Trapped People,83,68,2,3,3,4,3.14,43.08,Blocked,Moderate,0,0,0,1,Critical,1,29.002254,79.449738,4.72,0.52,4.83,2998,P1
UKD-003869,Landslide,Evacuation Request,107,67,8,2,12,2,0.86,14.43,Blocked,Severe,0,0,0,1,Critical,1,30.429388,78.540802,15.79,6.32,8.96,169,P2
UKD-004066,Earthquake,Injured Person,5,1,2,0,0,1,0.02,0.47,Partially Blocked,Minor,1,1,1,0,None,0,28.914872,79.489908,4.06,1.36,4.53,2452,P3
UKD-005130,Landslide,Injured Person,8,3,1,0,3,0,0.3,5.85,Open,Minor,0,1,1,1,Moderate,0,30.316882,77.907275,3.84,0.96,0.54,1198,P3
UKD-001240,Landslide,Evacuation Request,173,45,1,3,18,3,0.69,14.7,Blocked,Severe,1,0,0,1,Critical,1,30.342127,78.549379,12.58,18.0,18.66,76,P1
UKD-002290,Cloudburst,Waterlogging,33,6,1,0,8,3,2.3,31.31,Partially Blocked,Minor,1,1,1,1,Moderate,0,30.130535,78.743623,18.87,0.85,8.03,104,P2
UKD-002741,Flood,Missing Person,27,5,1,4,5,1,1.16,27.6,Partially Blocked,Moderate,1,1,1,1,Low,0,30.350334,78.22889,1.2,4.16,0.58,1319,P2
UKD-000276,Earthquake,Damaged House,104,40,6,1,12,10,0.15,2.72,Partially Blocked,Severe,0,0,0,1,Critical,1,30.242634,78.228477,22.4,8.58,12.5,50,P1
UKD-001036,Earthquake,Injured Person,13,4,2,1,1,2,0.15,2.05,Blocked,Moderate,1,0,1,1,Moderate,1,29.979187,78.111082,11.1,6.44,2.21,477,P1
UKD-001230,Flood,Flooded Road,186,32,3,5,10,7,5.0,82.08,Blocked,Moderate,0,1,0,1,Low,1,30.312012,78.028915,2.09,2.22,2.38,2773,P1
UKD-001009,Flood,Trapped People,80,52,5,2,14,10,3.89,82.41,Partially Blocked,Moderate,0,1,1,1,Moderate,1,30.055506,78.792567,6.72,19.14,8.22,397,P1
UKD-003829,Cloudburst,Evacuation Request,35,18,0,2,11,4,1.7,38.89,Blocked,Minor,0,1,1,0,None,0,29.968697,78.203329,17.46,5.25,6.35,888,P2
UKD-002533,Flood,Evacuation Request,30,11,2,1,2,7,2.3,46.5,Open,Minor,0,1,1,1,Low,0,29.8595,78.104427,5.84,0.6,6.93,1618,P2
UKD-001059,Landslide,Infrastructure Damage,95,43,7,4,7,8,0.69,18.0,Partially Blocked,Severe,0,1,0,1,Moderate,1,29.623757,79.646378,10.97,9.83,4.33,1235,P1
UKD-005518,Flood,Flooded Road,7,0,0,0,0,1,0.95,32.73,Open,None,1,1,1,1,Low,0,30.069784,78.854885,22.62,12.82,6.34,1866,P3
UKD-000282,Landslide,Infrastructure Damage,46,7,4,3,10,5,0.39,12.77,Partially Blocked,Severe,1,0,0,1,Moderate,0,30.376136,78.015507,12.97,4.04,5.62,935,P1
UKD-001044,Earthquake,Evacuation Request,110,43,3,3,6,6,0.13,1.84,Partially Blocked,Moderate,0,1,0,1,Critical,1,28.868639,79.657325,5.61,1.27,2.8,1041,P1
UKD-001317,Flood,Flooded Road,56,17,1,2,5,6,3.34,78.83,Blocked,Severe,1,0,1,1,Low,0,29.834285,78.185039,8.0,4.02,3.04,1726,P1
UKD-000969,Flood,Waterlogging,9,2,0,1,3,0,1.69,26.38,Blocked,Minor,1,1,1,0,None,0,29.956757,78.121802,1.14,0.88,3.28,1437,P1
UKD-002382,Flood,Waterlogging,88,25,2,1,10,4,2.88,69.24,Partially Blocked,Moderate,0,0,0,1,Moderate,0,29.555051,80.098857,20.88,2.28,6.95,276,P2
UKD-004788,Cloudburst,Missing Person,11,3,0,5,1,1,0.99,21.11,Blocked,Minor,0,1,1,0,None,0,30.961286,78.389054,5.93,14.99,3.34,162,P3
UKD-001940,Cloudburst,Waterlogging,142,21,2,5,10,8,4.17,62.48,Partially Blocked,Moderate,0,1,1,1,Low,1,30.201992,78.078484,1.65,5.99,5.31,3227,P1
UKD-005202,Landslide,Infrastructure Damage,3,0,0,0,2,0,0.25,3.45,Partially Blocked,None,1,0,1,0,None,0,30.37022,77.981069,0.78,1.08,13.41,591,P3
UKD-001275,Earthquake,Trapped People,58,52,3,4,14,5,0.13,2.91,Blocked,Severe,0,0,1,1,Critical,1,30.424988,77.946063,2.49,2.35,8.97,2694,P1
UKD-000620,Flood,Injured Person,44,26,6,1,3,5,4.71,66.19,Blocked,Moderate,0,0,0,1,Moderate,1,30.472802,78.250818,6.87,13.4,14.09,209,P1
UKD-004355,Flood,Flooded Road,27,3,0,0,7,4,2.0,34.09,Partially Blocked,None,1,1,1,0,None,0,29.945821,78.231639,1.63,3.67,7.15,3039,P3
UKD-001743,Cloudburst,Damaged House,130,64,3,5,4,10,3.8,69.44,Blocked,Severe,0,1,0,1,Moderate,1,30.082187,78.782248,3.57,3.33,1.11,2274,P1
UKD-001391,Flood,Waterlogging,70,16,5,2,16,6,3.06,75.16,Blocked,Minor,1,0,1,1,Moderate,0,29.945127,78.297931,6.5,2.91,2.09,1704,P1
UKD-004881,Cloudburst,Trapped People,2,1,0,0,2,0,0.7,13.58,Open,None,1,1,1,0,None,0,29.949627,78.213556,0.6,5.15,1.2,1899,P3
UKD-001580,Earthquake,Evacuation Request,55,19,5,1,3,5,0.13,2.17,Partially Blocked,Severe,1,0,1,1,Critical,1,30.046093,78.82685,1.56,5.96,6.69,1377,P1
UKD-001656,Flood,Missing Person,108,63,2,11,17,5,2.49,79.68,Blocked,Minor,0,0,1,1,Moderate,0,30.349803,78.066595,8.74,5.87,1.57,2807,P1
UKD-003569,Flood,Flooded Road,101,22,1,0,20,6,2.18,54.87,Partially Blocked,Moderate,0,0,1,0,None,0,30.363337,78.092747,3.36,5.12,4.15,682,P2
UKD-002353,Flood,Trapped People,80,42,1,2,9,3,2.36,59.74,Partially Blocked,None,1,1,1,1,Low,0,28.900789,79.491189,12.38,3.19,3.79,978,P2
UKD-002213,Cloudburst,Trapped People,71,47,0,5,11,5,3.31,59.91,Blocked,Minor,1,0,0,1,Critical,1,28.999455,79.555535,4.75,2.27,7.59,1052,P2
UKD-005964,Flood,Trapped People,13,8,1,3,2,0,3.23,47.05,Partially Blocked,Severe,1,1,1,1,Critical,1,30.290064,78.033043,4.62,0.25,3.53,4701,P3
UKD-003179,Landslide,Damaged House,43,7,1,3,8,4,0.39,10.5,Open,Moderate,1,1,0,0,None,0,30.35054,77.935518,5.69,0.73,2.51,4144,P2
UKD-003193,Earthquake,Damaged House,91,27,8,0,14,6,0.09,1.72,Open,Severe,1,1,0,1,Critical,1,29.562545,79.356793,12.17,7.05,3.77,143,P2
UKD-001308,Earthquake,Trapped People,16,5,1,2,2,1,0.07,2.06,Open,Minor,1,1,0,1,Moderate,0,30.272726,78.032047,1.87,3.12,3.13,1362,P1
UKD-000576,Flood,Flooded Road,37,9,5,3,5,1,3.02,73.7,Blocked,Moderate,0,1,1,0,None,0,30.34749,77.96332,4.33,1.5,1.98,637,P1
UKD-002361,Flood,Flooded Road,66,10,0,0,12,1,3.27,64.06,Blocked,Moderate,0,0,1,1,Moderate,1,29.917038,78.312662,2.55,5.09,1.83,2232,P2
UKD-001281,Earthquake,Damaged House,16,7,1,1,5,2,0.09,2.41,Partially Blocked,Minor,0,1,0,1,Moderate,0,28.956542,79.481421,4.48,4.88,1.29,2014,P1
UKD-004878,Landslide,Injured Person,47,9,5,3,8,9,0.38,8.53,Partially Blocked,Minor,1,1,1,1,Moderate,1,30.114612,78.825575,3.99,3.02,23.41,665,P3
UKD-004962,Flood,Flooded Road,87,22,1,2,15,4,3.67,54.27,Partially Blocked,Minor,0,1,1,1,Moderate,1,28.971407,79.45854,3.93,3.51,9.28,1159,P3
UKD-001994,Flood,Waterlogging,10,0,1,2,1,2,2.21,38.0,Partially Blocked,Moderate,1,1,1,1,Moderate,0,28.827219,79.457848,3.7,1.73,0.61,1043,P1
UKD-002640,Landslide,Infrastructure Damage,56,14,2,0,5,12,0.73,13.92,Open,None,0,1,1,1,Low,1,30.404082,79.499046,4.97,1.24,12.6,393,P2
UKD-000270,Landslide,Trapped People,96,71,4,3,5,9,0.76,15.01,Blocked,Minor,1,1,1,1,Moderate,1,29.421545,79.457351,9.5,7.69,11.54,306,P1
UKD-000630,Flood,Flooded Road,107,14,3,0,16,6,3.37,50.01,Partially Blocked,Moderate,1,1,1,1,Low,0,30.329136,78.874072,26.95,13.5,7.39,197,P1
UKD-004445,Flood,Waterlogging,1,0,0,0,0,0,1.3,28.13,Open,Minor,1,1,1,0,None,0,29.984701,78.6828,6.23,4.05,3.96,327,P3
UKD-003082,Cloudburst,Waterlogging,41,12,1,3,12,1,2.22,59.16,Blocked,Minor,1,0,0,1,Moderate,0,30.458724,78.052012,7.89,3.32,2.11,1273,P2
UKD-003467,Flood,Evacuation Request,43,21,1,4,10,3,3.23,62.4,Partially Blocked,Moderate,0,0,0,1,Low,0,29.976542,79.626343,25.22,6.09,12.39,50,P2
UKD-005234,Cloudburst,Evacuation Request,55,12,0,3,14,8,2.08,49.54,Open,Moderate,1,0,0,0,None,0,29.952236,78.132622,8.74,7.85,2.48,667,P3
UKD-004024,Cloudburst,Flooded Road,45,11,0,0,12,3,1.9,27.5,Blocked,Minor,0,1,1,0,None,0,30.381937,77.901642,5.29,1.14,4.55,1978,P3
UKD-002047,Landslide,Infrastructure Damage,29,16,2,2,5,5,0.38,7.84,Blocked,Minor,0,0,0,1,Moderate,1,30.254193,78.98529,3.71,13.58,30.0,200,P2
UKD-004711,Landslide,Trapped People,32,12,2,2,6,3,0.33,8.62,Partially Blocked,Minor,1,1,1,1,Low,0,30.317073,78.036596,2.61,0.39,3.07,641,P3
UKD-002114,Flood,Trapped People,60,42,1,1,9,6,2.7,68.18,Partially Blocked,Minor,0,0,1,1,Low,0,30.305457,78.049091,2.17,6.01,3.87,1857,P2
UKD-000028,Flood,Flooded Road,79,8,7,1,9,7,4.48,65.42,Partially Blocked,Severe,1,0,1,1,Critical,1,30.578015,79.322217,28.36,14.5,21.72,194,P1
UKD-002041,Flood,Trapped People,137,71,2,3,6,0,2.91,63.91,Blocked,Minor,0,0,1,1,Moderate,0,29.943763,78.178616,5.01,5.7,3.68,2095,P2
UKD-003929,Cloudburst,Injured Person,19,13,7,0,2,2,1.32,32.36,Blocked,Minor,0,1,1,1,Critical,1,29.524417,79.734794,14.21,7.07,5.77,210,P2
UKD-005422,Cloudburst,Flooded Road,81,11,2,0,16,9,2.48,59.44,Partially Blocked,Moderate,1,0,1,1,Low,0,30.370428,78.47315,9.22,7.67,15.37,347,P3
UKD-003217,Cloudburst,Damaged House,5,0,0,1,2,0,0.87,11.19,Partially Blocked,Minor,1,1,1,1,Moderate,0,29.373345,79.480771,25.1,5.84,20.72,625,P2
UKD-003815,Flood,Flooded Road,18,2,1,1,3,4,2.05,51.34,Blocked,Moderate,1,0,1,1,Low,1,30.119269,78.856008,0.93,6.89,6.15,619,P2
UKD-000130,Landslide,Injured Person,26,9,7,2,5,0,0.91,12.94,Partially Blocked,Moderate,1,1,1,1,Critical,1,29.589587,79.588999,1.05,3.07,5.3,830,P1
UKD-004448,Landslide,Damaged House,46,10,2,3,8,8,0.46,8.76,Partially Blocked,Moderate,1,1,0,1,Moderate,1,30.887788,78.350255,15.11,5.53,4.9,272,P3
UKD-005889,Landslide,Damaged House,23,6,3,1,9,4,0.27,5.74,Partially Blocked,Moderate,1,1,1,1,Low,1,30.332725,78.456977,3.61,20.0,7.18,798,P3
UKD-000014,Flood,Trapped People,93,36,3,4,4,4,4.23,90.95,Open,Severe,1,0,1,1,Low,1,30.141073,78.829856,3.49,3.97,5.82,813,P1
UKD-005143,Earthquake,Trapped People,62,32,1,2,12,5,0.07,1.77,Partially Blocked,Moderate,0,0,1,1,Low,0,29.350765,79.39323,9.49,2.46,4.39,1160,P3
UKD-001526,Landslide,Trapped People,101,63,5,5,7,6,0.88,19.88,Blocked,Moderate,1,1,1,1,Low,0,29.326768,79.49327,10.79,3.35,7.22,1776,P1
UKD-002366,Landslide,Infrastructure Damage,13,4,1,0,2,2,0.48,6.09,Partially Blocked,Minor,0,0,1,0,None,0,29.333027,79.440588,11.32,4.42,6.25,742,P2
UKD-003053,Earthquake,Missing Person,76,37,7,4,15,6,0.13,2.05,Blocked,Severe,1,0,1,1,Critical,1,30.174169,78.815638,7.63,1.02,3.22,238,P2
UKD-004006,Cloudburst,Waterlogging,12,0,2,0,2,2,1.89,35.44,Open,None,1,0,1,1,Low,0,30.332091,79.455327,14.09,6.74,8.18,366,P3
UKD-002341,Cloudburst,Damaged House,14,2,0,1,4,2,1.51,33.09,Partially Blocked,Minor,1,1,1,0,None,0,30.334954,79.576969,13.92,20.0,13.52,288,P2
UKD-000375,Landslide,Missing Person,29,9,0,9,11,4,0.78,16.84,Partially Blocked,Moderate,1,0,1,0,None,0,30.270127,78.049388,0.55,8.81,4.94,3453,P1
UKD-004373,Flood,Waterlogging,5,0,0,0,1,0,0.78,26.74,Open,None,1,1,1,0,None,0,29.962587,78.063686,6.82,0.73,3.26,993,P3
UKD-005153,Landslide,Damaged House,14,2,0,1,4,1,0.19,3.86,Open,Minor,1,1,1,0,None,0,30.378525,79.12203,11.92,4.53,8.62,95,P3
UKD-000940,Cloudburst,Trapped People,39,17,3,1,7,7,2.12,36.92,Partially Blocked,None,1,1,1,1,Critical,1,30.189585,78.795082,5.88,4.41,11.8,250,P1
UKD-005745,Cloudburst,Infrastructure Damage,34,19,1,2,2,7,1.42,39.94,Blocked,Moderate,0,1,1,1,Moderate,0,29.049872,79.494162,8.2,1.69,13.85,1444,P3
UKD-002148,Cloudburst,Missing Person,145,29,1,10,18,2,2.53,45.52,Partially Blocked,Moderate,1,1,0,1,Moderate,0,30.240157,78.039294,6.78,2.64,0.62,685,P2
UKD-003592,Flood,Damaged House,18,5,1,1,1,4,1.05,14.33,Partially Blocked,Minor,0,1,1,1,Low,0,29.069346,79.421468,2.09,1.82,3.56,350,P2
UKD-005444,Earthquake,Infrastructure Damage,116,67,1,2,5,4,0.1,1.8,Blocked,Severe,0,1,1,1,Moderate,0,30.317811,78.559821,20.31,6.62,23.31,348,P3
UKD-005042,Flood,Infrastructure Damage,14,5,0,1,6,3,1.9,37.86,Blocked,None,1,1,0,1,Critical,1,29.93955,78.133229,6.26,1.33,7.31,1180,P3
UKD-003624,Landslide,Trapped People,64,50,3,2,14,8,0.81,12.87,Blocked,Severe,0,0,1,1,Moderate,1,30.33214,79.363832,24.67,3.57,10.43,151,P2
UKD-000530,Flood,Evacuation Request,38,16,2,2,11,2,2.58,66.62,Partially Blocked,Minor,0,0,0,1,Moderate,0,30.25242,79.079576,13.77,6.17,9.0,113,P1
UKD-003715,Cloudburst,Waterlogging,41,2,2,2,7,7,2.45,58.55,Partially Blocked,Moderate,1,1,1,0,None,0,30.975335,78.385473,14.05,9.29,6.28,500,P2
UKD-001270,Cloudburst,Trapped People,172,44,7,1,12,5,3.97,72.76,Open,Severe,1,0,0,1,Moderate,1,30.327068,78.091176,7.55,4.3,3.51,1751,P1
UKD-004282,Flood,Evacuation Request,26,1,0,0,4,3,1.04,25.84,Open,None,1,1,1,0,None,0,30.384972,77.963451,5.41,2.65,1.51,3057,P3
UKD-001395,Flood,Flooded Road,42,13,3,1,7,8,4.9,75.86,Partially Blocked,Minor,0,1,0,1,Moderate,1,29.004702,79.411524,1.78,2.5,1.7,1102,P1
UKD-004010,Flood,Evacuation Request,26,5,1,0,9,5,0.94,20.05,Partially Blocked,None,1,1,1,0,None,0,30.306061,77.996069,8.15,4.42,2.6,2579,P3
UKD-001798,Flood,Waterlogging,39,11,5,5,7,7,4.53,79.02,Blocked,Severe,0,0,0,1,Critical,1,29.78614,78.172797,0.8,1.71,9.73,3345,P1
UKD-002980,Flood,Missing Person,70,8,5,10,9,10,1.76,40.72,Open,Minor,1,1,1,1,Low,1,30.34439,78.055431,2.86,1.4,14.43,713,P2
UKD-001442,Landslide,Trapped People,112,58,2,4,14,2,0.63,14.39,Blocked,Severe,1,1,1,1,Low,1,29.346451,79.428288,15.73,14.76,4.44,1005,P1
UKD-005297,Flood,Waterlogging,3,0,0,0,1,1,0.82,18.25,Open,None,1,1,1,0,None,0,29.989881,78.214359,6.34,1.73,2.51,6636,P3
UKD-005850,Landslide,Damaged House,123,47,7,0,12,8,0.53,12.92,Partially Blocked,Severe,0,0,1,1,Critical,1,29.29485,79.377038,3.31,4.57,8.36,394,P3
UKD-003812,Cloudburst,Trapped People,43,25,1,3,6,1,1.38,35.7,Blocked,Minor,1,1,1,1,Critical,1,28.982598,79.562244,23.64,5.21,5.66,947,P2
UKD-001274,Landslide,Trapped People,50,44,5,3,10,7,0.73,13.88,Blocked,Moderate,0,0,0,1,Critical,1,28.838974,79.436305,6.33,5.84,3.14,1021,P1
UKD-001713,Flood,Trapped People,47,21,4,1,13,2,2.07,45.69,Partially Blocked,Minor,1,0,1,1,Critical,1,30.264009,79.074695,16.6,7.31,18.24,71,P1
UKD-000956,Earthquake,Trapped People,47,42,3,3,8,8,0.17,3.66,Blocked,Severe,0,1,0,1,Critical,1,28.975099,79.471679,3.01,14.49,3.52,1485,P1
UKD-004443,Cloudburst,Damaged House,30,4,1,0,3,4,1.36,22.94,Open,Minor,0,1,1,1,Low,1,30.418004,78.082936,3.39,1.06,5.07,860,P3
UKD-004795,Cloudburst,Evacuation Request,17,5,0,2,4,2,1.84,26.13,Partially Blocked,Minor,1,0,0,0,None,0,30.317684,78.922708,6.15,10.53,23.11,803,P3
UKD-005377,Earthquake,Trapped People,10,3,1,1,2,0,0.05,1.38,Partially Blocked,Moderate,0,1,1,1,Moderate,0,30.252969,78.03591,4.7,6.17,2.37,796,P3
UKD-000404,Landslide,Missing Person,105,48,6,11,12,4,0.46,13.97,Blocked,Severe,1,1,1,1,Low,0,30.961571,78.502499,7.94,6.02,28.33,313,P1
UKD-002072,Earthquake,Injured Person,28,3,7,0,2,1,0.12,2.79,Open,None,1,0,1,1,Moderate,1,30.408245,78.049871,2.63,3.17,2.61,1272,P2
UKD-005702,Cloudburst,Trapped People,28,15,0,1,8,3,1.2,37.48,Partially Blocked,None,0,0,1,0,None,0,29.709684,79.654531,23.82,3.67,30.0,452,P3
UKD-001978,Flood,Injured Person,51,28,8,1,10,7,4.32,66.51,Partially Blocked,Moderate,0,0,0,1,Critical,1,30.310514,77.978033,3.93,1.46,0.73,1518,P1
UKD-000159,Landslide,Missing Person,108,32,6,8,6,6,0.87,14.24,Partially Blocked,Severe,1,0,0,1,Critical,1,30.27194,78.03728,3.51,5.23,3.21,1320,P1
UKD-003889,Flood,Damaged House,12,4,1,0,5,3,1.32,24.27,Blocked,Minor,1,1,1,1,Low,0,30.386746,78.079608,8.26,1.65,2.4,1663,P2
UKD-000903,Landslide,Trapped People,57,44,4,2,10,5,0.45,10.54,Blocked,Severe,0,0,1,1,Moderate,1,30.453446,79.035657,11.05,9.3,7.74,376,P1
UKD-000353,Landslide,Injured Person,56,28,5,2,18,7,0.63,13.14,Blocked,Minor,1,1,0,1,Moderate,1,29.47875,79.4809,16.7,20.0,12.86,643,P1
UKD-004131,Flood,Evacuation Request,11,2,2,1,3,3,2.13,32.38,Partially Blocked,None,0,0,1,1,Low,0,29.933822,78.102429,7.74,1.94,7.61,2175,P3
UKD-000755,Earthquake,Missing Person,15,7,1,3,2,1,0.12,1.5,Blocked,Severe,1,0,1,1,Low,0,28.954286,79.536543,0.68,7.25,11.02,2224,P1
UKD-002972,Landslide,Evacuation Request,72,38,3,0,11,6,0.68,13.61,Partially Blocked,Moderate,0,0,1,1,Moderate,1,30.325429,78.929755,8.75,3.83,5.62,166,P2
UKD-005971,Landslide,Damaged House,15,4,0,0,5,5,0.11,2.68,Partially Blocked,Minor,1,1,1,0,None,0,29.957887,78.151973,9.73,1.35,8.27,1584,P3
UKD-002921,Landslide,Damaged House,100,31,4,0,15,1,0.51,13.65,Blocked,Moderate,1,1,1,1,Low,0,30.157657,78.692685,11.72,1.07,10.51,276,P2
UKD-000312,Earthquake,Damaged House,196,60,2,3,12,10,0.15,2.37,Blocked,Moderate,0,0,1,1,Critical,1,29.400313,79.384674,14.87,5.94,3.79,1074,P1
UKD-000662,Flood,Trapped People,69,38,4,0,9,4,4.0,66.06,Partially Blocked,Minor,1,1,1,1,Critical,1,29.607191,79.619926,2.82,2.98,5.15,185,P1
UKD-001990,Earthquake,Evacuation Request,78,37,3,4,10,9,0.12,3.68,Open,Severe,0,0,0,1,Critical,1,29.340479,79.645751,14.64,5.16,2.97,330,P1
UKD-003666,Earthquake,Damaged House,3,3,1,0,0,0,0.09,1.52,Partially Blocked,Minor,0,1,0,1,Low,0,30.247002,78.837884,6.34,6.19,7.2,91,P2
UKD-000307,Earthquake,Trapped People,49,27,2,1,11,3,0.07,2.18,Partially Blocked,None,0,0,1,1,Low,1,28.960197,79.623465,5.76,3.0,3.42,1803,P1
UKD-002336,Cloudburst,Evacuation Request,20,13,2,0,1,1,2.22,42.97,Blocked,Minor,0,1,1,0,None,0,29.700621,79.649614,21.63,4.07,3.61,130,P2
UKD-002357,Flood,Evacuation Request,30,4,0,3,4,8,1.65,45.92,Partially Blocked,None,1,1,0,1,Low,0,29.881696,78.177775,0.99,1.41,3.17,597,P2
UKD-003703,Cloudburst,Missing Person,55,7,0,8,12,12,1.31,44.4,Open,Minor,1,0,0,1,Low,0,30.249787,78.032132,3.88,2.97,1.52,1545,P2
UKD-003805,Flood,Waterlogging,14,0,0,1,4,1,2.82,66.49,Open,Severe,1,0,1,0,None,0,29.935348,78.261281,1.73,6.77,12.14,6555,P2
UKD-001928,Landslide,Injured Person,50,22,7,1,10,3,0.54,13.66,Blocked,Moderate,1,0,1,1,Moderate,1,30.245787,78.473148,10.94,16.1,30.0,505,P1
UKD-003428,Cloudburst,Missing Person,162,71,4,3,5,4,3.22,57.59,Blocked,Minor,0,0,1,1,Moderate,1,29.977051,78.796757,10.35,12.58,1.63,200,P2
UKD-000750,Flood,Trapped People,125,44,0,1,5,3,2.92,50.1,Partially Blocked,Moderate,1,1,1,1,Moderate,0,29.368111,79.43529,5.0,10.03,17.42,567,P1
UKD-003639,Flood,Trapped People,22,18,4,1,4,0,3.6,57.65,Blocked,Minor,0,1,1,1,Moderate,1,30.150644,78.776177,6.39,4.53,16.64,592,P2
UKD-005244,Landslide,Infrastructure Damage,29,13,3,3,9,2,0.64,14.21,Partially Blocked,Severe,0,0,1,1,Low,0,30.226376,78.771975,9.51,7.62,3.62,696,P3
UKD-001267,Flood,Trapped People,27,14,2,2,4,3,2.29,46.97,Open,Severe,0,1,0,1,Moderate,1,30.473287,79.445332,7.9,13.19,18.55,118,P1
UKD-005918,Flood,Waterlogging,6,0,0,0,0,1,1.69,41.41,Open,None,1,1,0,1,Low,1,30.357821,78.18156,1.84,1.22,6.57,2067,P3
UKD-005300,Landslide,Damaged House,59,26,1,3,7,2,0.51,13.59,Blocked,Moderate,1,1,1,1,Moderate,0,30.262713,78.348011,9.08,8.91,5.39,255,P3
UKD-003596,Flood,Trapped People,27,10,1,3,4,6,1.31,27.51,Open,Moderate,1,0,0,1,Low,0,30.419941,79.316881,10.9,19.85,2.24,306,P2
UKD-002135,Flood,Trapped People,116,49,2,4,13,8,2.53,68.68,Partially Blocked,Moderate,1,0,0,1,Critical,1,29.9828,78.194662,4.49,4.79,2.72,1367,P2
UKD-004110,Flood,Waterlogging,21,2,1,1,5,3,2.38,39.34,Open,None,1,1,1,1,Moderate,1,29.984547,79.505249,2.98,3.68,17.33,297,P3
UKD-000515,Flood,Flooded Road,49,13,0,5,9,5,2.66,72.72,Open,Moderate,0,0,0,1,Moderate,0,30.429707,78.11185,4.34,0.69,11.22,1524,P1
UKD-005362,Earthquake,Damaged House,15,2,1,1,0,2,0.04,0.89,Open,Minor,1,1,1,1,Low,1,29.376673,79.51966,8.59,6.25,5.32,650,P3
UKD-000410,Flood,Evacuation Request,179,66,5,3,7,6,5.0,84.56,Blocked,Severe,0,0,0,1,Critical,1,30.028751,78.010022,9.39,2.07,9.34,1545,P1
UKD-004476,Earthquake,Infrastructure Damage,33,12,2,1,4,5,0.05,0.81,Partially Blocked,Minor,0,1,1,1,Moderate,1,29.978953,78.174769,2.33,3.17,2.34,8671,P3
UKD-005976,Landslide,Infrastructure Damage,18,9,0,0,2,2,0.21,5.76,Blocked,Minor,1,1,1,0,None,0,29.934962,79.654639,24.24,2.05,14.79,57,P3
UKD-005931,Earthquake,Injured Person,15,5,6,0,3,4,0.1,2.32,Partially Blocked,Severe,1,0,1,1,Critical,0,30.633553,78.717088,4.69,6.3,12.34,302,P3
UKD-005194,Landslide,Infrastructure Damage,111,56,2,0,9,6,0.65,14.96,Partially Blocked,Moderate,0,0,0,1,Moderate,1,29.846834,79.74619,5.02,12.55,5.78,83,P3
UKD-000208,Landslide,Damaged House,22,4,0,2,3,2,0.22,3.64,Partially Blocked,Minor,1,1,0,0,None,0,30.316656,79.212729,5.24,7.91,17.51,488,P1
UKD-000459,Flood,Flooded Road,62,18,5,4,5,4,3.37,100.0,Blocked,Moderate,0,0,1,1,Critical,1,30.2114,78.154404,14.39,11.64,7.24,853,P1
UKD-002055,Landslide,Damaged House,71,35,1,2,17,7,0.72,12.75,Blocked,Moderate,1,1,1,0,None,0,30.351553,78.053773,9.86,1.04,1.4,1114,P2
UKD-002431,Earthquake,Evacuation Request,24,9,2,2,4,1,0.07,1.7,Partially Blocked,None,0,1,1,1,Low,1,30.421467,78.039108,1.08,3.09,8.02,2410,P2
UKD-000251,Cloudburst,Trapped People,164,45,2,1,6,6,3.85,64.98,Open,Moderate,1,1,1,1,Low,0,30.181977,78.383916,9.31,3.01,2.98,220,P1
UKD-005120,Flood,Trapped People,1,1,0,0,1,0,0.59,17.17,Open,None,1,0,0,0,None,0,29.984364,78.14693,3.33,0.57,2.35,3953,P3
UKD-001108,Cloudburst,Injured Person,16,11,2,2,6,3,1.54,37.33,Blocked,Minor,0,1,0,1,Low,0,30.055668,78.147374,7.28,8.74,11.1,1552,P1
UKD-004863,Earthquake,Trapped People,32,11,1,0,11,8,0.06,0.99,Partially Blocked,Moderate,1,1,1,1,Moderate,0,29.32734,79.422227,1.17,3.76,5.84,602,P3
UKD-001714,Flood,Infrastructure Damage,51,25,4,4,6,9,2.6,41.32,Blocked,Severe,1,0,0,1,Moderate,0,30.352124,78.440879,30.0,1.1,1.57,301,P1
UKD-003912,Flood,Trapped People,75,54,4,1,5,2,2.47,59.07,Partially Blocked,Moderate,0,0,1,0,None,0,30.191834,78.871628,10.92,10.37,4.44,345,P2
UKD-000716,Cloudburst,Damaged House,37,27,5,5,9,6,3.2,64.91,Blocked,Severe,0,0,0,1,Moderate,1,30.1445,78.780763,19.42,5.09,17.73,599,P1
UKD-000553,Earthquake,Evacuation Request,75,41,3,0,13,9,0.15,3.76,Blocked,Minor,1,0,1,1,Moderate,1,30.24797,77.981004,10.74,0.65,10.51,2075,P1
UKD-001440,Landslide,Trapped People,59,52,3,4,15,3,0.74,21.19,Blocked,Severe,0,0,1,1,Critical,1,29.517946,79.381502,5.41,5.08,15.01,312,P1
UKD-002271,Flood,Waterlogging,33,10,2,1,11,1,2.68,61.03,Blocked,Moderate,0,0,1,1,Moderate,1,29.411049,79.450955,6.3,7.02,26.66,655,P2
UKD-003145,Landslide,Evacuation Request,65,21,3,0,11,8,0.35,9.63,Open,Severe,0,0,1,1,Critical,1,30.237642,78.407475,8.66,1.3,14.29,612,P2
UKD-005744,Cloudburst,Missing Person,32,13,4,7,7,1,1.58,22.6,Partially Blocked,Severe,0,0,1,1,Critical,1,30.438371,78.057035,10.04,1.34,7.6,698,P3
UKD-001926,Earthquake,Damaged House,30,18,4,2,6,6,0.13,2.68,Blocked,Severe,0,1,1,0,None,0,29.992891,78.106096,4.29,11.03,6.79,1720,P1
UKD-000635,Flood,Flooded Road,24,5,0,3,4,2,2.12,71.7,Blocked,Minor,1,1,0,0,None,0,29.914895,78.024063,2.64,3.16,2.87,2416,P1
UKD-000317,Flood,Damaged House,105,62,5,1,14,2,2.88,88.84,Blocked,Severe,0,0,1,1,Moderate,0,29.848066,78.2199,8.2,1.45,2.58,715,P1
UKD-005637,Earthquake,Damaged House,154,38,3,1,10,5,0.08,1.13,Partially Blocked,Severe,0,0,1,1,Moderate,1,30.208452,77.876686,9.36,3.12,7.53,3828,P3
UKD-000428,Earthquake,Trapped People,131,49,1,2,20,4,0.14,3.04,Partially Blocked,Minor,1,0,1,1,Low,0,30.993969,78.262334,9.58,18.87,6.26,230,P1
UKD-004454,Flood,Evacuation Request,12,0,0,1,2,2,1.03,21.94,Open,None,1,1,1,0,None,0,28.984136,79.432239,2.51,0.69,5.44,1852,P3
UKD-000106,Landslide,Injured Person,8,4,3,0,2,1,0.33,8.18,Blocked,Minor,1,1,1,1,Moderate,1,30.271308,78.083485,5.2,3.01,3.18,940,P1
UKD-003042,Flood,Waterlogging,29,10,0,0,9,1,2.38,60.72,Blocked,Moderate,0,0,1,1,Low,1,30.379977,77.938456,2.14,1.35,7.05,2160,P2
UKD-004239,Flood,Flooded Road,6,0,0,0,3,0,1.16,16.48,Open,None,1,1,1,0,None,0,30.384976,77.963505,7.44,3.98,2.14,734,P3
UKD-002170,Landslide,Missing Person,89,25,1,8,16,8,0.44,9.83,Partially Blocked,Severe,1,1,0,1,Low,0,29.559492,79.553826,7.22,3.02,10.24,433,P2
UKD-001710,Landslide,Damaged House,62,13,4,1,13,2,0.58,10.9,Partially Blocked,Severe,1,1,0,1,Moderate,1,30.228084,78.047646,9.98,1.65,8.5,1140,P1
UKD-000090,Cloudburst,Missing Person,168,58,5,10,7,10,2.56,53.12,Blocked,Severe,0,0,1,1,Critical,1,30.316263,78.991841,13.0,7.64,12.89,189,P1
UKD-002242,Earthquake,Evacuation Request,18,3,0,2,2,2,0.04,0.82,Open,None,0,1,1,0,None,0,30.242208,77.985152,3.53,2.22,4.88,262,P2
UKD-003175,Flood,Waterlogging,12,0,0,0,5,2,1.81,34.68,Open,None,0,1,1,1,Low,0,30.191214,78.663404,2.87,11.13,2.22,412,P2
UKD-004479,Flood,Trapped People,77,40,2,3,12,6,2.88,40.24,Open,Minor,0,1,0,1,Low,0,30.138716,78.702851,7.63,0.95,3.19,413,P3
UKD-001950,Cloudburst,Flooded Road,84,24,7,2,12,2,2.92,78.57,Partially Blocked,Severe,0,1,0,1,Critical,1,28.992326,79.535074,4.88,1.9,1.97,686,P1
UKD-004045,Landslide,Infrastructure Damage,86,27,0,5,9,4,0.76,15.07,Partially Blocked,Moderate,1,0,0,1,Critical,1,30.337655,77.972294,1.38,0.87,4.31,2795,P3
UKD-002849,Flood,Waterlogging,25,9,0,1,6,2,3.08,52.62,Blocked,Minor,0,1,1,0,None,0,29.944081,78.166852,1.83,4.25,5.71,4078,P2
UKD-000002,Landslide,Trapped People,200,85,3,3,12,5,0.78,13.62,Blocked,Minor,0,0,1,1,Moderate,1,30.312259,78.995102,5.7,4.81,14.58,254,P1
UKD-004338,Earthquake,Injured Person,12,6,3,0,1,2,0.04,0.95,Partially Blocked,Minor,0,1,1,0,None,0,29.339375,79.478855,4.15,5.38,13.59,180,P3
UKD-000936,Landslide,Trapped People,90,64,4,2,9,3,0.89,17.36,Partially Blocked,None,0,1,0,1,Critical,1,30.013792,78.244293,12.04,2.73,3.36,888,P1
UKD-005134,Flood,Injured Person,32,13,10,1,7,8,2.79,72.16,Partially Blocked,Moderate,0,1,1,1,Moderate,1,30.016604,78.21575,2.46,2.86,2.67,2084,P3
UKD-002721,Flood,Injured Person,4,2,1,0,2,0,2.5,49.71,Blocked,None,1,1,1,1,Moderate,1,29.939755,78.237023,2.87,7.21,6.51,1642,P2
UKD-000592,Flood,Trapped People,163,82,3,4,10,5,4.1,93.82,Partially Blocked,Moderate,0,0,0,1,Critical,1,29.397889,79.563293,10.22,7.11,16.07,393,P1
UKD-004909,Landslide,Evacuation Request,165,19,0,1,8,10,0.59,14.38,Open,Minor,1,0,1,1,Low,0,29.561616,80.174483,13.94,4.52,4.22,221,P3
UKD-002937,Flood,Damaged House,63,5,2,0,15,5,1.76,39.45,Open,None,1,0,1,1,Low,1,28.888732,79.605676,1.11,5.24,2.93,1002,P2
UKD-002449,Landslide,Flooded Road,43,2,5,1,6,6,0.98,30.76,Partially Blocked,None,1,1,1,1,Low,0,29.318046,79.98196,30.0,4.09,13.93,405,P2
UKD-001577,Flood,Flooded Road,104,23,2,2,14,4,4.45,74.89,Blocked,Minor,0,0,1,0,None,0,30.399061,79.39441,18.01,10.21,16.42,212,P1
UKD-005005,Earthquake,Damaged House,13,2,1,0,2,1,0.04,1.05,Open,Moderate,0,1,1,1,Low,0,29.278117,79.382612,2.47,5.41,7.4,325,P3
UKD-000214,Flood,Flooded Road,52,6,5,0,8,6,4.45,77.15,Partially Blocked,Severe,1,0,0,1,Low,1,29.910197,78.164786,9.29,6.19,1.22,776,P1
UKD-000779,Earthquake,Trapped People,33,13,2,0,10,0,0.05,1.32,Partially Blocked,Severe,1,1,1,1,Moderate,1,30.385441,78.153149,2.12,2.06,4.95,479,P1
UKD-003497,Earthquake,Evacuation Request,50,21,2,1,10,8,0.12,2.37,Open,Severe,0,0,1,1,Moderate,0,29.95843,78.164441,4.65,3.62,4.59,2736,P2
UKD-004706,Flood,Evacuation Request,49,11,0,0,11,6,1.02,19.76,Open,Minor,0,1,1,0,None,0,30.076445,78.740891,5.82,2.61,7.11,463,P3
UKD-002044,Flood,Flooded Road,39,2,1,4,8,3,2.34,38.79,Open,Minor,1,0,0,1,Low,0,28.858958,79.502781,11.94,4.65,6.77,2991,P2
UKD-005439,Cloudburst,Flooded Road,1,0,0,0,0,0,0.85,14.12,Open,Minor,1,1,1,0,None,0,30.202311,79.473245,5.76,20.0,14.93,169,P3
UKD-001568,Flood,Trapped People,30,9,0,1,3,11,1.68,30.84,Open,None,1,1,1,0,None,0,30.357692,78.08928,4.52,1.06,1.51,1869,P1
UKD-000166,Landslide,Trapped People,92,75,3,2,5,4,0.98,14.16,Blocked,Severe,0,1,0,1,Critical,1,30.424193,78.056044,11.46,2.64,4.67,2057,P1
UKD-003567,Earthquake,Injured Person,63,45,8,3,8,6,0.13,2.5,Blocked,Minor,0,1,0,1,Critical,1,30.131053,78.879634,8.52,6.83,1.2,537,P2
UKD-004591,Landslide,Infrastructure Damage,127,59,4,2,9,6,0.82,12.14,Blocked,Moderate,0,1,1,1,Critical,1,29.495439,79.442525,4.66,4.56,19.44,589,P3
UKD-002014,Cloudburst,Damaged House,49,19,3,3,7,9,2.89,44.01,Blocked,Minor,1,1,0,1,Moderate,1,30.21857,77.99798,10.3,4.23,8.42,2523,P2
UKD-000274,Cloudburst,Trapped People,89,63,3,4,6,7,2.08,58.94,Partially Blocked,Moderate,0,0,0,1,Low,0,30.338819,77.988414,6.96,0.34,5.29,1877,P1
UKD-003861,Flood,Flooded Road,101,17,1,3,16,4,2.71,39.57,Partially Blocked,Minor,0,0,0,1,Critical,0,29.632528,80.415697,20.87,4.96,12.94,307,P2
UKD-004168,Landslide,Evacuation Request,35,12,1,1,11,1,0.27,6.28,Partially Blocked,Moderate,0,1,1,1,Low,0,30.374883,79.308735,20.46,4.73,9.07,73,P3
UKD-004789,Earthquake,Infrastructure Damage,45,29,4,3,9,5,0.12,2.03,Blocked,Severe,0,1,0,1,Moderate,0,29.991461,78.652652,7.53,2.53,6.12,393,P3
UKD-003789,Landslide,Missing Person,68,28,2,13,14,8,0.65,16.1,Partially Blocked,Severe,0,0,1,1,Moderate,0,30.611583,78.285995,26.29,18.15,10.54,304,P2
UKD-000395,Landslide,Trapped People,198,36,2,2,17,11,0.79,19.16,Open,Moderate,1,0,1,1,Moderate,1,29.429132,79.55043,3.03,6.5,2.82,654,P1
UKD-000584,Landslide,Trapped People,37,27,3,0,7,0,0.88,18.21,Blocked,Moderate,1,0,1,1,Moderate,1,30.330779,78.516123,20.31,5.8,28.39,494,P1
UKD-005981,Flood,Infrastructure Damage,24,15,1,0,6,1,2.2,39.85,Blocked,Minor,0,1,1,1,Low,0,29.311073,79.482164,11.15,3.5,6.01,349,P3
UKD-005565,Flood,Damaged House,9,2,1,0,0,0,1.68,22.06,Blocked,Minor,1,1,1,1,Low,0,29.29892,79.965624,6.0,6.75,10.97,828,P3
UKD-005741,Flood,Evacuation Request,23,4,0,1,3,4,1.81,36.56,Partially Blocked,Minor,0,1,0,1,Moderate,1,28.942037,79.451337,9.41,1.44,2.27,1304,P3
UKD-000521,Flood,Injured Person,4,1,1,0,0,0,2.44,38.39,Partially Blocked,None,0,1,1,0,None,0,30.545382,79.07749,16.31,5.26,15.26,386,P1
UKD-001764,Flood,Trapped People,70,56,2,1,5,9,3.13,60.41,Blocked,Moderate,0,0,1,1,Moderate,0,29.887306,79.742635,25.23,3.11,9.71,203,P1
UKD-001876,Landslide,Trapped People,170,80,4,3,2,2,0.58,12.95,Blocked,Severe,0,0,1,1,Critical,1,30.445435,79.425316,15.29,17.8,18.75,100,P1
UKD-003966,Flood,Trapped People,1,1,0,0,0,0,1.86,33.65,Open,Minor,1,1,1,0,None,0,30.494293,79.087029,14.73,4.3,5.98,573,P2
UKD-003345,Flood,Flooded Road,40,4,1,3,9,9,2.21,57.4,Partially Blocked,Minor,1,1,0,0,None,0,29.934632,78.170463,5.79,4.09,8.76,2167,P2
UKD-002254,Landslide,Evacuation Request,46,25,4,1,4,1,0.56,12.36,Blocked,Severe,0,0,1,1,Low,0,29.641968,80.251986,28.19,11.52,19.46,368,P2
UKD-003225,Cloudburst,Flooded Road,47,14,3,2,8,9,1.92,48.92,Blocked,Severe,0,0,0,1,Low,0,29.664557,80.155165,7.93,15.25,19.04,233,P2
UKD-000527,Cloudburst,Damaged House,122,73,5,2,16,5,2.58,56.57,Blocked,Severe,0,0,1,1,Moderate,0,29.540535,79.747365,7.8,4.36,20.95,289,P1
UKD-002947,Earthquake,Evacuation Request,153,43,6,0,5,5,0.15,3.09,Open,Severe,0,1,1,1,Critical,1,29.960092,78.173159,2.61,2.85,17.19,1758,P2
UKD-003900,Flood,Infrastructure Damage,75,53,6,2,13,12,3.56,91.33,Blocked,Severe,0,0,0,1,Critical,1,29.369914,79.467663,13.17,5.43,14.61,487,P2
UKD-000693,Earthquake,Damaged House,126,52,7,3,10,6,0.12,2.62,Partially Blocked,Severe,0,0,0,1,Moderate,0,29.891313,78.214952,4.7,0.66,5.2,1508,P1
UKD-005675,Cloudburst,Flooded Road,136,14,1,2,13,7,2.22,45.51,Partially Blocked,None,1,0,0,0,None,0,29.208157,79.590593,6.17,7.71,9.25,3239,P3
UKD-003634,Earthquake,Missing Person,69,24,1,6,10,6,0.1,1.76,Partially Blocked,Minor,1,1,1,1,Low,0,28.925966,79.477461,11.84,2.33,2.97,842,P2
UKD-001051,Earthquake,Trapped People,24,23,5,2,5,3,0.14,2.77,Blocked,Severe,0,0,1,1,Moderate,1,29.961492,78.078825,2.22,1.17,4.14,2118,P1
UKD-000591,Flood,Damaged House,200,50,2,3,4,5,4.39,94.95,Partially Blocked,Moderate,0,1,0,1,Moderate,0,28.925909,79.503765,11.81,3.19,5.01,3446,P1
UKD-000520,Cloudburst,Waterlogging,16,0,0,1,4,1,1.56,36.88,Open,Minor,0,0,1,0,None,0,29.821644,78.152395,1.3,5.04,3.67,1105,P1
UKD-003381,Cloudburst,Missing Person,15,4,0,4,4,0,1.88,46.58,Partially Blocked,Minor,1,1,1,1,Low,0,30.155177,78.861999,9.49,6.29,17.3,424,P2
UKD-003677,Cloudburst,Infrastructure Damage,23,9,1,0,2,3,1.27,36.06,Open,None,0,1,1,1,Low,0,29.88168,78.105356,11.45,3.11,4.77,611,P2
UKD-004938,Flood,Flooded Road,15,0,0,1,4,1,1.93,40.87,Partially Blocked,None,1,0,1,0,None,0,30.459363,78.520428,16.77,8.98,28.5,98,P3
UKD-001608,Cloudburst,Injured Person,36,22,7,2,10,6,2.51,54.93,Blocked,Moderate,1,0,0,1,Critical,1,29.921653,78.165176,5.2,2.68,3.83,2040,P1
UKD-003611,Flood,Flooded Road,11,5,1,0,1,1,2.85,48.22,Partially Blocked,Moderate,0,1,1,1,Low,0,29.41644,79.506905,1.82,9.19,19.39,528,P2
UKD-005813,Landslide,Infrastructure Damage,7,1,0,0,4,0,0.23,5.64,Partially Blocked,Moderate,1,1,0,0,None,0,30.10954,78.092424,4.72,7.78,1.11,8243,P3
UKD-001810,Cloudburst,Waterlogging,19,1,1,0,2,2,1.2,30.98,Partially Blocked,Moderate,1,1,1,1,Moderate,1,29.508933,79.472865,4.58,4.71,16.4,639,P1
UKD-000792,Landslide,Injured Person,28,6,8,0,7,3,0.7,12.74,Open,Severe,0,1,1,0,None,0,29.856021,78.235769,1.31,1.67,7.05,812,P1
UKD-000793,Earthquake,Damaged House,77,56,3,2,4,5,0.19,3.0,Blocked,Minor,0,1,0,1,Moderate,1,30.200284,78.078305,0.88,9.0,4.36,2695,P1
UKD-004928,Flood,Waterlogging,12,0,0,3,1,0,1.98,41.72,Open,Minor,1,1,0,0,None,0,29.215497,79.326048,6.76,8.7,5.49,795,P3
UKD-001856,Earthquake,Damaged House,37,21,4,2,9,4,0.13,3.02,Blocked,Severe,0,0,0,1,Critical,1,28.897613,79.460058,1.29,1.88,0.77,5751,P1
UKD-001981,Flood,Evacuation Request,13,6,0,0,0,1,2.55,41.31,Blocked,Minor,0,1,0,0,None,0,30.010099,78.146674,9.1,4.77,3.06,2384,P1
UKD-003234,Cloudburst,Infrastructure Damage,87,33,4,1,8,5,1.88,54.45,Open,Moderate,0,0,1,1,Critical,1,30.238625,78.735126,4.03,5.73,6.75,430,P2
UKD-003599,Flood,Trapped People,50,21,4,2,9,5,3.21,54.88,Open,Severe,1,0,1,1,Moderate,0,30.353472,78.03414,2.52,3.44,2.01,1834,P2
UKD-000934,Earthquake,Injured Person,46,27,9,2,9,6,0.09,1.84,Blocked,Severe,0,0,1,1,Critical,1,30.399664,77.890475,2.99,1.1,10.53,1936,P1
UKD-003964,Landslide,Trapped People,41,16,3,1,14,10,0.47,10.65,Open,Minor,1,1,0,0,None,0,30.153534,78.414735,25.94,11.35,18.57,111,P2
UKD-005573,Flood,Waterlogging,7,2,0,0,2,1,1.24,36.56,Open,Minor,0,1,1,0,None,0,29.595791,79.639813,2.61,7.1,4.9,521,P3
UKD-004180,Landslide,Injured Person,48,7,4,1,8,6,0.39,6.42,Partially Blocked,Minor,1,1,0,1,Low,0,30.304106,78.690308,6.52,5.52,7.87,253,P3
UKD-004027,Cloudburst,Injured Person,1,0,1,0,0,1,0.55,12.02,Partially Blocked,Minor,1,1,1,1,Moderate,0,29.014241,79.593249,3.61,2.99,3.62,976,P3
UKD-004117,Cloudburst,Missing Person,53,9,2,6,6,5,1.36,25.08,Partially Blocked,Minor,1,1,1,1,Low,0,29.695336,79.720052,7.11,4.11,4.83,1211,P3
UKD-000989,Landslide,Evacuation Request,52,32,2,0,6,10,0.89,17.19,Blocked,Minor,0,0,0,1,Low,0,30.511161,79.374773,7.61,7.61,14.92,512,P1
UKD-004627,Cloudburst,Infrastructure Damage,68,33,0,3,3,6,1.65,31.88,Blocked,Moderate,0,1,0,1,Low,0,30.40631,78.116419,2.02,3.79,2.11,2362,P3
UKD-003454,Flood,Waterlogging,59,5,3,2,5,8,4.93,77.16,Partially Blocked,Moderate,1,1,1,1,Critical,1,28.925933,79.607271,6.16,4.93,4.21,1564,P2
UKD-005478,Landslide,Waterlogging,3,0,0,1,1,1,0.88,23.3,Open,Moderate,0,1,0,0,None,0,30.581901,78.404432,6.75,7.62,5.98,611,P3
UKD-003779,Flood,Flooded Road,21,11,2,3,2,3,3.71,88.05,Blocked,Minor,0,0,1,1,Moderate,1,30.018652,78.16029,1.57,3.64,2.39,2965,P2
UKD-005350,Flood,Flooded Road,48,16,2,0,10,5,3.74,97.11,Blocked,Moderate,0,0,1,1,Moderate,1,30.276167,78.059506,9.32,7.1,5.88,774,P3
UKD-003094,Flood,Waterlogging,13,3,0,1,3,0,2.26,58.1,Blocked,None,1,0,1,0,None,0,30.772789,78.323069,4.69,18.98,5.85,153,P2
UKD-003156,Flood,Waterlogging,16,1,1,0,4,3,1.92,33.5,Open,Moderate,0,1,1,1,Low,0,29.86601,78.159965,2.93,3.55,3.71,1789,P2
UKD-003202,Cloudburst,Damaged House,200,74,8,2,14,4,2.91,64.98,Blocked,Severe,0,0,1,1,Critical,1,30.317582,78.805584,24.0,5.42,4.99,278,P2
UKD-004840,Landslide,Infrastructure Damage,12,1,2,0,0,1,0.31,6.36,Partially Blocked,Moderate,1,1,1,0,None,0,30.118018,78.977726,17.82,17.67,7.7,162,P3
UKD-001099,Flood,Evacuation Request,136,26,2,4,7,4,3.76,75.38,Open,Minor,1,0,1,1,Critical,1,29.012436,79.576323,10.33,0.79,3.13,2771,P1
UKD-004980,Landslide,Infrastructure Damage,58,29,3,2,11,5,0.26,6.01,Blocked,Minor,0,0,1,1,Moderate,1,29.60466,79.972002,12.11,20.0,17.21,706,P3
UKD-002845,Cloudburst,Infrastructure Damage,17,10,0,1,5,2,2.8,40.57,Blocked,Minor,0,1,1,1,Low,0,30.24036,78.763922,7.54,2.84,1.42,335,P2
UKD-000887,Landslide,Evacuation Request,35,26,6,2,4,3,0.92,15.16,Blocked,Severe,0,0,0,1,Critical,1,30.320148,77.955564,10.85,2.89,2.38,1893,P1
UKD-005919,Earthquake,Damaged House,21,2,0,1,5,2,0.04,0.78,Open,None,0,1,1,0,None,0,30.430133,79.178232,3.77,4.85,6.85,286,P3
UKD-004652,Landslide,Trapped People,88,56,3,1,12,9,0.6,15.52,Blocked,Severe,1,0,1,1,Low,1,30.309196,79.124413,1.4,20.0,8.33,236,P3
UKD-000516,Earthquake,Evacuation Request,47,25,7,2,6,10,0.14,2.09,Partially Blocked,Moderate,0,1,1,1,Low,1,30.452249,78.53004,11.39,20.0,20.24,496,P1
UKD-005785,Landslide,Damaged House,83,34,2,2,11,7,0.54,9.33,Partially Blocked,Severe,0,0,0,1,Critical,1,29.341427,79.514901,6.44,18.67,14.9,375,P3
UKD-001454,Landslide,Infrastructure Damage,117,68,3,5,12,5,1.03,20.59,Blocked,Moderate,0,1,0,1,Critical,1,30.781319,78.381806,11.59,8.0,15.86,623,P1
UKD-003554,Landslide,Damaged House,137,47,3,0,9,10,0.72,14.0,Partially Blocked,Moderate,0,0,1,0,None,0,30.41687,78.03692,8.74,1.34,6.52,1752,P2
UKD-003610,Cloudburst,Waterlogging,30,14,1,1,3,4,2.57,61.29,Blocked,None,0,1,0,0,None,0,30.639074,78.491343,24.01,6.54,12.82,167,P2
UKD-002507,Earthquake,Missing Person,36,12,3,10,5,8,0.09,1.42,Open,Minor,0,0,1,1,Moderate,1,30.06021,78.990475,10.02,4.81,10.37,249,P2
UKD-002995,Landslide,Infrastructure Damage,105,48,2,2,8,5,0.49,12.62,Blocked,Moderate,1,1,1,1,Low,1,29.562918,80.236777,14.16,14.64,14.3,135,P2
UKD-004000,Landslide,Evacuation Request,40,7,5,4,5,1,0.48,7.39,Partially Blocked,Severe,1,0,0,0,None,0,30.363493,78.051975,18.94,2.99,2.02,1047,P2
UKD-005689,Landslide,Infrastructure Damage,115,42,1,0,15,5,0.51,8.47,Blocked,Minor,1,0,1,1,Low,0,30.483039,78.479525,23.53,11.86,6.33,212,P3
UKD-000907,Landslide,Trapped People,42,24,0,1,10,6,0.58,9.59,Partially Blocked,Minor,0,0,1,1,Low,0,30.045642,78.741578,1.89,16.67,15.78,275,P1
UKD-000029,Landslide,Missing Person,43,14,3,10,8,5,0.9,12.19,Blocked,Moderate,1,1,1,1,Low,0,30.440828,79.081926,28.37,9.6,13.41,578,P1
UKD-002508,Flood,Waterlogging,11,0,0,2,2,2,1.7,26.09,Open,None,1,1,1,0,None,0,29.566651,79.549789,16.14,2.63,14.3,590,P2
UKD-002429,Flood,Evacuation Request,77,30,0,1,11,10,2.09,38.92,Partially Blocked,Minor,0,0,1,1,Low,0,30.32735,78.10849,1.5,2.7,3.87,1156,P2
UKD-000763,Landslide,Evacuation Request,82,55,3,2,6,7,0.59,11.89,Blocked,Moderate,0,0,1,1,Low,1,30.277488,79.405932,8.42,6.29,11.86,240,P1
UKD-003748,Cloudburst,Flooded Road,54,11,3,3,8,3,2.5,44.89,Partially Blocked,Minor,0,1,0,1,Low,0,30.251997,77.966502,2.09,1.45,6.65,2427,P2
UKD-000285,Earthquake,Trapped People,200,81,4,2,17,4,0.15,2.37,Blocked,Severe,0,1,1,1,Critical,1,29.061213,79.470054,2.34,1.85,6.42,1121,P1
UKD-000687,Flood,Trapped People,96,57,2,3,4,12,2.2,57.7,Open,Moderate,0,1,0,1,Low,0,29.856314,77.943692,3.74,3.44,2.24,1474,P1
UKD-002354,Flood,Trapped People,200,65,2,1,9,7,3.03,97.53,Partially Blocked,Minor,0,1,1,1,Critical,1,30.063005,78.84928,8.44,8.69,2.07,1193,P2
UKD-004826,Landslide,Injured Person,17,4,4,2,0,2,0.33,6.44,Open,Moderate,1,1,1,0,None,0,30.266994,78.060026,0.83,3.03,3.45,1680,P3
UKD-000022,Flood,Waterlogging,5,0,0,0,1,0,1.36,29.28,Open,None,1,1,1,0,None,0,29.536498,79.584096,3.06,4.34,3.89,526,P1
UKD-002753,Flood,Trapped People,12,9,1,1,2,1,2.33,57.41,Blocked,Minor,1,0,1,1,Critical,1,30.08404,78.76197,1.61,6.11,4.66,1417,P2
UKD-000886,Flood,Evacuation Request,134,43,2,3,6,9,4.11,69.45,Partially Blocked,Moderate,0,1,1,1,Moderate,1,29.415095,79.516704,2.04,15.92,4.4,773,P1
UKD-000918,Landslide,Flooded Road,22,5,2,1,12,2,1.22,18.37,Blocked,None,0,0,1,1,Low,0,30.263484,78.477879,20.04,8.42,10.55,179,P1
UKD-001041,Earthquake,Damaged House,188,39,2,0,8,4,0.16,3.56,Partially Blocked,Moderate,1,0,1,0,None,0,30.395907,78.118509,2.95,5.32,2.62,1979,P1
UKD-001266,Landslide,Damaged House,169,63,6,1,1,4,0.86,13.34,Blocked,Severe,0,0,1,1,Moderate,0,29.551164,79.475674,15.35,7.2,6.45,780,P1
UKD-005188,Flood,Infrastructure Damage,7,0,0,1,1,0,0.43,7.1,Open,None,1,1,1,0,None,0,29.935233,78.058567,2.91,1.9,1.41,1903,P3
UKD-000278,Cloudburst,Missing Person,103,50,4,7,16,10,4.14,53.41,Blocked,Moderate,1,0,1,1,Moderate,1,30.263454,78.043053,3.17,4.5,3.01,2104,P1
UKD-002085,Cloudburst,Damaged House,21,11,1,1,6,3,2.18,34.8,Blocked,Severe,0,1,0,1,Critical,1,29.518542,79.696526,11.53,5.46,8.96,411,P2
UKD-001246,Earthquake,Trapped People,81,69,1,3,9,5,0.16,2.7,Blocked,Moderate,0,0,1,1,Moderate,1,30.279741,78.036419,4.07,3.54,10.49,2328,P1
UKD-002383,Cloudburst,Trapped People,45,39,4,2,8,9,2.45,54.89,Blocked,Moderate,0,0,0,1,Low,0,29.586393,79.619578,12.66,7.05,1.59,374,P2
UKD-000572,Earthquake,Evacuation Request,60,28,3,0,6,8,0.1,2.44,Partially Blocked,Moderate,0,0,1,0,None,0,30.291655,78.885284,23.11,3.76,17.54,414,P1
UKD-001436,Earthquake,Infrastructure Damage,48,19,2,2,11,8,0.2,3.27,Blocked,Moderate,1,1,1,1,Moderate,0,30.413106,78.012044,10.67,5.13,6.16,2965,P1
UKD-003903,Landslide,Trapped People,34,14,1,2,8,5,0.55,13.84,Partially Blocked,Moderate,1,0,1,1,Moderate,1,30.806939,78.576821,7.54,1.94,5.12,144,P2
UKD-001248,Flood,Trapped People,33,24,3,3,6,1,3.35,65.42,Partially Blocked,Severe,0,0,1,1,Moderate,1,30.367907,78.17452,14.09,2.3,2.23,2827,P1
UKD-003527,Cloudburst,Evacuation Request,96,57,2,4,7,4,1.83,38.2,Blocked,Minor,0,1,0,0,None,0,30.84977,79.307419,5.25,7.34,10.06,564,P2
UKD-002515,Flood,Waterlogging,57,5,1,3,6,4,2.44,55.9,Open,Minor,1,1,0,0,None,0,29.925658,78.230626,3.22,2.52,1.79,1252,P2
UKD-001008,Landslide,Missing Person,158,69,4,13,6,2,0.85,12.27,Blocked,Severe,0,0,0,1,Critical,1,30.126772,79.020438,1.65,7.02,13.24,142,P1
UKD-005193,Landslide,Infrastructure Damage,18,0,0,0,2,1,0.24,4.67,Open,Moderate,1,1,1,0,None,0,30.163281,78.759475,9.68,2.79,10.42,572,P3
UKD-002065,Landslide,Injured Person,26,1,8,3,4,6,0.42,8.47,Open,Minor,1,1,1,0,None,0,30.13721,78.096182,3.94,6.13,10.28,3325,P2
UKD-005749,Flood,Flooded Road,31,5,0,1,12,5,1.45,35.31,Partially Blocked,None,1,1,1,0,None,0,30.443114,78.3164,15.65,13.25,10.92,195,P3
UKD-001691,Flood,Infrastructure Damage,57,20,1,2,9,1,2.73,74.47,Partially Blocked,Moderate,1,0,1,1,Moderate,0,30.304609,79.513334,10.16,10.54,13.73,333,P1
UKD-005590,Earthquake,Injured Person,9,3,3,0,3,0,0.04,0.69,Partially Blocked,None,0,1,0,1,Low,0,29.962263,78.124074,4.22,2.66,8.1,3552,P3
UKD-001986,Cloudburst,Flooded Road,27,9,2,2,7,5,3.27,75.13,Blocked,Minor,0,0,1,1,Moderate,1,30.264955,77.968487,1.27,2.87,5.23,3566,P1
UKD-000295,Earthquake,Trapped People,172,89,8,0,5,5,0.17,3.3,Blocked,Severe,0,0,1,1,Moderate,1,29.973711,78.183843,2.37,3.2,7.67,1949,P1
UKD-001548,Earthquake,Trapped People,133,51,5,2,14,3,0.11,2.4,Partially Blocked,Severe,1,0,1,1,Moderate,0,28.968327,79.536904,2.36,2.46,2.75,2474,P1
UKD-002013,Flood,Trapped People,55,29,3,1,10,8,1.52,32.01,Partially Blocked,Moderate,1,1,1,1,Low,1,28.923814,79.579974,4.85,0.57,7.17,4823,P2
UKD-000589,Cloudburst,Missing Person,31,9,4,11,6,5,3.44,75.98,Partially Blocked,Minor,1,1,0,1,Moderate,0,29.011712,79.485752,5.94,0.81,5.45,746,P1
UKD-003330,Cloudburst,Infrastructure Damage,41,8,1,4,5,4,1.89,38.38,Open,Moderate,1,1,1,1,Moderate,1,29.044646,79.576105,2.23,1.85,7.06,1484,P2
UKD-002404,Flood,Flooded Road,167,28,4,0,11,6,2.53,73.13,Blocked,Severe,0,0,0,1,Moderate,0,29.663014,79.757421,24.37,5.73,8.39,361,P2
UKD-002130,Landslide,Damaged House,30,20,2,4,9,2,0.48,8.81,Blocked,Minor,0,1,1,1,Low,0,30.411544,78.713,30.0,14.53,11.17,176,P2
UKD-003999,Flood,Trapped People,53,33,4,2,8,6,3.23,70.78,Partially Blocked,Severe,0,1,1,1,Moderate,1,30.37888,78.062335,1.98,4.29,7.36,1757,P2
UKD-005251,Landslide,Trapped People,19,8,2,1,4,3,0.35,6.37,Blocked,Moderate,1,1,1,1,Moderate,1,30.395319,78.871484,10.99,2.93,25.87,630,P3
UKD-003742,Flood,Evacuation Request,87,21,2,0,6,11,3.02,44.26,Partially Blocked,Minor,1,0,1,1,Critical,1,30.395938,77.906396,5.25,0.99,6.74,1763,P2
UKD-003509,Cloudburst,Infrastructure Damage,156,25,1,1,10,6,2.29,45.31,Partially Blocked,Minor,1,1,0,0,None,0,29.860404,78.104186,8.75,1.77,4.12,2620,P2
UKD-002720,Landslide,Trapped People,28,24,4,0,6,2,0.76,17.82,Blocked,Severe,0,1,1,1,Moderate,1,30.336449,79.019665,27.4,14.18,8.75,266,P2
UKD-005462,Landslide,Infrastructure Damage,13,5,0,1,2,0,0.33,6.8,Blocked,Minor,0,1,1,0,None,0,30.403524,79.226431,16.71,19.21,10.48,242,P3
UKD-005468,Flood,Flooded Road,3,0,1,0,0,0,1.15,18.0,Open,Moderate,1,1,0,0,None,0,28.947433,79.585859,7.84,5.32,1.83,927,P3
UKD-000557,Flood,Trapped People,25,24,1,3,9,4,3.61,97.37,Blocked,Moderate,0,0,0,0,None,0,30.122367,78.728043,3.27,9.2,10.52,416,P1
UKD-002470,Flood,Waterlogging,94,11,0,2,9,2,2.97,50.48,Open,Moderate,0,0,1,0,None,0,29.826042,78.138433,4.86,3.23,3.05,1914,P2
UKD-003739,Landslide,Flooded Road,72,21,1,3,9,4,1.1,16.6,Blocked,None,0,1,1,1,Low,0,29.020391,79.493761,6.25,4.4,22.07,3558,P2
UKD-004287,Flood,Waterlogging,16,4,1,1,4,2,2.57,50.87,Partially Blocked,Minor,0,1,1,1,Moderate,1,30.551701,78.598991,8.32,5.74,12.94,188,P3
UKD-004933,Earthquake,Trapped People,61,53,7,4,18,8,0.18,3.59,Blocked,Severe,0,0,0,1,Critical,1,30.314052,78.052413,4.63,0.82,7.68,1192,P3
UKD-001717,Landslide,Missing Person,161,70,2,8,7,5,0.94,12.95,Blocked,Moderate,0,0,1,1,Critical,1,30.38968,78.083592,9.97,1.22,8.31,1474,P1
UKD-002605,Flood,Trapped People,45,17,2,1,10,5,1.61,39.93,Open,Minor,1,1,1,0,None,0,30.351925,78.346769,1.18,7.1,8.72,99,P2
UKD-004944,Flood,Waterlogging,48,16,1,2,13,5,2.7,63.01,Blocked,Moderate,0,1,1,1,Low,0,29.973076,78.12182,6.51,1.32,7.05,1696,P3
UKD-001705,Cloudburst,Missing Person,86,41,3,6,11,10,2.4,63.1,Partially Blocked,Minor,0,1,0,1,Moderate,1,29.515358,79.735604,9.86,8.55,1.7,540,P1
UKD-002140,Flood,Trapped People,39,10,2,0,6,4,1.3,33.41,Open,Severe,1,1,1,1,Low,0,30.006434,78.127071,3.69,0.81,1.44,1718,P2
UKD-003240,Flood,Flooded Road,50,8,2,1,15,8,2.04,48.22,Partially Blocked,None,1,1,0,1,Low,0,30.023968,79.120846,30.0,6.08,10.31,227,P2
UKD-002384,Flood,Damaged House,51,33,4,3,7,5,3.75,73.41,Blocked,Severe,0,0,1,1,Low,0,28.995273,79.572172,14.25,9.52,2.28,726,P2
UKD-004312,Flood,Flooded Road,47,6,4,4,5,7,2.28,43.21,Partially Blocked,None,1,1,0,1,Low,0,30.350799,77.986532,7.94,4.1,5.51,1863,P3
UKD-001286,Cloudburst,Flooded Road,52,8,1,6,12,9,3.14,73.33,Open,Moderate,0,1,0,1,Low,0,30.303895,78.007504,3.48,9.55,4.76,2742,P1
UKD-005106,Flood,Waterlogging,12,1,0,1,1,1,1.4,31.33,Partially Blocked,Moderate,1,1,1,0,None,0,28.954702,79.509446,0.6,1.63,5.07,2380,P3
UKD-005358,Landslide,Damaged House,25,4,0,2,2,0,0.38,6.41,Open,Minor,1,1,0,0,None,0,29.71525,79.662505,7.5,6.99,4.59,337,P3
UKD-003931,Flood,Evacuation Request,80,17,1,4,6,6,2.46,58.16,Partially Blocked,Moderate,1,0,0,1,Moderate,1,30.496722,78.459405,23.49,8.78,17.29,634,P2
UKD-004538,Flood,Flooded Road,56,4,2,1,10,6,2.3,44.99,Partially Blocked,None,1,0,1,1,Low,0,30.269987,77.982281,4.72,7.18,1.5,580,P3
UKD-001592,Cloudburst,Flooded Road,75,25,1,4,10,7,3.25,66.16,Blocked,Moderate,0,1,0,0,None,0,30.125445,78.379881,4.88,7.76,6.39,160,P1
UKD-005311,Cloudburst,Waterlogging,5,0,0,0,1,0,1.89,30.99,Open,None,0,1,0,1,Low,0,29.980604,78.195143,5.69,1.48,4.02,1166,P3
UKD-002163,Earthquake,Damaged House,35,9,3,1,12,6,0.07,1.67,Partially Blocked,Severe,1,1,1,1,Low,1,30.173393,78.064203,0.88,6.01,1.34,7046,P2
UKD-002397,Cloudburst,Flooded Road,54,7,1,4,11,6,2.83,60.41,Open,Moderate,1,1,0,0,None,0,29.383642,79.445275,5.95,5.26,8.49,470,P2
UKD-000318,Flood,Trapped People,40,28,1,2,10,4,2.72,74.63,Blocked,Minor,1,1,1,1,Moderate,0,29.900334,78.175941,2.68,7.35,1.74,1277,P1
UKD-005384,Landslide,Waterlogging,4,0,0,1,2,0,0.86,17.63,Open,Minor,1,1,0,0,None,0,29.586264,80.029801,13.65,1.61,10.77,233,P3
UKD-003112,Earthquake,Damaged House,31,5,6,1,9,3,0.13,2.58,Open,Severe,1,1,1,1,Moderate,1,29.352405,79.492461,13.68,2.97,6.04,817,P2
UKD-004037,Cloudburst,Missing Person,4,1,0,2,1,1,0.45,6.36,Blocked,None,1,0,1,1,Low,0,28.814636,79.547437,7.73,4.28,3.08,2064,P3
UKD-000796,Earthquake,Damaged House,164,28,0,1,8,3,0.13,1.8,Partially Blocked,Moderate,1,1,1,1,Moderate,0,29.87194,78.136161,5.37,0.34,5.25,1160,P1
UKD-003021,Cloudburst,Evacuation Request,188,61,0,3,19,2,2.04,54.27,Blocked,Moderate,0,1,0,1,Low,0,29.414396,79.433449,8.37,9.48,4.5,403,P2
UKD-001712,Flood,Infrastructure Damage,81,55,5,1,6,6,3.34,50.54,Blocked,Moderate,0,0,1,1,Low,1,29.850169,78.171305,8.13,2.88,11.9,1476,P1
UKD-003388,Earthquake,Infrastructure Damage,26,6,3,3,0,3,0.03,0.83,Partially Blocked,Severe,1,0,1,1,Critical,1,30.194956,78.050661,10.86,2.37,7.71,854,P2
UKD-000037,Flood,Flooded Road,140,33,2,3,18,5,5.0,99.4,Blocked,Moderate,0,1,0,1,Low,0,30.878112,78.599549,30.0,11.25,30.0,126,P1
UKD-000914,Cloudburst,Evacuation Request,140,26,3,4,7,4,3.07,66.57,Open,Severe,1,0,0,1,Low,0,30.187126,78.731009,12.38,3.15,9.86,1279,P1
UKD-003973,Earthquake,Missing Person,48,9,3,8,11,6,0.05,1.13,Partially Blocked,None,1,1,1,1,Low,1,30.3109,78.040099,5.86,2.54,1.88,1859,P2
UKD-004134,Earthquake,Infrastructure Damage,103,62,3,0,6,12,0.1,2.08,Blocked,Minor,0,1,0,1,Critical,1,30.327979,79.106385,13.31,2.14,11.02,899,P3
UKD-000975,Landslide,Trapped People,172,68,4,2,6,4,0.8,17.29,Partially Blocked,Severe,0,0,0,1,Critical,1,30.325074,78.377257,5.47,3.86,15.92,122,P1
UKD-000984,Landslide,Evacuation Request,26,13,1,4,7,0,0.82,21.42,Blocked,Minor,0,1,0,1,Critical,1,30.198532,78.07282,0.5,5.19,5.52,2113,P1
UKD-005210,Earthquake,Damaged House,5,2,0,0,0,0,0.03,0.69,Partially Blocked,Moderate,1,1,1,0,None,0,29.654704,79.629108,22.17,16.46,24.04,178,P3
UKD-001419,Landslide,Damaged House,78,21,3,4,3,10,1.11,20.74,Partially Blocked,Moderate,1,1,0,1,Critical,1,30.30583,79.074674,9.19,3.93,4.15,709,P1
UKD-001561,Earthquake,Damaged House,127,55,6,1,12,3,0.11,2.28,Partially Blocked,Severe,0,0,1,1,Critical,1,30.337184,77.900488,1.52,3.14,3.48,1397,P1
UKD-004136,Flood,Missing Person,52,16,3,6,9,6,2.3,34.81,Partially Blocked,None,0,0,1,1,Low,0,30.301589,78.072817,1.92,2.06,8.56,898,P3
UKD-004266,Flood,Evacuation Request,116,48,3,2,4,1,2.69,46.32,Partially Blocked,Moderate,0,0,1,1,Critical,1,30.561946,78.419243,3.77,5.49,20.85,219,P3
UKD-001356,Flood,Trapped People,52,31,2,5,5,2,2.73,62.82,Partially Blocked,Minor,1,1,0,1,Low,0,29.39725,79.441873,13.1,2.91,1.28,353,P1
UKD-005692,Landslide,Injured Person,72,49,9,2,11,1,0.62,14.73,Blocked,Moderate,0,1,0,1,Critical,1,30.347249,78.397904,13.93,5.44,13.01,234,P3
UKD-000988,Landslide,Missing Person,95,48,1,9,13,3,0.93,16.92,Partially Blocked,Severe,0,0,0,1,Moderate,1,29.809256,78.067989,1.13,1.44,0.87,2461,P1
UKD-002683,Landslide,Trapped People,31,13,1,0,3,4,0.27,5.29,Open,Minor,1,0,1,1,Low,0,30.137303,78.730603,4.2,3.3,11.55,341,P2
UKD-001641,Landslide,Evacuation Request,95,23,0,2,9,3,0.48,10.48,Partially Blocked,Moderate,1,0,0,0,None,0,30.247633,78.761566,15.69,17.05,24.71,424,P1
UKD-001291,Cloudburst,Missing Person,54,37,3,5,10,2,2.3,52.74,Blocked,Moderate,0,1,0,1,Moderate,1,29.949726,79.837067,30.0,15.09,8.8,99,P1
UKD-003682,Landslide,Infrastructure Damage,72,33,1,3,8,5,0.72,18.01,Blocked,Moderate,1,1,0,0,None,0,29.362048,79.516914,7.86,3.63,7.83,546,P2
UKD-001381,Flood,Waterlogging,22,9,1,2,2,2,2.62,64.87,Blocked,Moderate,0,0,0,1,Low,0,28.910698,79.465264,0.89,4.96,10.15,1607,P1
UKD-001934,Cloudburst,Trapped People,108,77,7,1,12,1,3.64,55.47,Partially Blocked,Severe,0,0,1,1,Low,0,30.259814,77.914818,18.88,2.52,4.31,746,P1
UKD-005046,Flood,Evacuation Request,37,4,1,0,13,7,2.66,37.55,Open,None,1,0,1,0,None,0,29.887106,78.184583,2.58,0.4,7.26,1897,P3
UKD-003161,Flood,Injured Person,3,0,1,0,1,1,1.41,23.4,Open,Minor,1,1,1,1,Critical,1,29.901761,78.080309,1.95,1.1,7.15,2122,P2
UKD-002031,Landslide,Infrastructure Damage,43,24,3,2,4,3,0.69,9.86,Blocked,Minor,0,1,0,1,Moderate,1,28.894355,79.430333,3.51,7.02,2.08,1299,P2
UKD-000893,Flood,Trapped People,51,44,8,0,10,8,3.09,75.37,Blocked,Severe,0,0,1,1,Low,0,30.081828,78.775863,11.38,6.27,2.02,629,P1
UKD-004070,Landslide,Evacuation Request,50,9,1,1,10,9,0.37,8.56,Partially Blocked,Minor,1,0,1,0,None,0,30.177354,78.813667,14.08,3.42,9.99,1969,P3
UKD-004256,Landslide,Infrastructure Damage,4,0,0,1,2,0,0.13,3.13,Partially Blocked,Moderate,1,1,1,0,None,0,30.341101,78.109405,7.83,5.73,1.33,1590,P3
UKD-000003,Cloudburst,Trapped People,30,23,3,1,10,3,3.12,51.02,Blocked,Moderate,0,1,1,1,Critical,1,30.291086,78.005478,0.82,3.95,1.08,827,P1
UKD-002110,Flood,Trapped People,154,79,5,2,6,5,2.31,68.68,Blocked,Severe,0,1,0,1,Moderate,1,28.930247,79.419553,4.57,3.23,1.43,4691,P2
UKD-000850,Flood,Flooded Road,55,10,3,4,15,3,3.03,57.31,Partially Blocked,Minor,0,0,0,1,Moderate,1,29.483058,79.46357,1.6,8.04,4.28,1529,P1
UKD-002738,Landslide,Evacuation Request,39,16,1,3,5,5,0.57,12.44,Partially Blocked,Minor,1,0,0,1,Moderate,1,30.289953,79.254011,12.28,6.34,10.64,237,P2
UKD-002467,Flood,Waterlogging,14,3,2,1,0,2,4.64,69.72,Blocked,Severe,0,0,1,1,Low,1,28.895888,79.463855,7.28,5.91,1.6,1953,P2
UKD-001915,Flood,Missing Person,104,46,0,7,14,4,3.04,96.3,Partially Blocked,Moderate,0,0,1,1,Critical,1,30.205183,78.12937,3.57,3.28,7.08,1725,P1
UKD-001597,Earthquake,Infrastructure Damage,31,5,1,1,9,4,0.05,1.35,Open,Severe,1,1,1,1,Low,1,30.351427,78.049278,2.29,0.67,1.01,1197,P1
UKD-001914,Flood,Waterlogging,72,24,2,3,15,8,4.35,100.0,Blocked,Moderate,0,1,1,1,Moderate,1,30.497436,79.333225,22.34,12.02,8.51,175,P1
UKD-005653,Flood,Injured Person,1,0,1,0,1,0,0.34,8.64,Open,Minor,1,1,1,1,Low,0,30.219739,78.731151,6.71,1.17,10.01,427,P3
UKD-002737,Flood,Waterlogging,5,0,0,0,1,0,1.06,31.94,Partially Blocked,None,1,1,1,0,None,0,30.53357,78.362273,3.84,20.0,10.01,382,P2
UKD-000727,Cloudburst,Damaged House,40,15,1,1,7,7,1.97,27.0,Partially Blocked,Moderate,0,1,1,1,Moderate,1,30.357432,78.092803,3.27,3.91,4.27,1074,P1
UKD-000054,Flood,Infrastructure Damage,67,48,2,1,12,4,3.29,45.69,Blocked,Minor,0,0,1,0,None,0,30.498763,79.435999,21.85,9.64,13.94,130,P1
UKD-001797,Cloudburst,Injured Person,28,14,7,3,2,5,2.19,63.66,Blocked,Minor,0,0,0,1,Critical,1,29.249202,80.109295,23.79,14.75,11.76,194,P1
UKD-003846,Landslide,Evacuation Request,50,31,4,1,10,2,0.73,10.16,Blocked,Moderate,0,0,0,1,Critical,1,30.494361,77.972179,12.0,3.62,13.95,2491,P2
UKD-002554,Landslide,Waterlogging,11,0,0,1,2,2,0.74,12.6,Partially Blocked,Moderate,1,1,0,0,None,0,30.404443,78.078707,1.39,2.12,4.16,1207,P2
UKD-002801,Landslide,Infrastructure Damage,108,64,1,1,5,4,0.81,17.59,Blocked,Severe,0,0,1,1,Low,0,30.222656,78.050919,12.33,1.48,11.58,789,P2
UKD-000937,Cloudburst,Flooded Road,177,33,8,1,5,3,4.86,78.18,Blocked,Severe,0,1,1,1,Moderate,0,30.333782,78.050594,9.61,4.23,4.7,2552,P1
UKD-004942,Flood,Evacuation Request,6,1,2,0,1,0,1.66,36.54,Partially Blocked,Minor,1,1,1,1,Low,1,28.917933,79.541659,1.52,8.76,2.01,1687,P3
UKD-000825,Flood,Flooded Road,107,20,1,2,12,8,4.01,56.68,Blocked,Minor,1,1,0,1,Low,0,30.245536,78.941495,18.99,7.03,30.0,196,P1
UKD-004322,Landslide,Injured Person,34,11,7,1,6,7,0.46,10.59,Open,Minor,0,1,1,1,Critical,1,29.470599,79.497521,12.14,12.78,13.88,1862,P3
UKD-003402,Landslide,Trapped People,13,2,0,0,2,1,0.32,6.98,Open,None,1,1,1,0,None,0,30.246687,78.026831,3.21,3.75,8.64,2382,P2
UKD-001390,Landslide,Damaged House,110,53,4,1,17,3,0.8,17.72,Blocked,None,1,0,1,1,Moderate,1,30.312987,77.851489,4.22,4.37,3.51,9091,P1
UKD-003565,Earthquake,Trapped People,82,33,4,2,9,2,0.1,2.01,Partially Blocked,Minor,1,1,1,1,Critical,1,30.031796,78.010823,2.09,3.93,1.26,1442,P2
UKD-000885,Landslide,Damaged House,129,65,4,2,18,8,0.64,15.76,Blocked,Severe,0,0,0,1,Low,0,30.268563,78.092023,3.44,4.2,5.92,1849,P1
UKD-001869,Flood,Evacuation Request,86,31,2,2,7,6,4.31,69.62,Partially Blocked,Minor,1,1,1,0,None,0,29.052014,79.401845,7.25,4.66,1.03,3209,P1
UKD-000011,Flood,Waterlogging,16,1,0,0,3,2,1.59,25.54,Open,None,1,0,0,0,None,0,30.267173,78.019627,2.22,1.14,5.87,2046,P1
UKD-003416,Flood,Damaged House,31,2,5,1,3,7,1.66,22.3,Open,Severe,1,1,1,1,Critical,1,30.777537,78.45063,12.53,4.78,16.4,451,P2
UKD-001464,Flood,Evacuation Request,87,39,3,2,9,3,2.96,58.6,Partially Blocked,Minor,0,1,1,1,Critical,1,29.391507,79.529802,19.67,3.44,14.26,1627,P1
UKD-000807,Landslide,Evacuation Request,48,18,0,0,17,9,0.58,11.99,Partially Blocked,Minor,0,0,1,1,Moderate,0,30.507319,79.562853,28.01,20.0,16.89,136,P1
UKD-004716,Earthquake,Infrastructure Damage,21,4,3,0,2,4,0.1,1.73,Open,Minor,1,1,1,1,Low,0,29.948036,78.09928,6.57,3.52,5.08,932,P3
UKD-004069,Flood,Evacuation Request,7,0,0,0,0,1,1.56,19.14,Partially Blocked,None,1,1,1,0,None,0,29.913246,78.202896,2.47,6.48,2.73,3521,P3
UKD-002109,Earthquake,Missing Person,93,53,1,7,15,5,0.12,2.8,Blocked,Moderate,0,1,0,1,Low,0,29.824843,78.054802,3.94,3.49,0.92,8621,P2
UKD-005063,Flood,Flooded Road,78,20,3,3,9,4,2.43,54.65,Blocked,Minor,1,1,1,1,Critical,1,30.613899,78.982395,15.74,6.19,8.17,241,P3
UKD-005947,Cloudburst,Evacuation Request,19,7,1,1,3,1,1.41,28.41,Blocked,Minor,0,1,0,1,Low,0,29.474384,79.3865,16.31,4.91,0.91,316,P3
UKD-002235,Flood,Damaged House,25,11,1,2,6,4,1.48,22.62,Partially Blocked,Moderate,0,1,1,1,Low,0,30.215155,78.711999,9.46,8.79,15.7,118,P2
UKD-000964,Landslide,Evacuation Request,198,36,7,2,9,9,0.96,15.82,Partially Blocked,Severe,1,0,1,1,Critical,1,30.355014,78.523141,12.46,5.13,11.51,151,P1
UKD-004495,Flood,Trapped People,21,7,1,0,6,2,1.88,26.42,Open,Minor,1,1,1,1,Low,0,28.949921,79.497474,4.15,1.36,5.62,2921,P3
UKD-002633,Cloudburst,Flooded Road,21,5,1,2,4,2,3.3,53.18,Blocked,Severe,0,0,1,0,None,0,30.723953,78.330978,9.48,3.93,19.65,201,P2
UKD-000705,Flood,Evacuation Request,36,18,2,0,7,6,3.11,63.63,Blocked,Minor,0,1,1,1,Critical,1,30.275957,78.017046,8.94,3.44,19.34,2897,P1
UKD-000432,Landslide,Infrastructure Damage,14,1,1,0,2,2,0.26,7.04,Blocked,Minor,1,1,1,1,Critical,1,30.458554,78.47115,13.41,13.22,15.91,293,P1
UKD-004389,Earthquake,Injured Person,43,12,3,2,7,2,0.09,1.37,Partially Blocked,Moderate,1,0,1,1,Low,1,30.23697,78.708595,4.78,8.81,1.13,386,P3
UKD-000146,Cloudburst,Missing Person,74,48,3,9,10,4,3.31,71.48,Blocked,Moderate,0,1,0,1,Critical,1,30.158912,78.801021,20.97,8.91,24.06,762,P1
UKD-002034,Earthquake,Damaged House,58,32,3,0,4,0,0.13,2.6,Blocked,Severe,0,1,0,1,Moderate,0,30.303587,79.345731,15.48,15.11,5.68,125,P2
UKD-005031,Landslide,Damaged House,6,0,0,0,2,0,0.1,1.91,Open,Moderate,0,1,1,0,None,0,29.292839,79.524107,9.6,4.86,15.42,423,P3
UKD-001166,Cloudburst,Missing Person,56,16,4,7,16,10,2.94,49.93,Open,Severe,0,0,1,1,Moderate,0,30.172946,78.469238,6.93,6.74,9.09,104,P1
UKD-003501,Flood,Damaged House,57,35,1,2,9,3,2.67,42.33,Blocked,Minor,0,1,1,1,Low,0,30.300545,78.888311,3.69,11.75,20.53,138,P2
UKD-002051,Landslide,Infrastructure Damage,25,14,0,2,11,4,0.3,8.4,Blocked,Minor,0,1,0,0,None,0,30.580199,79.622448,14.96,3.93,12.49,88,P2
UKD-003761,Landslide,Injured Person,47,31,12,3,23,1,0.53,12.37,Blocked,Moderate,0,0,1,1,Critical,1,30.204669,78.716006,3.19,18.65,8.49,250,P2
UKD-002625,Flood,Injured Person,16,7,2,3,6,0,2.35,34.12,Partially Blocked,Minor,0,0,0,1,Low,0,29.38069,79.394142,5.14,0.53,12.6,1201,P2
UKD-004485,Flood,Damaged House,32,1,1,4,11,2,2.16,33.28,Open,Minor,1,1,1,1,Low,0,30.266449,77.996947,4.88,6.32,2.12,860,P3
UKD-004436,Flood,Waterlogging,8,0,0,0,3,1,0.86,20.44,Open,None,1,1,1,0,None,0,28.983453,79.476272,4.85,3.88,7.42,2170,P3
UKD-004779,Cloudburst,Flooded Road,22,7,1,0,4,2,1.14,36.21,Blocked,None,0,1,1,0,None,0,30.143469,78.705395,3.74,5.01,26.91,820,P3
UKD-004649,Cloudburst,Evacuation Request,101,63,1,4,10,7,2.94,56.87,Blocked,Moderate,0,1,0,1,Moderate,1,30.291289,78.31194,30.0,20.0,20.86,117,P3
UKD-004362,Cloudburst,Injured Person,44,17,5,1,11,9,2.03,25.69,Partially Blocked,Minor,0,1,0,0,None,0,28.88301,79.543075,5.0,5.36,2.01,997,P3
UKD-002425,Landslide,Injured Person,79,10,6,3,12,12,0.61,12.19,Open,Minor,1,1,1,1,Moderate,1,30.243687,78.031801,1.3,0.39,4.86,1312,P2
UKD-001263,Flood,Trapped People,175,87,2,2,8,5,4.72,91.76,Blocked,Minor,0,0,1,1,Moderate,1,29.965386,78.200692,1.06,4.93,3.99,2652,P1
UKD-001772,Cloudburst,Evacuation Request,136,65,5,2,12,6,2.91,56.25,Blocked,Severe,0,0,1,1,Low,0,29.410529,79.428605,4.95,4.15,7.29,535,P1
UKD-003512,Flood,Missing Person,72,38,4,10,9,8,3.62,47.56,Partially Blocked,Severe,0,1,1,1,Critical,1,30.401493,78.049117,2.99,2.06,5.56,814,P2
UKD-000272,Flood,Flooded Road,200,34,6,3,14,3,4.1,99.42,Blocked,Severe,0,0,1,1,Low,0,30.067678,78.082366,4.29,5.09,1.56,2784,P1
UKD-000245,Landslide,Infrastructure Damage,26,13,2,0,1,6,1.03,19.44,Partially Blocked,Minor,0,1,1,1,Moderate,1,30.154171,78.781495,4.7,9.78,1.84,500,P1
UKD-005821,Landslide,Evacuation Request,32,1,1,0,5,3,0.16,3.75,Open,Minor,1,1,1,1,Low,1,30.349386,78.080084,2.44,0.21,2.13,1156,P3
UKD-004573,Flood,Infrastructure Damage,19,1,0,0,5,1,0.81,18.16,Open,None,1,1,1,0,None,0,28.960571,79.522101,1.71,0.5,3.58,4375,P3
UKD-002033,Flood,Flooded Road,15,0,0,1,3,1,1.37,31.29,Open,None,1,1,1,0,None,0,29.542742,79.639423,4.08,10.53,3.4,990,P2
UKD-004741,Flood,Evacuation Request,22,5,1,0,7,0,1.52,32.17,Partially Blocked,Minor,1,1,1,1,Moderate,1,29.28073,79.543993,3.29,5.28,4.19,514,P3
UKD-000814,Flood,Trapped People,120,62,3,6,9,2,4.54,100.0,Partially Blocked,Minor,1,1,0,1,Moderate,1,29.988254,78.145897,1.22,1.74,0.5,3279,P1
UKD-003811,Earthquake,Infrastructure Damage,47,10,4,0,14,4,0.08,2.02,Partially Blocked,None,1,1,1,1,Low,0,29.888029,78.137767,6.02,4.72,0.5,687,P2
UKD-004869,Landslide,Evacuation Request,12,2,0,0,2,0,0.13,2.62,Open,Minor,1,1,1,0,None,0,29.419018,79.481759,2.45,5.58,8.44,835,P3
UKD-001805,Landslide,Missing Person,143,33,1,6,9,3,0.99,18.94,Open,Minor,1,0,0,1,Low,0,30.423781,78.283474,11.77,1.7,7.65,239,P1
UKD-004347,Landslide,Trapped People,3,1,0,0,0,0,0.19,2.76,Partially Blocked,Minor,1,1,1,0,None,0,30.311926,78.048978,8.58,0.61,2.25,3617,P3
UKD-002462,Earthquake,Evacuation Request,57,21,1,1,13,4,0.09,2.02,Open,Moderate,0,0,1,1,Low,1,28.963202,79.457347,2.3,6.86,0.61,2954,P2
UKD-000546,Flood,Evacuation Request,126,51,9,0,10,2,2.06,51.68,Partially Blocked,Severe,0,0,1,1,Low,0,29.034452,79.504059,7.12,2.12,4.47,1088,P1
UKD-003242,Flood,Evacuation Request,18,7,1,0,2,1,2.75,34.38,Blocked,Minor,1,1,1,1,Low,0,30.353149,77.864096,8.94,1.57,7.32,704,P2
UKD-000739,Flood,Waterlogging,98,24,4,1,13,2,3.84,78.06,Partially Blocked,Moderate,0,0,0,1,Low,0,30.367815,77.994681,2.49,0.9,0.5,4989,P1
UKD-000311,Flood,Missing Person,21,16,2,7,8,5,3.28,71.53,Blocked,Minor,0,0,0,1,Critical,1,29.957495,78.166408,5.24,2.31,2.89,2582,P1
UKD-003522,Cloudburst,Flooded Road,16,5,2,1,5,3,2.08,47.95,Blocked,Moderate,0,1,0,0,None,0,29.037971,79.499406,2.32,9.26,8.34,1742,P2
UKD-001132,Landslide,Injured Person,24,17,8,1,2,1,0.63,14.19,Blocked,Moderate,0,0,1,0,None,0,30.51242,78.410968,24.33,3.44,21.6,587,P1
UKD-005907,Cloudburst,Damaged House,18,2,0,0,2,5,1.02,23.88,Partially Blocked,Minor,1,1,0,0,None,0,30.361141,77.986572,1.17,4.33,2.7,1229,P3
UKD-004112,Landslide,Damaged House,2,0,0,1,1,0,0.08,1.98,Open,Moderate,1,1,1,0,None,0,30.479357,79.079116,20.49,9.61,7.45,150,P3
UKD-002770,Cloudburst,Infrastructure Damage,21,11,3,1,7,3,1.93,30.81,Blocked,None,0,0,1,1,Low,0,30.836993,78.619666,19.44,11.73,12.81,129,P2
UKD-000921,Cloudburst,Flooded Road,42,10,2,1,8,4,3.09,61.69,Open,Moderate,0,1,1,1,Moderate,1,29.990037,78.186322,11.95,3.01,4.42,1253,P1
UKD-003588,Earthquake,Evacuation Request,57,13,1,2,14,12,0.11,1.63,Partially Blocked,None,1,1,1,0,None,0,30.238286,78.10282,4.63,5.19,0.5,937,P2
UKD-003960,Landslide,Infrastructure Damage,113,47,2,2,5,2,0.75,11.72,Partially Blocked,Minor,0,1,1,1,Moderate,0,29.589871,79.958105,16.77,7.16,10.46,180,P2
UKD-000039,Landslide,Infrastructure Damage,200,67,4,2,11,7,0.79,18.93,Blocked,Severe,0,1,0,1,Critical,1,30.335766,78.347821,12.16,7.02,25.79,271,P1
UKD-004460,Earthquake,Damaged House,15,0,0,0,2,0,0.04,0.64,Open,Minor,1,1,1,0,None,0,29.913709,78.179029,9.08,3.24,2.54,3012,P3
UKD-004279,Cloudburst,Waterlogging,2,0,0,0,0,0,0.6,23.88,Open,Minor,1,1,1,0,None,0,29.853209,78.155485,0.5,6.17,4.13,368,P3
UKD-002984,Flood,Trapped People,5,4,0,0,0,3,1.42,33.11,Open,None,1,1,1,0,None,0,29.989617,78.113832,8.85,0.94,1.92,2419,P2
UKD-005986,Landslide,Infrastructure Damage,23,11,0,2,3,4,0.34,7.82,Blocked,Minor,0,1,0,0,None,0,30.34034,78.145146,9.02,2.76,6.68,1679,P3
UKD-002668,Landslide,Damaged House,107,17,4,1,18,4,0.63,14.5,Open,Severe,1,0,1,1,Moderate,1,29.907111,78.186772,6.43,0.84,3.17,3944,P2
UKD-003224,Landslide,Infrastructure Damage,136,43,2,3,12,12,0.5,11.21,Blocked,Minor,1,0,0,1,Low,0,30.315837,78.073854,8.58,2.83,10.24,2283,P2
UKD-001183,Cloudburst,Trapped People,96,55,3,4,10,9,3.0,49.26,Partially Blocked,Severe,1,1,0,1,Critical,1,30.380128,77.905071,8.93,5.68,2.13,597,P1
UKD-000615,Landslide,Infrastructure Damage,14,10,0,0,3,1,0.51,7.32,Blocked,Minor,0,1,0,0,None,0,29.830637,79.723486,4.79,0.2,12.52,116,P1
UKD-005890,Landslide,Missing Person,54,16,2,4,16,8,0.37,4.64,Partially Blocked,Moderate,0,1,0,0,None,0,29.817171,78.15218,0.54,5.87,2.72,3101,P3
UKD-001467,Earthquake,Evacuation Request,42,32,3,2,6,10,0.12,3.1,Blocked,Minor,0,1,1,0,None,0,29.354776,79.470417,6.87,8.06,30.0,657,P1
UKD-004498,Landslide,Trapped People,15,8,0,1,6,1,0.29,4.19,Partially Blocked,None,1,1,1,1,Low,1,28.907243,79.493103,3.07,8.74,10.97,4824,P3
UKD-003043,Landslide,Injured Person,30,11,8,0,6,4,0.59,12.39,Blocked,Moderate,1,1,1,0,None,0,30.438442,78.084447,5.9,1.98,4.42,1736,P2
UKD-000935,Cloudburst,Missing Person,37,3,0,11,8,3,1.34,28.53,Open,None,1,0,0,0,None,0,29.958881,78.065533,0.94,4.48,7.48,1771,P1
UKD-002420,Flood,Damaged House,5,0,0,0,1,0,0.48,7.55,Open,Minor,1,1,1,0,None,0,28.935605,79.541016,8.38,1.63,0.5,1230,P2
UKD-005412,Landslide,Infrastructure Damage,2,0,1,0,1,0,0.2,3.78,Open,None,1,1,1,0,None,0,30.312498,78.063276,4.91,4.08,3.3,993,P3
UKD-004857,Earthquake,Trapped People,53,22,1,2,12,9,0.07,1.02,Blocked,Minor,1,0,0,0,None,0,29.354144,79.477946,13.15,6.75,7.3,924,P3
UKD-000827,Landslide,Trapped People,45,28,3,2,5,8,1.0,16.66,Partially Blocked,Moderate,1,0,0,0,None,0,30.268606,78.087404,15.01,0.27,2.09,1716,P1
UKD-001522,Cloudburst,Evacuation Request,200,69,4,5,8,8,3.66,55.7,Blocked,Severe,0,0,0,1,Low,0,29.343025,79.535402,14.31,12.06,7.1,688,P1
UKD-002931,Cloudburst,Infrastructure Damage,64,37,0,2,3,4,2.33,47.87,Blocked,Moderate,0,0,1,1,Moderate,1,29.334515,80.035431,7.35,18.05,19.76,1142,P2
UKD-004233,Flood,Injured Person,32,22,9,0,7,3,2.72,51.43,Blocked,Minor,0,0,1,1,Moderate,1,29.782062,78.237836,1.39,5.3,3.83,1294,P3
UKD-000629,Flood,Evacuation Request,160,64,7,4,11,5,4.43,95.01,Blocked,Severe,0,0,1,1,Critical,1,29.05494,79.433659,7.28,6.51,4.0,558,P1
UKD-004431,Landslide,Infrastructure Damage,3,0,0,0,0,1,0.11,1.9,Blocked,Minor,1,1,1,0,None,0,30.332352,79.516243,5.65,6.97,9.73,68,P3
UKD-003854,Flood,Infrastructure Damage,92,62,5,6,19,6,4.15,64.96,Blocked,Minor,0,0,0,1,Critical,1,30.240164,77.956189,4.4,9.42,1.15,1496,P2
UKD-000391,Flood,Damaged House,115,67,8,2,4,7,3.11,84.8,Blocked,Severe,0,1,1,1,Critical,1,29.830965,78.18936,5.17,3.4,7.44,1541,P1
UKD-004346,Landslide,Trapped People,68,52,1,0,4,4,0.33,6.39,Blocked,Minor,0,0,1,1,Low,0,30.30623,79.393361,13.87,14.81,11.67,307,P3
UKD-005851,Earthquake,Trapped People,78,58,1,1,14,8,0.09,1.67,Blocked,None,0,1,1,1,Critical,1,30.140137,78.715932,7.98,9.19,8.61,176,P3
UKD-003991,Flood,Injured Person,18,8,4,0,6,5,2.65,56.0,Blocked,Minor,0,1,1,1,Low,0,30.810286,78.418785,11.16,14.36,23.64,138,P2
UKD-000401,Landslide,Trapped People,75,39,4,2,4,10,0.87,14.6,Partially Blocked,None,1,0,0,1,Moderate,0,29.033017,79.423309,4.68,0.98,3.22,2755,P1
UKD-003360,Landslide,Trapped People,62,47,0,3,9,4,0.53,12.03,Blocked,Moderate,0,1,0,1,Low,0,30.432688,77.995342,5.66,0.84,2.94,2693,P2
UKD-000047,Cloudburst,Waterlogging,9,2,0,0,1,1,2.05,45.63,Partially Blocked,None,0,0,1,1,Moderate,1,29.007505,79.580685,0.5,1.03,6.15,2465,P1
UKD-005754,Cloudburst,Flooded Road,5,0,0,0,1,0,1.19,29.68,Open,Minor,1,1,1,0,None,0,30.311186,77.981345,6.75,2.77,1.09,1529,P3
UKD-005910,Earthquake,Infrastructure Damage,4,0,0,0,0,0,0.02,0.42,Open,Minor,1,1,1,0,None,0,30.281692,77.932547,6.01,4.67,1.22,2607,P3
UKD-003643,Flood,Flooded Road,42,6,2,1,16,1,2.18,42.53,Open,Minor,1,1,1,1,Low,0,28.982102,79.446769,2.23,3.16,3.96,6205,P2
UKD-003727,Cloudburst,Missing Person,36,24,1,15,12,4,1.51,45.05,Blocked,Moderate,0,1,1,0,None,0,30.140591,78.83505,28.65,2.42,5.62,244,P2
UKD-005825,Flood,Flooded Road,22,1,0,0,1,3,0.78,23.34,Open,None,1,0,1,0,None,0,29.605025,79.707153,2.87,10.56,11.17,153,P3
UKD-002422,Landslide,Infrastructure Damage,24,5,0,1,6,2,0.3,5.39,Open,None,0,1,0,0,None,0,29.624232,79.703736,21.37,2.29,6.17,549,P2
UKD-001751,Cloudburst,Evacuation Request,46,29,2,1,15,5,1.53,39.1,Blocked,Moderate,0,1,0,1,Moderate,1,30.468334,79.249703,16.89,10.58,4.85,428,P1
UKD-005799,Earthquake,Injured Person,6,1,2,0,1,2,0.05,0.94,Partially Blocked,Minor,1,1,1,0,None,0,30.390799,78.018069,6.72,3.1,4.51,2583,P3
UKD-004908,Cloudburst,Evacuation Request,14,0,0,1,4,2,0.76,14.57,Open,None,1,0,1,0,None,0,30.463033,78.503284,13.97,10.1,11.22,189,P3
UKD-004063,Flood,Flooded Road,7,2,0,0,1,2,1.22,34.81,Blocked,None,1,1,1,0,None,0,30.173833,78.798873,30.0,2.91,4.33,168,P3
UKD-000339,Flood,Flooded Road,115,17,4,2,13,6,3.94,89.25,Blocked,Moderate,1,0,1,1,Critical,1,28.912489,79.42945,3.66,1.94,8.8,609,P1
UKD-000216,Landslide,Damaged House,51,36,3,2,6,4,0.68,13.47,Blocked,None,0,1,1,1,Moderate,0,30.780617,78.594733,11.62,8.33,17.15,174,P1
UKD-003664,Earthquake,Evacuation Request,11,1,0,0,1,3,0.05,1.07,Open,Minor,1,1,1,0,None,0,29.704385,79.5331,3.88,7.94,6.77,375,P2
UKD-001342,Earthquake,Damaged House,200,42,3,1,12,6,0.19,3.33,Partially Blocked,Moderate,0,0,1,1,Critical,1,28.953546,79.438169,8.02,5.16,6.8,2189,P1
UKD-005485,Landslide,Infrastructure Damage,11,4,0,0,2,1,0.2,3.86,Partially Blocked,None,1,0,1,0,None,0,29.970359,78.063067,6.14,4.57,0.5,1476,P3
UKD-003895,Flood,Infrastructure Damage,76,52,0,3,22,7,4.54,75.78,Blocked,Moderate,0,1,0,0,None,0,29.922334,78.180618,3.06,4.58,1.54,1921,P2
UKD-003641,Earthquake,Damaged House,99,21,2,3,14,1,0.07,1.46,Partially Blocked,None,1,0,0,1,Moderate,1,30.412679,78.992449,6.48,16.12,30.0,358,P2
UKD-000330,Flood,Trapped People,138,53,0,0,8,9,1.99,55.6,Partially Blocked,Moderate,1,1,1,1,Low,1,30.249205,79.105232,29.06,6.66,5.97,238,P1
UKD-003005,Earthquake,Damaged House,25,15,2,0,6,2,0.12,2.14,Blocked,Severe,0,0,0,1,Low,0,29.841406,78.870009,15.88,7.85,8.18,54,P2
UKD-005732,Earthquake,Damaged House,6,0,0,0,1,0,0.02,0.34,Open,Moderate,1,1,0,0,None,0,30.034507,78.048943,11.08,2.22,0.81,2021,P3
UKD-003116,Flood,Flooded Road,24,2,1,0,3,6,2.4,53.45,Open,Minor,1,1,1,1,Low,0,29.034047,79.397942,3.27,1.87,6.22,671,P2
UKD-005802,Earthquake,Damaged House,6,1,0,0,2,0,0.03,0.49,Open,Moderate,1,1,1,0,None,0,29.363492,79.521108,4.43,7.74,1.65,622,P3
UKD-002323,Earthquake,Trapped People,87,44,3,3,15,1,0.12,2.05,Open,Severe,0,1,1,1,Critical,1,28.972355,79.495099,4.81,0.36,1.69,1212,P2
UKD-004198,Landslide,Infrastructure Damage,45,26,2,3,6,3,0.28,6.15,Blocked,None,0,0,0,1,Moderate,1,30.218515,79.082037,16.55,5.38,10.38,131,P3
UKD-003550,Earthquake,Infrastructure Damage,3,1,0,0,0,0,0.02,0.44,Partially Blocked,None,1,1,1,0,None,0,30.245653,79.012926,8.53,13.17,1.47,158,P2
UKD-001459,Earthquake,Evacuation Request,44,28,2,4,6,6,0.15,2.03,Blocked,Severe,0,0,0,1,Low,0,30.352492,78.977064,3.65,9.42,14.62,421,P1
UKD-000172,Flood,Evacuation Request,11,2,2,0,1,1,1.1,22.19,Open,Minor,1,1,1,1,Low,1,29.895374,78.145666,3.01,0.79,2.21,1371,P1
UKD-004204,Earthquake,Infrastructure Damage,20,3,1,4,7,0,0.07,1.18,Partially Blocked,Minor,1,1,0,0,None,0,30.121973,78.789147,4.96,5.22,6.82,826,P3
UKD-005021,Flood,Waterlogging,6,1,0,0,1,1,3.2,42.28,Partially Blocked,Minor,1,1,1,0,None,0,30.27085,78.328753,7.62,5.41,7.97,287,P3
UKD-003570,Earthquake,Evacuation Request,10,1,0,0,4,2,0.06,1.39,Open,Moderate,1,1,1,0,None,0,30.34674,79.486558,11.5,3.43,4.21,322,P2
UKD-004227,Cloudburst,Trapped People,12,4,0,0,1,2,1.46,25.01,Partially Blocked,Moderate,1,0,1,1,Low,0,30.243711,78.137477,2.82,0.64,3.68,1616,P3
UKD-004889,Flood,Damaged House,10,0,0,0,2,1,0.42,11.96,Open,None,1,1,1,0,None,0,30.999307,78.67066,10.52,14.65,1.78,80,P3
UKD-004937,Flood,Injured Person,8,1,2,1,2,0,0.78,16.45,Partially Blocked,Minor,1,1,1,1,Low,1,29.87125,78.16993,1.25,1.38,1.35,2356,P3
UKD-000939,Cloudburst,Infrastructure Damage,141,56,4,3,12,3,1.93,42.67,Blocked,Minor,0,1,1,1,Critical,1,29.842808,78.127433,2.58,4.15,0.86,1070,P1
UKD-000061,Landslide,Damaged House,18,1,3,1,6,3,0.25,5.59,Partially Blocked,Severe,1,0,1,1,Moderate,1,29.6991,79.576838,11.41,5.04,11.66,517,P1
UKD-001241,Flood,Flooded Road,149,26,4,1,6,8,4.83,100.0,Partially Blocked,Severe,0,1,1,1,Critical,0,28.98121,79.616048,2.03,2.33,11.96,2553,P1
UKD-005010,Earthquake,Infrastructure Damage,1,0,0,0,1,0,0.02,0.36,Partially Blocked,None,1,0,1,0,None,0,29.966022,78.125616,0.58,3.68,5.15,1116,P3
UKD-002121,Flood,Flooded Road,4,1,0,0,1,1,2.22,54.34,Blocked,None,0,1,1,0,None,0,29.929381,78.120495,2.06,11.65,3.43,444,P2
UKD-001525,Earthquake,Damaged House,31,9,3,0,3,3,0.1,1.62,Partially Blocked,Severe,1,1,1,1,Moderate,1,30.149768,78.701517,4.9,2.71,24.42,486,P1
UKD-000154,Flood,Trapped People,83,43,1,1,12,4,2.56,60.85,Partially Blocked,Moderate,1,1,1,1,Low,0,30.380614,79.325433,4.54,7.89,16.54,514,P1
UKD-000482,Cloudburst,Evacuation Request,8,1,0,0,3,1,1.94,37.72,Partially Blocked,Severe,1,1,0,0,None,0,29.45186,79.429887,11.73,15.66,12.63,448,P1
UKD-004461,Flood,Flooded Road,14,0,0,0,7,0,1.07,28.35,Open,None,1,1,1,1,Low,0,30.206704,78.841478,15.17,4.37,2.35,1037,P3
UKD-003921,Landslide,Infrastructure Damage,25,8,2,2,3,3,0.3,5.84,Blocked,Minor,1,1,1,0,None,0,30.344568,78.015396,5.57,4.0,1.18,773,P2
UKD-001763,Cloudburst,Trapped People,69,39,3,1,20,5,2.73,43.61,Partially Blocked,Moderate,1,1,1,1,Moderate,0,30.241503,78.643271,6.37,11.13,2.56,1362,P1
UKD-000751,Cloudburst,Infrastructure Damage,22,15,2,1,2,4,2.55,51.72,Blocked,Moderate,0,0,1,1,Critical,1,30.071089,78.743973,9.14,1.54,15.7,189,P1
UKD-001786,Flood,Trapped People,56,40,3,0,13,7,2.06,47.27,Blocked,None,1,1,1,1,Moderate,0,30.350377,78.036411,8.64,2.44,0.5,1384,P1
UKD-004502,Flood,Waterlogging,16,3,2,1,4,3,2.78,45.6,Partially Blocked,Minor,0,1,1,1,Low,1,30.050031,78.261644,7.65,1.4,3.55,9362,P3
UKD-002712,Flood,Flooded Road,24,0,3,0,1,5,3.61,68.62,Blocked,Moderate,1,0,1,1,Moderate,1,30.303984,78.011692,9.32,4.09,2.77,3919,P2
UKD-004846,Landslide,Infrastructure Damage,48,9,1,0,10,4,0.32,5.15,Partially Blocked,Minor,1,1,1,0,None,0,30.2167,78.729265,5.71,8.91,11.12,1090,P3
UKD-004194,Flood,Waterlogging,1,0,0,0,0,1,0.78,24.23,Open,None,1,0,1,0,None,0,30.269287,78.808977,9.8,8.27,3.32,1944,P3
UKD-001334,Cloudburst,Infrastructure Damage,76,21,7,2,10,5,3.87,57.66,Open,Severe,1,1,0,1,Low,0,29.928633,78.090972,4.47,1.9,2.3,2589,P1
UKD-005336,Cloudburst,Trapped People,27,19,2,4,6,1,1.87,36.34,Partially Blocked,Moderate,0,0,0,0,None,0,29.439352,79.42334,2.67,7.58,7.06,1109,P3
UKD-002855,Earthquake,Infrastructure Damage,81,52,1,2,8,7,0.11,1.71,Blocked,Moderate,0,0,1,1,Critical,1,30.226873,77.979381,4.39,1.38,6.17,3697,P2
UKD-000187,Landslide,Trapped People,94,51,2,1,15,6,0.46,13.12,Partially Blocked,Moderate,1,1,1,1,Low,0,30.243613,78.037294,11.51,5.91,1.82,3884,P1
UKD-001137,Landslide,Injured Person,111,47,9,3,21,5,0.87,16.9,Partially Blocked,Severe,0,1,0,1,Moderate,1,29.4815,79.484029,6.06,1.43,13.39,516,P1
UKD-002059,Cloudburst,Flooded Road,95,9,4,3,16,1,2.49,54.53,Open,Severe,1,1,0,1,Critical,1,30.391615,78.513214,10.29,4.74,4.26,1080,P2
UKD-005023,Cloudburst,Damaged House,12,0,1,0,2,2,0.33,5.56,Open,Minor,1,1,1,1,Low,1,30.010568,78.162513,0.57,3.5,5.07,2720,P3
UKD-000149,Flood,Evacuation Request,98,26,2,1,12,8,2.64,61.17,Partially Blocked,Minor,1,0,1,1,Critical,1,30.220107,79.189436,11.17,3.89,15.31,157,P1
UKD-004125,Flood,Trapped People,10,2,0,1,1,2,1.34,28.29,Open,Minor,1,1,1,1,Low,0,29.957968,78.172842,1.98,3.84,2.99,2432,P3
UKD-003364,Landslide,Infrastructure Damage,21,6,0,1,3,4,0.31,6.43,Blocked,None,0,1,0,0,None,0,30.523796,78.971745,20.53,5.65,7.87,366,P2
UKD-002867,Landslide,Trapped People,20,11,0,2,5,1,0.47,7.64,Partially Blocked,Severe,1,1,1,1,Low,0,30.200082,79.111675,27.17,5.31,15.89,316,P2
UKD-003777,Landslide,Trapped People,43,29,2,1,12,8,1.11,14.25,Blocked,Minor,1,0,1,1,Moderate,0,29.915938,78.147173,5.09,3.51,1.86,2826,P2
UKD-001387,Landslide,Trapped People,74,54,1,1,6,6,0.47,10.13,Blocked,Minor,0,0,1,1,Moderate,0,30.344014,78.2262,7.19,7.39,11.67,1686,P1
UKD-005672,Flood,Flooded Road,44,8,1,1,6,4,2.4,39.1,Partially Blocked,Minor,0,1,1,1,Low,0,28.970011,79.46678,3.57,5.86,2.98,6883,P3
UKD-004960,Flood,Damaged House,17,2,1,0,4,0,0.76,14.61,Partially Blocked,None,1,1,0,1,Moderate,1,28.99301,79.442245,1.04,2.23,1.74,1011,P3
UKD-003630,Cloudburst,Missing Person,64,39,3,14,9,13,2.41,51.27,Blocked,Minor,0,1,0,1,Critical,1,30.281836,78.115646,0.85,1.2,5.02,939,P2
UKD-005397,Earthquake,Damaged House,89,41,3,0,14,6,0.09,1.55,Partially Blocked,Severe,0,0,1,1,Low,0,29.984641,78.113207,4.77,4.05,1.69,1672,P3
UKD-003029,Cloudburst,Waterlogging,30,1,3,1,5,1,2.34,42.36,Partially Blocked,Minor,0,0,0,1,Low,0,30.18408,78.118523,1.8,6.01,8.79,1836,P2
UKD-002970,Cloudburst,Evacuation Request,164,62,3,0,9,3,1.82,36.71,Blocked,Minor,0,1,1,1,Low,1,30.099916,78.694361,15.92,5.49,3.79,325,P2
UKD-005208,Earthquake,Injured Person,1,0,1,0,0,0,0.03,0.52,Open,None,0,1,1,1,Low,0,30.360605,79.263482,12.43,1.71,5.89,873,P3
UKD-001709,Cloudburst,Flooded Road,70,28,3,1,15,9,3.88,65.55,Blocked,Moderate,0,0,0,1,Moderate,0,30.374931,78.072608,7.53,8.43,1.11,2602,P1
UKD-002954,Landslide,Infrastructure Damage,65,35,2,0,5,9,0.52,10.29,Partially Blocked,None,0,1,1,1,Critical,1,30.393079,78.085476,8.32,0.84,1.76,622,P2
UKD-000455,Flood,Evacuation Request,200,63,6,5,6,10,4.89,61.96,Blocked,Severe,0,0,0,1,Low,0,29.919038,78.201483,3.33,4.48,5.37,1624,P1
UKD-000610,Earthquake,Evacuation Request,106,69,1,1,10,3,0.11,2.81,Blocked,None,0,1,1,1,Moderate,0,28.977897,79.328956,3.34,3.97,3.45,2149,P1
UKD-004264,Flood,Evacuation Request,11,2,1,0,2,1,0.81,13.04,Partially Blocked,None,1,1,1,1,Low,0,29.608005,80.075991,21.79,7.06,5.63,299,P3
UKD-005082,Earthquake,Injured Person,3,0,1,0,0,0,0.02,0.43,Open,None,1,1,1,1,Low,0,30.336179,78.047161,0.79,3.15,5.73,1791,P3
UKD-002075,Flood,Injured Person,7,2,4,3,2,1,1.74,41.33,Partially Blocked,Severe,1,0,0,1,Moderate,1,28.921365,79.497626,1.96,1.17,4.14,937,P2
UKD-004053,Landslide,Damaged House,31,10,1,0,10,1,0.27,5.41,Blocked,None,1,1,1,1,Low,0,30.705808,78.435014,4.58,7.34,12.84,67,P3
UKD-004874,Earthquake,Trapped People,54,16,1,1,11,2,0.08,1.54,Open,Minor,1,0,0,1,Low,0,29.599916,79.631384,6.18,0.47,2.81,727,P3
UKD-001623,Earthquake,Waterlogging,14,4,1,0,4,1,0.47,13.72,Partially Blocked,Minor,1,0,1,1,Moderate,1,30.003546,78.073644,5.79,0.67,6.22,2029,P1
UKD-004684,Flood,Trapped People,7,1,0,1,0,2,0.89,24.11,Open,None,1,0,0,0,None,0,30.091615,78.798101,8.73,2.25,0.78,1287,P3
UKD-005253,Flood,Damaged House,184,62,7,3,9,7,3.53,74.82,Blocked,Severe,0,0,0,1,Moderate,1,30.2618,78.021988,2.98,3.75,5.86,1278,P3
UKD-000041,Landslide,Infrastructure Damage,34,17,4,2,7,5,0.55,12.18,Partially Blocked,Moderate,0,1,1,1,Critical,1,29.290148,79.365833,14.83,1.51,16.71,663,P1
UKD-002090,Flood,Flooded Road,39,16,1,1,7,6,3.44,75.26,Blocked,Minor,0,1,0,1,Moderate,1,28.967647,79.532807,12.96,1.14,23.8,3569,P2
UKD-003925,Landslide,Trapped People,55,40,3,0,11,1,0.59,9.46,Blocked,Moderate,1,0,1,1,Moderate,0,30.070602,78.832971,0.89,8.25,11.53,976,P2
UKD-002176,Cloudburst,Flooded Road,15,4,0,1,3,2,1.13,40.39,Blocked,None,0,1,1,0,None,0,29.965901,78.046246,6.15,3.8,7.53,4112,P2
UKD-000075,Earthquake,Damaged House,108,45,6,3,8,6,0.13,2.56,Partially Blocked,Severe,0,1,1,1,Critical,1,30.149983,78.854481,14.23,12.46,4.27,659,P1
UKD-005926,Cloudburst,Flooded Road,168,41,5,5,6,1,2.63,78.69,Blocked,Severe,0,0,1,1,Low,0,30.243329,78.772645,14.5,3.16,3.08,469,P3
UKD-005917,Cloudburst,Flooded Road,21,3,1,0,6,1,1.28,29.13,Blocked,Minor,0,1,1,1,Moderate,1,29.016672,79.454955,5.57,4.25,3.42,1027,P3
UKD-002658,Earthquake,Missing Person,16,6,3,3,7,0,0.1,2.68,Blocked,Moderate,1,0,0,1,Moderate,0,30.275827,78.172224,4.46,0.74,4.46,1038,P2
UKD-003181,Landslide,Missing Person,105,38,1,5,10,6,0.43,10.1,Blocked,Minor,1,0,1,1,Low,0,29.934683,78.080459,7.93,7.66,8.0,1490,P2
UKD-002077,Landslide,Damaged House,53,17,3,2,8,2,0.53,9.37,Partially Blocked,Severe,0,1,1,0,None,0,30.43317,78.563698,15.64,10.59,23.51,66,P2
UKD-000442,Flood,Waterlogging,155,25,5,5,8,6,4.19,100.0,Blocked,Severe,1,0,0,1,Moderate,0,29.984054,78.090772,2.5,1.68,3.86,1625,P1
UKD-002052,Earthquake,Missing Person,94,60,2,7,10,3,0.13,2.8,Blocked,Moderate,0,1,1,1,Low,0,29.015017,79.605602,5.76,2.41,14.6,811,P2
UKD-002542,Earthquake,Evacuation Request,140,49,5,2,3,4,0.14,3.1,Partially Blocked,Severe,0,0,1,1,Critical,1,29.438441,79.422553,4.8,1.63,2.6,299,P2
UKD-001302,Flood,Waterlogging,47,10,1,2,17,3,3.06,70.61,Blocked,Moderate,1,0,1,1,Critical,1,29.983225,78.139018,3.64,1.22,6.74,1827,P1
UKD-003431,Landslide,Infrastructure Damage,81,29,2,0,12,6,0.55,13.62,Partially Blocked,Moderate,1,1,1,1,Critical,1,28.917466,79.494763,5.53,12.11,0.77,6823,P2
UKD-001305,Flood,Injured Person,22,3,1,0,3,6,2.6,66.19,Partially Blocked,Severe,1,0,0,0,None,0,30.254543,78.960082,13.51,7.47,9.95,183,P1
UKD-000237,Landslide,Damaged House,51,26,3,2,8,4,0.54,13.38,Partially Blocked,Severe,0,0,1,1,Moderate,0,30.399094,79.252171,18.47,9.12,16.6,386,P1
UKD-004996,Earthquake,Infrastructure Damage,1,0,0,0,1,0,0.04,0.73,Open,None,1,1,1,0,None,0,29.577711,79.66857,1.12,4.88,2.32,167,P3
UKD-002600,Earthquake,Infrastructure Damage,70,20,7,2,4,10,0.12,3.04,Partially Blocked,Severe,1,1,1,1,Critical,1,30.259935,77.999421,11.38,0.88,1.98,513,P2
UKD-004617,Landslide,Trapped People,7,2,0,0,2,0,0.17,3.82,Open,None,1,1,1,0,None,0,29.521646,79.599175,7.8,2.3,7.68,325,P3
UKD-002574,Flood,Flooded Road,18,2,1,1,3,1,3.3,71.45,Partially Blocked,Minor,0,1,1,1,Low,0,29.903328,78.130774,3.73,2.4,8.89,876,P2
UKD-003281,Flood,Trapped People,163,74,1,3,9,6,2.48,41.07,Blocked,Minor,0,0,1,1,Moderate,1,29.015005,79.559153,2.9,2.84,1.67,1116,P2
UKD-003187,Cloudburst,Damaged House,46,29,0,0,13,3,1.66,37.75,Blocked,Moderate,0,0,1,1,Moderate,0,30.550228,78.411269,18.69,4.09,5.9,110,P2
UKD-003954,Landslide,Damaged House,76,44,3,4,9,5,0.73,14.81,Blocked,Minor,0,1,0,1,Critical,1,29.391068,79.481384,11.48,0.56,5.07,1002,P2
UKD-002769,Flood,Damaged House,143,38,1,1,13,6,2.65,42.71,Partially Blocked,Minor,0,1,1,1,Low,0,29.74119,80.214332,20.91,11.44,8.72,152,P2
UKD-004224,Flood,Waterlogging,85,6,3,2,7,4,3.1,68.0,Open,Minor,1,0,0,1,Critical,1,29.070294,79.477903,2.1,1.62,1.06,5539,P3
UKD-002107,Flood,Trapped People,60,18,3,1,5,4,2.02,30.79,Open,Minor,1,1,1,1,Critical,1,30.469576,78.519723,11.47,9.46,5.97,191,P2
UKD-002680,Landslide,Injured Person,8,1,3,0,0,0,0.5,9.32,Partially Blocked,Minor,1,1,1,1,Low,0,30.195554,77.93595,1.93,4.63,1.28,1326,P2
UKD-002762,Flood,Trapped People,52,37,3,1,6,2,3.18,65.92,Open,Severe,0,0,0,1,Moderate,1,28.902355,79.471886,2.3,3.19,1.52,3302,P2
UKD-004689,Landslide,Flooded Road,38,8,1,1,11,5,1.07,20.7,Partially Blocked,Moderate,0,1,0,1,Low,1,28.978779,79.501174,2.21,4.81,4.31,1313,P3
UKD-001388,Earthquake,Missing Person,116,64,4,12,10,6,0.16,3.2,Blocked,Severe,0,0,1,1,Low,0,30.130016,77.947138,9.16,3.8,3.59,2963,P1
UKD-005632,Flood,Waterlogging,13,1,0,0,5,1,1.25,32.06,Open,Minor,1,0,1,1,Moderate,0,29.862038,78.242639,6.31,3.94,6.96,1178,P3
UKD-005427,Flood,Damaged House,4,1,0,0,0,0,1.25,24.68,Open,Severe,1,0,0,1,Low,0,30.121521,78.138964,1.77,0.76,2.73,831,P3
UKD-001280,Earthquake,Trapped People,55,39,1,1,8,7,0.14,2.98,Blocked,Moderate,1,0,0,0,None,0,30.245314,78.814684,19.56,1.06,3.66,558,P1
UKD-005880,Flood,Flooded Road,126,29,3,5,17,5,4.66,91.44,Blocked,None,0,1,0,1,Low,1,29.963998,78.135089,0.85,2.94,5.54,1397,P3
UKD-001556,Flood,Injured Person,65,29,2,0,4,6,3.53,81.84,Open,Minor,0,1,1,1,Critical,1,30.17309,78.034777,5.58,2.34,1.8,1531,P1
UKD-005423,Earthquake,Evacuation Request,4,0,0,0,2,0,0.01,0.27,Partially Blocked,None,1,1,1,0,None,0,30.338301,77.993981,4.02,0.9,3.51,1495,P3
UKD-003191,Landslide,Missing Person,11,3,0,2,3,0,0.42,9.6,Partially Blocked,None,1,1,1,0,None,0,30.06091,78.229576,3.07,1.56,4.53,560,P2
UKD-004567,Flood,Trapped People,65,36,1,2,17,4,1.78,36.2,Blocked,Minor,1,1,0,1,Low,0,28.959521,79.427751,18.07,5.66,3.19,765,P3
UKD-004803,Flood,Injured Person,16,11,6,0,4,4,3.6,55.99,Blocked,Severe,0,0,1,1,Critical,1,29.914427,78.106659,5.26,6.16,3.64,1721,P3
UKD-005627,Earthquake,Infrastructure Damage,10,0,0,1,2,2,0.02,0.4,Open,None,1,1,0,0,None,0,29.933986,78.212103,5.49,8.05,2.0,1547,P3
UKD-003595,Flood,Damaged House,75,22,1,1,11,6,1.62,37.91,Partially Blocked,None,1,0,1,0,None,0,29.920705,78.176592,1.9,3.88,1.17,990,P2
UKD-001921,Landslide,Evacuation Request,23,10,0,2,5,2,0.39,10.61,Blocked,Minor,0,1,0,1,Moderate,1,30.234157,78.103894,17.22,6.52,5.15,2486,P1
UKD-000514,Cloudburst,Flooded Road,114,40,7,3,11,8,3.51,80.58,Blocked,Severe,0,1,0,1,Critical,1,29.394957,79.435817,2.93,8.24,12.52,1610,P1
UKD-004178,Earthquake,Infrastructure Damage,49,35,3,4,10,12,0.11,2.96,Blocked,Moderate,0,1,1,1,Critical,1,30.385256,77.963652,1.5,6.53,7.48,3838,P3
UKD-001309,Landslide,Missing Person,107,22,1,6,13,3,0.44,8.82,Open,Minor,1,1,1,1,Low,1,30.431002,78.264935,8.41,9.43,9.58,158,P1
UKD-000915,Flood,Flooded Road,67,12,1,1,5,4,2.79,45.26,Partially Blocked,Moderate,0,1,0,1,Moderate,1,30.356462,78.054568,13.03,0.43,17.21,2291,P1
UKD-003453,Earthquake,Infrastructure Damage,194,60,5,0,5,10,0.14,2.92,Blocked,Severe,0,1,1,1,Moderate,1,30.311353,77.925004,7.89,3.28,3.99,1685,P2
UKD-003696,Flood,Waterlogging,9,1,0,1,1,0,2.6,68.68,Partially Blocked,Moderate,1,1,1,0,None,0,29.982389,78.217436,3.59,4.03,1.71,1124,P2
UKD-004243,Cloudburst,Waterlogging,4,1,0,0,2,0,1.25,20.85,Open,None,0,1,1,0,None,0,28.75,79.491481,3.97,1.17,3.28,8400,P3
UKD-003157,Flood,Flooded Road,32,11,2,2,4,6,2.28,49.25,Blocked,Minor,0,1,1,0,None,0,30.081717,78.285218,2.57,0.34,2.57,475,P2
UKD-002199,Flood,Trapped People,62,48,1,1,13,9,1.6,49.49,Partially Blocked,None,0,0,1,1,Low,0,29.968981,78.157057,9.76,7.3,1.94,1686,P2
UKD-000775,Landslide,Damaged House,81,51,3,4,10,3,0.89,13.0,Blocked,Moderate,0,1,1,1,Low,0,30.670351,78.299444,16.23,16.58,13.97,503,P1
UKD-004426,Earthquake,Trapped People,26,7,3,0,2,5,0.03,0.8,Open,Minor,0,0,1,1,Low,1,30.303733,78.080153,3.66,1.37,1.83,1945,P3
UKD-000944,Earthquake,Damaged House,42,22,3,2,9,9,0.12,2.75,Partially Blocked,Severe,0,0,0,0,None,0,29.864139,78.229832,2.55,2.28,3.96,489,P1
UKD-000823,Flood,Injured Person,200,71,9,4,16,9,3.92,98.23,Blocked,Moderate,0,1,0,1,Critical,1,29.610022,79.591554,18.51,9.48,6.02,454,P1
UKD-004278,Earthquake,Infrastructure Damage,50,8,0,2,14,1,0.06,1.55,Partially Blocked,Moderate,1,1,0,1,Low,0,30.31389,78.063765,1.71,4.27,11.21,1395,P3
UKD-000165,Earthquake,Injured Person,25,16,8,4,8,4,0.15,2.84,Blocked,Moderate,0,0,1,1,Moderate,1,30.298774,78.11396,7.66,3.85,11.66,790,P1
UKD-004548,Landslide,Infrastructure Damage,23,3,1,1,6,1,0.16,3.79,Open,None,1,1,1,1,Low,0,30.367385,79.017854,15.9,1.68,4.8,58,P3
UKD-003984,Landslide,Damaged House,129,46,8,2,16,8,0.58,12.21,Partially Blocked,Severe,0,1,1,1,Moderate,1,30.348827,78.104177,3.59,1.01,1.08,2039,P2
UKD-002539,Earthquake,Infrastructure Damage,89,55,0,0,7,6,0.1,2.01,Blocked,None,0,0,0,0,None,0,28.955745,79.524047,13.98,3.05,4.06,3091,P2
UKD-005725,Landslide,Waterlogging,8,2,0,0,2,2,0.47,17.42,Partially Blocked,Minor,0,1,0,0,None,0,30.239903,78.076002,1.15,1.92,1.58,1057,P3
UKD-001312,Landslide,Infrastructure Damage,25,8,0,3,5,2,0.48,11.42,Partially Blocked,Minor,1,1,0,0,None,0,29.642073,79.644767,9.75,0.57,9.91,1298,P1
UKD-005839,Flood,Waterlogging,14,0,0,0,1,1,1.74,33.95,Open,None,1,1,1,0,None,0,29.973358,78.221593,1.07,1.51,2.22,519,P3
UKD-004998,Landslide,Infrastructure Damage,11,1,1,0,1,0,0.14,1.88,Partially Blocked,None,1,1,1,1,Low,0,28.938663,79.408365,5.49,4.82,9.14,784,P3
UKD-005569,Landslide,Injured Person,1,1,1,0,0,0,0.07,1.48,Partially Blocked,None,1,0,1,1,Low,0,30.302914,77.947719,13.76,0.73,2.15,2012,P3
UKD-003301,Cloudburst,Infrastructure Damage,50,34,1,2,11,6,1.84,41.65,Blocked,Moderate,0,0,1,1,Critical,1,29.683082,79.593377,4.89,6.4,5.63,520,P2
UKD-003311,Flood,Evacuation Request,6,0,0,0,2,0,0.46,8.18,Open,Minor,1,1,1,0,None,0,29.041929,79.580642,1.42,1.99,0.9,3278,P2
UKD-000328,Landslide,Evacuation Request,200,63,5,3,5,4,0.95,14.72,Blocked,Severe,0,0,1,1,Low,1,29.965173,78.030343,3.41,0.72,11.61,3833,P1
UKD-002491,Earthquake,Trapped People,19,11,3,1,4,1,0.1,2.55,Partially Blocked,Moderate,1,1,0,1,Low,1,30.388245,77.968269,5.22,7.5,1.73,598,P2
UKD-005621,Flood,Flooded Road,34,3,0,0,5,5,2.26,42.17,Partially Blocked,None,1,0,1,0,None,0,29.630602,79.69367,7.83,3.69,10.54,2184,P3
UKD-004409,Landslide,Infrastructure Damage,50,25,1,1,11,5,0.33,5.83,Blocked,None,0,1,1,1,Low,0,30.278097,78.078941,2.5,2.33,6.85,1689,P3
UKD-000833,Landslide,Damaged House,114,64,1,2,14,11,0.68,16.51,Blocked,Moderate,0,1,1,1,Critical,1,29.835387,78.140806,16.59,3.69,8.25,1182,P1
UKD-003080,Landslide,Missing Person,8,1,0,2,2,0,0.21,3.16,Partially Blocked,Moderate,1,1,1,0,None,0,30.303804,78.111136,2.23,2.12,4.91,1158,P2
UKD-003463,Flood,Flooded Road,25,8,0,0,2,6,2.76,41.61,Blocked,Minor,0,1,1,1,Low,0,28.917292,79.556412,13.13,0.93,7.6,4522,P2
UKD-005254,Landslide,Infrastructure Damage,38,7,1,1,7,5,0.32,6.38,Partially Blocked,Minor,1,0,1,1,Moderate,1,30.425488,78.433413,4.38,13.76,22.41,729,P3
UKD-000055,Earthquake,Trapped People,57,36,1,3,5,11,0.16,2.55,Blocked,Minor,1,0,0,0,None,0,30.109349,78.137737,7.46,1.63,2.32,2222,P1
UKD-004065,Cloudburst,Evacuation Request,149,15,2,1,15,7,1.85,41.39,Open,None,1,1,0,1,Moderate,1,30.756926,78.681324,14.45,4.5,16.49,304,P3
UKD-003452,Landslide,Damaged House,31,15,1,0,8,2,0.31,4.37,Partially Blocked,Minor,0,1,1,0,None,0,29.002421,79.512526,1.82,2.11,3.45,1783,P2
UKD-001902,Flood,Evacuation Request,86,33,4,3,8,5,2.73,50.11,Partially Blocked,Moderate,0,1,0,1,Moderate,0,29.279387,80.168492,2.37,7.28,21.68,425,P1
UKD-001482,Landslide,Infrastructure Damage,174,41,2,1,4,10,0.72,10.87,Partially Blocked,Severe,1,0,0,0,None,0,30.227588,78.882211,8.59,10.97,13.25,195,P1
UKD-004151,Flood,Evacuation Request,54,3,1,1,11,3,1.19,24.45,Open,Minor,1,1,1,1,Low,1,29.354059,79.551356,4.13,3.29,24.78,780,P3
UKD-003336,Landslide,Infrastructure Damage,31,8,1,1,8,3,0.23,5.58,Partially Blocked,Minor,1,1,1,1,Low,1,30.302864,78.076355,4.59,2.89,3.47,2206,P2
UKD-000947,Cloudburst,Trapped People,122,90,4,1,10,5,3.39,57.71,Blocked,Moderate,0,0,1,1,Critical,1,30.487709,78.804584,14.77,15.58,17.95,477,P1
UKD-003294,Cloudburst,Infrastructure Damage,3,0,0,0,0,0,0.37,9.82,Open,None,1,1,1,1,Low,0,29.517847,79.43694,13.01,2.0,8.79,671,P2
UKD-002162,Cloudburst,Infrastructure Damage,179,46,1,1,11,3,2.58,54.26,Blocked,Minor,1,1,1,1,Low,0,29.946393,78.049935,9.15,0.99,5.69,547,P2
UKD-005077,Landslide,Injured Person,21,10,2,0,4,2,0.36,9.45,Partially Blocked,Minor,0,1,1,1,Low,1,30.325452,78.09748,4.61,10.54,2.5,1051,P3
UKD-003058,Earthquake,Trapped People,111,86,1,5,6,4,0.12,2.63,Blocked,Moderate,0,1,0,1,Moderate,1,29.397429,79.493668,7.71,10.62,4.83,1155,P2
UKD-000769,Cloudburst,Injured Person,72,53,9,2,3,5,2.82,55.44,Blocked,Severe,0,1,0,1,Critical,1,30.396121,77.90224,8.29,7.71,4.51,2250,P1
UKD-005641,Cloudburst,Missing Person,109,62,4,7,14,3,2.34,34.32,Blocked,Minor,0,1,1,1,Low,0,29.846731,78.038816,9.91,1.41,0.88,2887,P3
UKD-003496,Flood,Injured Person,31,12,14,2,6,3,3.19,42.75,Partially Blocked,Severe,0,1,1,1,Moderate,1,29.320895,79.535408,1.23,4.88,9.63,1106,P2
UKD-000286,Flood,Injured Person,140,54,5,2,8,7,3.17,67.77,Partially Blocked,Moderate,0,0,1,1,Low,0,29.949424,78.19166,2.76,0.58,1.26,1037,P1
UKD-005927,Earthquake,Evacuation Request,41,21,6,3,7,7,0.1,1.53,Blocked,Severe,0,1,0,1,Critical,1,30.276872,78.716577,17.08,1.44,10.06,476,P3
UKD-004525,Landslide,Damaged House,30,4,1,1,9,0,0.28,4.48,Partially Blocked,Minor,1,1,1,1,Low,1,30.490323,78.600949,15.19,2.89,20.4,851,P3
UKD-005333,Flood,Waterlogging,4,0,0,0,1,2,1.44,30.48,Open,Minor,1,1,1,0,None,0,29.30964,79.520259,3.84,5.5,6.97,825,P3
UKD-002333,Earthquake,Trapped People,22,6,0,0,7,2,0.06,1.19,Open,Minor,1,1,1,1,Low,0,30.211533,78.750901,6.65,5.23,7.79,1441,P2
UKD-002718,Cloudburst,Trapped People,184,85,2,1,10,3,2.1,64.83,Blocked,None,0,0,1,1,Low,0,30.41994,78.353805,10.41,2.71,16.99,491,P2
UKD-002080,Flood,Flooded Road,43,6,4,4,4,9,4.07,57.55,Blocked,Moderate,0,0,1,1,Critical,1,30.325765,78.433976,29.91,14.88,7.03,308,P2
UKD-003390,Cloudburst,Flooded Road,11,5,0,1,1,3,1.42,26.84,Blocked,Severe,0,1,0,0,None,0,28.966665,79.438021,0.5,3.86,2.78,459,P2
UKD-000723,Cloudburst,Missing Person,32,25,0,12,5,1,2.99,71.1,Blocked,Moderate,0,0,0,1,Moderate,0,29.849834,79.878824,15.6,2.47,6.04,360,P1
UKD-000952,Earthquake,Trapped People,124,85,3,4,10,6,0.15,2.7,Blocked,Severe,0,0,0,1,Critical,1,30.411138,79.302288,11.14,12.66,11.54,55,P1
UKD-005584,Flood,Flooded Road,1,0,0,0,0,0,2.66,59.31,Open,Minor,1,0,0,0,None,0,30.264257,78.045028,2.08,1.07,3.6,1069,P3
UKD-002263,Cloudburst,Flooded Road,161,28,3,2,13,3,3.51,53.22,Blocked,Severe,0,0,1,0,None,0,30.219143,78.034859,2.28,5.09,5.5,1872,P2
UKD-000990,Flood,Damaged House,56,25,2,0,10,11,2.48,48.39,Partially Blocked,Severe,0,0,1,1,Moderate,0,29.369107,79.419094,1.04,5.51,0.92,173,P1
UKD-003213,Landslide,Trapped People,18,12,2,1,5,1,0.47,7.19,Open,Minor,0,1,1,1,Moderate,1,30.403074,79.270913,5.5,9.24,13.68,285,P2
UKD-001760,Landslide,Trapped People,127,81,1,0,9,12,0.66,11.2,Blocked,Moderate,0,1,1,0,None,0,30.418516,78.074253,1.99,0.35,0.55,3673,P1
UKD-004920,Earthquake,Injured Person,9,2,3,1,0,1,0.06,1.41,Partially Blocked,Severe,0,1,0,1,Low,0,30.531337,78.494461,16.8,4.73,30.0,388,P3
UKD-004423,Earthquake,Trapped People,73,53,4,1,19,5,0.08,1.44,Blocked,Moderate,0,1,1,1,Low,0,30.63235,78.400266,11.76,7.65,8.53,225,P3
UKD-001725,Flood,Flooded Road,52,8,3,3,13,0,3.51,57.09,Open,None,0,1,1,1,Moderate,1,28.947083,79.443489,1.53,4.15,4.18,707,P1
UKD-000342,Flood,Trapped People,49,44,2,1,6,9,3.96,67.33,Blocked,Moderate,0,1,1,1,Low,0,30.311125,78.044525,3.23,4.38,1.35,532,P1
UKD-003702,Earthquake,Trapped People,31,19,3,1,3,3,0.11,2.29,Partially Blocked,Moderate,0,1,1,1,Low,1,30.161013,78.662787,18.6,19.93,2.67,539,P2
UKD-004244,Earthquake,Infrastructure Damage,11,0,0,0,1,1,0.02,0.38,Open,None,1,1,1,0,None,0,30.250875,78.605781,0.68,2.89,8.38,417,P3
UKD-000689,Cloudburst,Infrastructure Damage,124,74,2,7,16,2,3.82,78.98,Blocked,Moderate,0,0,0,1,Low,0,28.99294,79.622863,22.6,5.9,4.31,2513,P1
UKD-003433,Cloudburst,Trapped People,11,3,3,0,3,1,1.06,27.15,Partially Blocked,None,1,1,1,1,Moderate,1,30.146405,78.750862,7.95,3.23,21.91,531,P2
UKD-000967,Flood,Flooded Road,56,16,4,7,7,6,3.46,95.39,Partially Blocked,Severe,0,1,0,1,Critical,1,30.442265,77.967914,5.65,3.48,2.52,1915,P1
UKD-005667,Earthquake,Evacuation Request,8,0,0,0,3,1,0.02,0.53,Open,None,1,1,1,0,None,0,30.326772,77.942764,3.43,5.59,10.85,1353,P3
UKD-002204,Landslide,Damaged House,18,1,1,0,6,1,0.13,3.57,Partially Blocked,Minor,1,1,1,1,Low,1,30.347184,78.571042,10.04,14.86,9.1,315,P2
UKD-002714,Landslide,Missing Person,104,43,5,9,6,5,0.72,13.32,Partially Blocked,Severe,1,0,0,1,Critical,1,30.312657,77.960976,8.09,2.64,6.53,1027,P2
UKD-004758,Cloudburst,Evacuation Request,3,0,0,0,1,0,0.24,4.94,Open,None,1,1,1,0,None,0,29.388634,79.427952,2.16,2.48,4.87,1496,P3
UKD-005733,Flood,Evacuation Request,16,3,0,0,4,2,0.68,15.81,Open,Minor,1,1,1,0,None,0,28.942279,79.440555,5.88,1.67,3.96,5172,P3
UKD-005943,Earthquake,Trapped People,5,2,0,0,0,1,0.03,0.92,Open,Minor,1,1,1,1,Low,0,30.397637,79.121835,3.37,9.5,8.56,368,P3
UKD-003573,Flood,Flooded Road,50,18,2,0,10,5,2.58,92.85,Blocked,None,0,1,1,1,Moderate,0,30.043694,78.235581,2.18,0.87,5.05,2317,P2
UKD-004806,Cloudburst,Infrastructure Damage,6,1,0,0,0,1,1.2,25.34,Partially Blocked,Minor,0,1,0,0,None,0,30.476725,78.068216,14.64,4.45,3.49,2658,P3
UKD-001991,Flood,Missing Person,200,80,7,12,12,6,5.0,88.76,Blocked,Moderate,0,1,0,1,Critical,1,29.339269,79.373203,17.66,2.4,10.97,451,P1
UKD-004121,Landslide,Flooded Road,7,1,0,0,1,2,0.68,11.97,Blocked,Minor,1,1,1,0,None,0,29.933545,79.74226,11.36,0.88,14.45,229,P3
UKD-004760,Landslide,Trapped People,7,2,0,0,0,1,0.25,5.53,Partially Blocked,None,1,0,1,0,None,0,30.351816,79.013361,5.91,4.37,8.03,85,P3
UKD-004915,Flood,Flooded Road,5,0,1,0,0,0,1.18,24.32,Partially Blocked,Severe,1,1,0,1,Critical,1,29.953691,78.229092,5.23,1.51,5.11,1090,P3
UKD-005554,Cloudburst,Missing Person,46,23,6,7,9,10,1.66,31.59,Partially Blocked,Severe,0,0,0,1,Critical,1,29.916493,78.093031,4.32,1.27,3.76,1909,P3
UKD-005794,Landslide,Infrastructure Damage,22,12,0,1,6,2,0.27,7.38,Blocked,None,0,0,1,1,Low,0,30.441345,79.166456,18.95,1.99,16.31,828,P3
UKD-003601,Flood,Evacuation Request,181,22,1,1,9,5,2.05,50.18,Partially Blocked,Minor,1,1,1,1,Low,0,29.964517,78.088323,9.11,5.02,11.58,3543,P2
UKD-005473,Earthquake,Injured Person,3,0,1,0,1,1,0.05,1.2,Open,Severe,1,0,1,0,None,0,30.160746,77.96525,3.87,3.29,2.13,1248,P3
UKD-005972,Flood,Waterlogging,10,1,0,0,2,2,2.29,53.58,Partially Blocked,Minor,0,0,1,0,None,0,30.00348,78.08037,4.52,8.44,8.04,473,P3
UKD-004939,Landslide,Injured Person,1,0,1,0,0,0,0.09,1.67,Open,Minor,1,1,1,1,Low,0,30.161218,78.43111,8.84,15.79,3.47,170,P3
UKD-000386,Cloudburst,Missing Person,26,10,1,5,4,1,2.15,57.29,Partially Blocked,Moderate,1,1,0,1,Moderate,1,30.271719,79.042979,13.5,7.79,13.77,191,P1
UKD-005229,Flood,Damaged House,122,30,1,2,11,7,2.87,43.82,Partially Blocked,Moderate,1,1,1,1,Low,1,29.88955,78.14924,7.83,0.77,1.68,4096,P3
UKD-005475,Flood,Evacuation Request,54,4,0,1,16,7,1.34,33.64,Open,None,1,1,1,0,None,0,30.281098,78.084087,2.26,4.12,1.58,1959,P3
UKD-000537,Earthquake,Waterlogging,73,10,4,2,13,2,0.92,8.75,Partially Blocked,None,1,1,0,0,None,0,30.359248,78.187034,10.67,2.45,3.95,591,P1
UKD-005622,Flood,Damaged House,9,0,0,2,0,2,0.86,14.95,Open,None,1,1,0,0,None,0,30.353837,78.240165,2.17,2.63,4.62,2652,P3
UKD-004213,Landslide,Infrastructure Damage,2,0,0,0,1,1,0.14,2.82,Blocked,None,1,1,1,0,None,0,30.271157,78.161125,3.23,3.97,2.42,1092,P3
UKD-003508,Flood,Flooded Road,99,12,5,2,12,4,2.68,63.8,Partially Blocked,Minor,1,1,1,1,Moderate,1,30.30259,78.027828,1.93,1.93,4.65,1510,P2
UKD-000202,Landslide,Trapped People,106,68,3,6,9,7,0.83,20.5,Partially Blocked,Moderate,0,0,0,1,Moderate,1,30.703933,78.345034,11.83,7.17,8.08,400,P1
UKD-001333,Landslide,Trapped People,109,75,8,1,7,7,0.52,12.15,Blocked,Severe,0,0,0,1,Moderate,1,30.228047,78.875446,11.55,12.42,6.76,131,P1
UKD-003503,Cloudburst,Trapped People,63,49,1,4,10,5,1.79,29.33,Blocked,Minor,0,1,0,1,Low,0,30.502896,79.36606,3.69,0.96,30.0,89,P2
UKD-002709,Flood,Injured Person,11,2,3,0,5,2,2.44,42.44,Partially Blocked,Minor,1,1,1,1,Moderate,0,28.911435,79.507849,5.09,6.03,3.09,1712,P2
UKD-004663,Cloudburst,Waterlogging,2,0,0,1,0,0,1.16,31.11,Partially Blocked,Minor,0,0,1,0,None,0,30.265345,78.161856,3.96,2.72,5.89,821,P3
UKD-004022,Earthquake,Evacuation Request,76,16,0,1,5,9,0.1,1.97,Partially Blocked,Minor,1,1,0,0,None,0,29.467852,79.53171,4.76,12.45,22.44,872,P3
UKD-001855,Flood,Flooded Road,44,10,2,2,12,2,4.82,73.6,Blocked,Moderate,0,1,0,1,Critical,1,30.366918,78.557352,11.94,9.2,5.22,87,P1
UKD-005359,Flood,Trapped People,19,13,1,0,8,1,1.17,22.47,Partially Blocked,None,0,1,1,1,Low,0,28.922655,79.527064,2.88,6.21,9.01,878,P3
UKD-002873,Flood,Flooded Road,131,20,6,4,11,1,3.95,78.57,Partially Blocked,Severe,0,0,0,1,Critical,1,29.443562,79.494394,22.53,3.5,6.88,420,P2
UKD-003031,Landslide,Trapped People,28,26,5,0,9,2,0.92,18.05,Blocked,Severe,0,0,1,1,Moderate,1,30.312873,78.748993,10.36,9.15,16.05,582,P2
UKD-001206,Earthquake,Infrastructure Damage,200,70,4,2,10,9,0.15,3.28,Blocked,Severe,0,0,0,1,Moderate,1,29.986758,78.107227,2.34,2.03,10.02,1025,P1
UKD-001646,Flood,Flooded Road,172,20,5,8,6,10,4.68,100.0,Blocked,Severe,1,0,0,1,Critical,1,29.514653,79.358565,6.53,1.79,9.16,927,P1
UKD-003418,Flood,Damaged House,7,2,0,0,1,0,1.02,27.58,Open,None,0,1,1,0,None,0,30.278951,77.957188,9.2,3.63,7.6,884,P2
UKD-003477,Earthquake,Damaged House,69,13,2,0,6,3,0.07,2.02,Open,Minor,1,0,1,0,None,0,30.228692,78.770422,8.72,4.05,5.53,992,P2
UKD-002862,Earthquake,Damaged House,102,26,4,1,16,4,0.14,2.9,Partially Blocked,Severe,1,0,1,1,Moderate,1,30.314347,78.165492,4.3,3.55,3.42,1361,P2
UKD-001793,Landslide,Damaged House,67,43,2,1,11,5,0.77,22.75,Blocked,Severe,0,0,1,1,Moderate,1,30.24363,78.071479,0.5,4.8,2.1,5478,P1
UKD-003798,Cloudburst,Damaged House,47,16,3,0,6,4,2.15,36.88,Partially Blocked,Severe,1,0,1,0,None,0,28.951825,79.40061,8.22,2.65,2.49,1210,P2
UKD-003369,Flood,Flooded Road,25,4,0,0,5,4,1.87,39.21,Blocked,None,1,1,1,1,Moderate,1,30.40959,78.004178,2.8,0.24,4.99,353,P2
UKD-003368,Landslide,Injured Person,22,8,6,2,4,3,0.53,13.28,Blocked,Severe,0,0,1,0,None,0,30.297444,78.126811,4.54,0.81,7.03,828,P2
UKD-003534,Landslide,Evacuation Request,14,0,0,0,1,0,0.16,3.04,Open,None,1,1,1,0,None,0,29.527006,79.705293,14.89,3.85,5.76,288,P2
UKD-005260,Flood,Waterlogging,11,1,0,0,2,1,1.61,33.61,Partially Blocked,None,0,1,1,0,None,0,29.87039,78.172454,3.69,2.19,1.53,2524,P3
UKD-003450,Flood,Evacuation Request,130,47,4,4,19,5,2.71,61.2,Partially Blocked,Severe,0,0,1,1,Moderate,1,30.252583,78.042145,2.51,6.62,6.82,1897,P2
UKD-000604,Cloudburst,Evacuation Request,200,31,2,4,12,2,2.85,53.27,Partially Blocked,Severe,1,1,1,1,Critical,1,30.338808,78.133737,15.53,5.0,2.4,2970,P1
UKD-003057,Flood,Trapped People,27,23,2,3,2,6,2.59,51.2,Blocked,Moderate,0,1,0,1,Moderate,0,30.062586,78.865329,6.96,3.77,8.8,434,P2
UKD-005213,Cloudburst,Trapped People,75,37,6,2,17,4,2.34,37.1,Partially Blocked,Moderate,1,0,1,1,Moderate,0,30.392715,78.726559,18.97,20.0,14.94,360,P3
UKD-000127,Earthquake,Trapped People,17,16,0,0,2,4,0.16,2.2,Blocked,Moderate,0,0,1,1,Moderate,1,29.299846,79.355138,17.0,5.65,16.93,1348,P1
UKD-003877,Earthquake,Injured Person,24,15,7,2,4,2,0.17,2.4,Blocked,Severe,0,0,0,1,Low,0,30.380788,78.785602,25.03,16.2,15.86,162,P2
UKD-002936,Earthquake,Infrastructure Damage,40,6,0,0,7,6,0.08,1.43,Partially Blocked,Minor,1,1,1,1,Low,0,29.85165,78.158802,4.57,8.79,6.61,952,P2
UKD-004452,Earthquake,Injured Person,7,0,4,0,0,0,0.06,1.2,Open,Moderate,1,1,1,1,Low,0,29.533432,80.249771,13.14,2.71,3.29,169,P3
UKD-003532,Flood,Flooded Road,39,15,0,1,11,5,2.34,33.49,Blocked,Moderate,0,1,1,1,Low,0,30.318506,77.950517,0.84,3.59,9.26,4780,P2
UKD-002731,Cloudburst,Damaged House,34,17,4,3,9,2,2.82,41.24,Partially Blocked,Severe,0,0,0,1,Critical,1,30.472796,79.126701,18.5,4.62,15.14,281,P2
UKD-000828,Landslide,Trapped People,55,48,1,3,5,0,0.82,20.34,Blocked,Moderate,0,1,1,0,None,0,30.223716,77.974443,1.36,6.68,8.2,599,P1
UKD-001640,Landslide,Missing Person,62,41,1,6,11,4,0.92,12.64,Blocked,Minor,0,0,1,1,Critical,0,29.80437,79.787717,20.34,20.0,7.5,224,P1
UKD-000985,Landslide,Trapped People,76,64,3,3,8,5,0.75,18.17,Blocked,Severe,0,1,1,1,Critical,1,30.39825,77.915955,9.35,0.54,15.38,1571,P1
UKD-003282,Earthquake,Injured Person,44,13,10,4,4,12,0.09,2.09,Partially Blocked,Moderate,1,1,1,1,Critical,1,30.622182,79.175266,10.56,9.54,26.88,160,P2
UKD-005963,Landslide,Damaged House,5,2,0,0,0,1,0.1,2.1,Partially Blocked,Minor,1,1,1,0,None,0,30.170426,78.734113,6.94,4.93,5.28,503,P3
UKD-002189,Cloudburst,Infrastructure Damage,38,23,0,0,14,2,2.51,50.67,Blocked,None,0,1,1,1,Moderate,1,30.450424,78.512231,8.41,6.64,22.38,226,P2
UKD-005524,Earthquake,Infrastructure Damage,19,2,1,0,3,4,0.04,0.85,Open,Moderate,1,1,1,0,None,0,30.310298,78.101773,6.47,0.68,1.96,1767,P3
UKD-002444,Cloudburst,Flooded Road,45,7,3,2,9,8,2.74,58.06,Partially Blocked,Minor,1,1,1,1,Critical,1,29.893623,78.142577,10.22,7.76,5.56,916,P2
UKD-000363,Flood,Waterlogging,45,11,2,3,12,3,2.69,77.3,Open,Moderate,0,1,1,1,Critical,0,30.764777,78.437152,12.67,5.62,8.19,120,P1
UKD-002350,Cloudburst,Waterlogging,147,18,4,1,11,4,2.67,60.69,Blocked,Moderate,1,1,1,1,Moderate,1,30.532164,79.0374,16.08,7.52,16.69,179,P2
UKD-000346,Landslide,Trapped People,131,84,9,0,13,7,0.81,14.32,Blocked,Severe,0,0,1,1,Critical,1,30.742407,78.414319,11.37,12.96,20.81,85,P1
UKD-000815,Earthquake,Trapped People,25,19,1,0,3,3,0.1,1.44,Blocked,Minor,0,0,0,1,Moderate,1,30.160335,78.771943,11.91,4.79,12.66,667,P1
UKD-004808,Landslide,Trapped People,105,39,4,2,9,10,0.45,8.95,Partially Blocked,Minor,1,1,0,0,None,0,29.357928,79.403313,5.14,2.76,0.97,1103,P3
UKD-003206,Cloudburst,Flooded Road,34,3,1,2,9,1,1.64,33.51,Partially Blocked,None,1,1,1,1,Low,0,29.679164,79.650695,4.04,13.7,3.31,659,P2
UKD-005415,Cloudburst,Trapped People,37,9,1,0,3,3,0.66,19.76,Open,None,1,1,1,1,Moderate,0,29.560106,80.143746,20.12,7.82,4.95,300,P3
UKD-005750,Earthquake,Evacuation Request,27,4,2,1,2,1,0.07,1.18,Open,None,0,1,1,1,Low,0,30.381687,78.453008,14.46,3.79,3.49,254,P3
UKD-003326,Flood,Flooded Road,10,1,0,1,3,0,1.66,49.37,Partially Blocked,Minor,1,1,1,1,Low,0,30.728317,78.315336,9.59,10.48,13.43,252,P2
UKD-004107,Flood,Infrastructure Damage,5,1,0,0,0,0,1.24,16.56,Blocked,Minor,0,1,0,1,Low,1,30.108007,78.487165,9.7,19.98,30.0,52,P3
UKD-002117,Landslide,Damaged House,45,6,1,2,6,5,0.34,8.73,Open,Minor,1,0,1,1,Moderate,1,30.259332,78.055235,7.04,2.59,1.03,1356,P2
UKD-001835,Cloudburst,Missing Person,131,33,3,8,14,8,3.99,51.37,Partially Blocked,Severe,1,1,1,1,Moderate,0,30.518214,79.257009,4.8,6.19,30.0,309,P1
UKD-000794,Cloudburst,Evacuation Request,66,25,3,7,9,9,2.4,55.38,Partially Blocked,Severe,1,0,1,1,Critical,1,29.600411,80.182859,7.82,6.83,4.34,164,P1
UKD-005936,Flood,Waterlogging,11,1,0,3,3,2,1.62,39.32,Partially Blocked,Minor,1,1,0,0,None,0,30.227418,78.101227,1.81,8.64,1.03,5283,P3
UKD-002675,Flood,Flooded Road,117,26,2,3,11,4,3.64,87.22,Blocked,Minor,0,0,1,1,Moderate,1,29.946162,78.189868,8.72,3.25,8.29,1893,P2
UKD-000095,Landslide,Infrastructure Damage,87,37,4,0,5,1,1.06,13.85,Partially Blocked,Severe,1,1,0,1,Critical,1,30.406295,77.976917,8.07,2.66,4.55,1143,P1
UKD-004226,Landslide,Infrastructure Damage,1,0,0,0,1,0,0.15,3.74,Partially Blocked,None,1,1,0,0,None,0,30.461629,78.402567,19.01,8.49,3.39,94,P3
UKD-003757,Landslide,Evacuation Request,88,37,1,2,5,10,0.58,11.88,Blocked,Minor,1,1,1,1,Moderate,1,30.25361,79.013485,12.86,8.34,21.59,178,P2
UKD-002892,Landslide,Injured Person,57,36,4,1,16,9,0.74,12.84,Blocked,Severe,0,0,1,1,Moderate,1,29.529382,80.13829,30.0,14.85,6.09,272,P2
UKD-002372,Landslide,Infrastructure Damage,91,28,1,4,10,8,0.45,7.01,Blocked,Minor,1,1,0,1,Low,0,30.363956,78.10436,3.11,3.72,7.06,3072,P2
UKD-004966,Landslide,Missing Person,9,1,1,2,5,0,0.28,5.44,Open,Minor,1,1,1,1,Low,1,29.866048,77.983751,11.82,3.66,3.24,1417,P3
UKD-005668,Cloudburst,Infrastructure Damage,4,2,0,0,0,0,1.19,27.07,Blocked,None,1,0,1,0,None,0,30.424348,78.849365,8.37,4.55,26.66,115,P3
UKD-003229,Landslide,Infrastructure Damage,55,36,0,4,10,7,0.63,13.33,Blocked,Minor,0,1,0,1,Low,0,30.442727,78.027597,8.26,1.77,4.4,803,P2
UKD-005343,Landslide,Missing Person,92,18,2,6,11,4,0.72,12.98,Open,Severe,1,0,1,1,Critical,1,29.492853,79.481018,5.46,7.01,10.54,627,P3
UKD-002854,Landslide,Damaged House,61,38,8,3,12,1,0.64,13.53,Blocked,Severe,0,0,0,1,Critical,1,30.276785,78.552153,16.66,1.27,8.3,321,P2
UKD-002913,Flood,Damaged House,75,20,3,0,8,2,2.52,37.19,Partially Blocked,Moderate,1,1,1,1,Moderate,1,30.298113,77.922608,8.29,3.56,7.16,1702,P2
UKD-001866,Earthquake,Trapped People,27,6,0,1,5,1,0.04,0.82,Open,None,1,1,1,1,Critical,1,30.436191,79.05102,18.08,3.4,13.83,264,P1
UKD-004613,Cloudburst,Infrastructure Damage,5,1,0,0,2,0,0.96,19.73,Partially Blocked,Moderate,1,1,1,0,None,0,30.415506,79.413758,10.73,3.79,8.36,57,P3
UKD-001858,Cloudburst,Evacuation Request,117,57,0,1,5,4,1.65,39.04,Blocked,Moderate,0,1,1,1,Moderate,1,30.340857,78.047714,7.43,2.17,12.59,500,P1
UKD-002646,Earthquake,Injured Person,8,6,2,0,1,1,0.11,1.36,Partially Blocked,Minor,0,0,1,1,Moderate,0,30.47597,78.451207,12.69,17.37,19.83,686,P2
UKD-002244,Landslide,Injured Person,37,8,10,2,7,6,0.54,8.55,Open,Moderate,0,1,1,1,Moderate,1,30.361446,77.963277,0.87,6.8,5.93,2010,P2
UKD-002337,Landslide,Injured Person,27,8,7,2,4,1,0.41,7.74,Open,Severe,0,0,1,1,Moderate,1,30.511719,78.617618,9.51,15.51,4.11,85,P2
UKD-000951,Earthquake,Damaged House,96,41,2,2,7,0,0.13,2.54,Blocked,Moderate,1,0,1,1,Critical,1,29.778387,79.933287,30.0,3.8,13.46,149,P1
UKD-003069,Flood,Damaged House,44,17,1,2,3,2,2.79,63.24,Partially Blocked,Moderate,1,1,1,0,None,0,29.444172,79.624726,10.7,2.25,26.71,975,P2
UKD-001121,Cloudburst,Trapped People,145,86,5,4,11,7,3.16,57.58,Blocked,Severe,0,0,0,1,Moderate,1,29.008285,79.503026,7.02,8.9,11.44,992,P1
UKD-002598,Cloudburst,Trapped People,106,82,2,2,15,5,2.42,60.99,Blocked,Moderate,0,0,1,1,Moderate,0,30.784082,78.460608,6.37,20.0,22.51,473,P2
UKD-002205,Flood,Trapped People,16,3,0,0,1,1,1.67,27.22,Open,None,1,0,1,0,None,0,30.246285,78.097347,0.5,6.13,6.37,1832,P2
UKD-000420,Landslide,Missing Person,20,7,5,6,2,5,0.72,15.17,Partially Blocked,Severe,0,0,1,0,None,0,30.362179,77.867529,16.43,6.13,3.83,2045,P1
UKD-000923,Flood,Infrastructure Damage,145,37,4,3,16,9,2.3,45.7,Open,Severe,0,0,0,1,Moderate,1,28.981084,79.535195,1.56,3.07,0.5,3479,P1
UKD-001255,Cloudburst,Missing Person,32,8,3,5,4,7,1.58,23.31,Open,None,0,1,1,1,Moderate,1,28.922965,79.433482,1.67,4.29,1.01,587,P1
UKD-000478,Cloudburst,Trapped People,39,22,4,3,6,8,4.02,48.01,Partially Blocked,Severe,1,0,1,1,Moderate,0,30.334443,78.400786,19.65,13.48,20.34,129,P1
UKD-002036,Cloudburst,Damaged House,50,22,7,3,8,8,2.41,42.82,Open,Severe,0,0,1,1,Critical,1,30.330758,79.239804,2.95,12.69,5.2,388,P2
UKD-001203,Landslide,Injured Person,19,10,8,1,1,1,1.12,15.76,Open,Minor,0,0,1,1,Low,1,30.317911,78.014756,2.08,1.16,3.68,584,P1
UKD-002627,Flood,Missing Person,120,41,1,7,6,3,4.44,81.69,Open,Minor,0,1,0,1,Moderate,1,29.015586,79.480614,6.23,1.42,2.38,1023,P2
UKD-005774,Landslide,Damaged House,3,0,0,0,1,0,0.12,3.63,Open,None,0,1,1,0,None,0,29.433975,79.501032,4.52,5.24,3.57,630,P3
UKD-001971,Earthquake,Infrastructure Damage,57,24,8,2,4,2,0.14,2.75,Blocked,Severe,1,1,0,1,Critical,1,30.774077,78.290448,8.56,11.06,18.45,509,P1
UKD-003111,Landslide,Trapped People,112,45,1,0,16,11,0.77,13.19,Partially Blocked,None,1,1,0,1,Moderate,1,30.475292,78.637743,5.87,7.78,1.59,207,P2
UKD-004019,Flood,Waterlogging,5,0,0,0,0,1,0.93,27.11,Open,None,1,1,1,0,None,0,30.308552,78.139747,4.95,2.85,7.94,5026,P3
UKD-002152,Flood,Flooded Road,12,0,1,0,2,0,1.85,28.68,Open,Minor,0,0,1,1,Low,0,30.249075,78.009486,11.63,1.9,2.07,955,P2
UKD-003688,Flood,Trapped People,82,55,3,2,4,3,2.52,53.01,Partially Blocked,Moderate,0,0,1,1,Low,0,29.968188,78.267783,7.78,5.21,3.64,2636,P2
UKD-004917,Flood,Waterlogging,3,0,0,0,1,1,1.47,32.88,Partially Blocked,None,1,1,1,1,Low,1,30.04829,78.133623,0.94,3.87,5.72,1289,P3
UKD-001998,Cloudburst,Flooded Road,151,39,2,0,13,11,3.92,84.66,Blocked,Moderate,0,1,1,1,Critical,1,28.797663,79.486778,2.5,3.84,5.34,1229,P1
UKD-004034,Cloudburst,Waterlogging,2,0,0,0,0,1,1.8,34.21,Open,Moderate,1,1,1,0,None,0,30.210782,78.137877,3.25,1.64,7.18,2621,P3
UKD-005884,Cloudburst,Evacuation Request,9,1,0,0,1,2,1.18,21.8,Blocked,None,1,1,1,1,Critical,1,29.380024,79.396234,18.8,1.8,7.08,512,P3
UKD-003055,Landslide,Trapped People,56,32,2,1,12,6,0.86,13.46,Partially Blocked,Severe,1,1,1,1,Low,0,29.53327,79.772731,15.88,10.63,3.14,1199,P2
UKD-001249,Earthquake,Damaged House,129,72,1,2,6,6,0.12,2.17,Blocked,None,0,0,1,1,Moderate,1,30.34919,78.397154,11.62,4.44,25.77,270,P1
UKD-002193,Flood,Evacuation Request,119,8,0,0,7,3,2.05,39.2,Open,None,1,0,0,0,None,0,30.337676,78.184377,11.45,0.33,7.36,1070,P2
UKD-002713,Earthquake,Evacuation Request,57,16,0,2,14,9,0.06,1.66,Open,Moderate,0,0,1,1,Low,0,30.115877,78.812772,14.04,2.8,6.6,2753,P2
UKD-000993,Landslide,Evacuation Request,14,2,0,2,5,1,0.53,8.96,Partially Blocked,None,0,1,1,0,None,0,29.510269,79.535278,7.82,8.28,6.49,686,P1
UKD-002191,Cloudburst,Evacuation Request,37,23,1,1,6,2,1.54,36.16,Blocked,Moderate,0,0,0,1,Low,0,30.159162,77.983289,0.65,5.23,6.21,1117,P2
UKD-004671,Earthquake,Trapped People,5,2,0,0,0,1,0.04,0.66,Open,Moderate,1,1,1,0,None,0,28.92141,79.566749,3.33,3.01,5.85,1295,P3
UKD-003763,Landslide,Trapped People,78,58,2,1,11,5,0.53,10.16,Blocked,Moderate,0,0,1,1,Critical,1,30.191625,78.743386,10.7,9.11,12.34,997,P2
UKD-003598,Flood,Flooded Road,30,4,1,0,4,6,2.4,59.49,Partially Blocked,None,0,1,1,1,Moderate,1,30.051282,78.187166,2.51,4.25,6.51,1729,P2
UKD-004712,Flood,Evacuation Request,1,0,0,0,0,0,0.69,15.27,Open,None,1,1,1,0,None,0,30.935409,78.549963,6.0,7.57,3.36,364,P3
UKD-001319,Earthquake,Damaged House,89,47,9,5,9,7,0.14,3.0,Partially Blocked,Severe,0,0,0,1,Low,0,30.930568,78.244186,8.15,7.94,12.96,425,P1
UKD-001864,Earthquake,Missing Person,98,44,8,9,13,6,0.13,3.62,Open,Severe,0,0,1,1,Critical,1,30.414795,79.300997,27.08,5.79,4.92,225,P1
UKD-002344,Flood,Damaged House,35,8,2,2,1,3,1.93,45.76,Open,Moderate,0,1,0,1,Moderate,0,29.526985,80.346086,7.71,3.81,18.71,326,P2
UKD-002450,Cloudburst,Flooded Road,45,14,2,4,3,4,3.35,50.66,Blocked,Moderate,0,0,0,1,Critical,1,29.630052,79.757154,13.11,13.13,22.73,621,P2
UKD-002137,Flood,Damaged House,65,14,5,2,11,6,2.32,39.97,Partially Blocked,None,1,0,0,1,Critical,1,29.528394,79.62244,3.11,4.85,10.44,1066,P2
UKD-001066,Cloudburst,Infrastructure Damage,22,14,1,0,4,1,2.87,47.33,Blocked,Minor,0,0,0,0,None,0,29.895716,78.12154,7.21,1.95,6.06,1189,P1
UKD-005951,Cloudburst,Injured Person,28,13,7,2,2,4,1.18,26.48,Blocked,Minor,0,0,0,1,Critical,1,30.293928,79.167531,4.52,7.12,21.18,491,P3
UKD-004228,Flood,Flooded Road,76,19,2,3,9,3,2.82,48.26,Partially Blocked,Minor,0,1,1,1,Low,0,29.306276,79.448216,25.71,7.24,10.31,590,P3
UKD-002622,Flood,Evacuation Request,60,40,3,2,10,5,2.46,57.63,Blocked,Minor,0,1,1,1,Critical,1,30.094578,78.780238,2.7,7.35,17.79,533,P2
UKD-000078,Flood,Infrastructure Damage,38,24,5,0,7,2,3.57,67.95,Blocked,Severe,0,1,1,1,Critical,1,30.304571,78.033127,2.11,3.11,1.55,2904,P1
UKD-002899,Earthquake,Trapped People,3,1,0,0,0,1,0.06,1.64,Blocked,Moderate,1,1,1,1,Low,0,29.342612,79.383532,6.58,7.65,9.06,755,P2
UKD-004821,Flood,Waterlogging,17,1,1,0,4,5,2.03,30.53,Blocked,None,0,1,1,1,Low,0,28.956177,79.567942,4.17,3.31,1.84,516,P3
UKD-001315,Cloudburst,Infrastructure Damage,39,20,3,2,8,5,3.05,61.53,Blocked,Moderate,1,1,0,1,Critical,1,30.29823,78.964505,2.81,20.0,4.72,426,P1
UKD-005232,Landslide,Infrastructure Damage,13,0,1,0,6,0,0.12,2.02,Open,Moderate,1,1,1,1,Low,0,30.113006,78.800113,5.03,10.37,3.34,400,P3
UKD-000873,Landslide,Infrastructure Damage,22,14,1,1,2,2,0.57,17.45,Blocked,Moderate,0,1,1,1,Moderate,0,30.372753,78.417538,23.02,4.49,28.89,503,P1
UKD-003851,Cloudburst,Trapped People,151,59,1,1,16,6,1.5,47.78,Partially Blocked,Minor,0,1,1,1,Moderate,1,30.034643,78.32492,6.29,3.63,4.19,3068,P2
UKD-005843,Landslide,Damaged House,9,1,0,2,3,5,0.29,5.97,Open,Moderate,1,1,1,0,None,0,30.275398,78.82879,7.97,6.08,4.37,1349,P3
UKD-002966,Cloudburst,Trapped People,44,26,2,2,11,3,1.45,21.77,Partially Blocked,None,0,1,1,1,Moderate,0,30.32349,78.22922,7.09,1.54,5.37,1920,P2
UKD-003392,Flood,Flooded Road,55,13,4,2,14,8,2.84,71.93,Partially Blocked,Severe,0,1,1,0,None,0,30.269862,77.959672,2.06,1.8,9.28,2260,P2
UKD-002561,Flood,Evacuation Request,62,31,1,2,8,2,2.51,51.87,Blocked,Moderate,0,0,1,1,Moderate,1,30.305868,77.932588,7.42,0.56,7.36,10000,P2
UKD-005877,Cloudburst,Infrastructure Damage,14,4,2,0,2,3,0.74,10.19,Partially Blocked,None,0,1,1,1,Low,1,30.15585,78.794736,1.29,5.01,3.85,935,P3
UKD-002636,Flood,Trapped People,50,34,4,1,9,4,2.16,54.18,Blocked,Minor,0,1,0,0,None,0,30.398728,78.024023,4.65,3.99,3.34,2316,P2
UKD-003531,Cloudburst,Waterlogging,31,0,1,0,7,4,2.29,52.6,Open,None,1,1,1,0,None,0,30.298676,78.052083,0.62,0.8,2.66,2228,P2
UKD-000376,Flood,Evacuation Request,91,25,2,5,8,8,3.38,56.27,Open,Moderate,1,1,0,1,Critical,1,29.991947,78.26419,3.82,3.19,3.75,5666,P1
UKD-001909,Landslide,Trapped People,167,86,2,5,13,0,0.98,22.09,Blocked,Minor,0,1,1,1,Low,0,30.311062,78.043513,4.71,0.63,3.77,3196,P1
UKD-004430,Flood,Waterlogging,29,2,3,2,4,2,2.54,51.98,Open,Moderate,1,1,0,0,None,0,29.984752,78.218605,4.45,1.6,5.38,7929,P3
UKD-005183,Earthquake,Trapped People,52,24,1,2,12,8,0.07,1.69,Partially Blocked,Minor,1,1,1,1,Low,1,29.030736,79.688085,6.95,2.08,7.13,5782,P3
UKD-005241,Flood,Waterlogging,5,0,0,0,0,1,1.92,40.91,Partially Blocked,Minor,1,0,1,0,None,0,29.415263,79.52489,17.5,4.44,1.83,385,P3
UKD-004028,Flood,Flooded Road,26,2,0,0,5,0,1.43,33.17,Partially Blocked,None,1,0,1,0,None,0,30.295107,78.063509,2.13,2.51,6.31,804,P3
UKD-001605,Landslide,Damaged House,108,37,2,4,13,5,0.57,11.94,Blocked,Moderate,1,1,1,0,None,0,30.018422,78.856267,6.52,1.76,7.54,382,P1
UKD-001119,Flood,Injured Person,8,5,3,0,2,1,3.47,67.6,Blocked,Severe,0,0,1,0,None,0,28.870418,79.598026,5.41,0.84,4.75,3035,P1
UKD-003678,Flood,Evacuation Request,91,34,0,1,13,3,2.21,54.63,Blocked,Minor,1,0,1,1,Low,0,28.85774,79.443647,4.76,2.81,4.73,1480,P2
UKD-003491,Cloudburst,Injured Person,31,15,4,0,9,3,2.21,44.02,Blocked,Minor,0,0,0,1,Moderate,1,30.429774,79.161212,19.95,10.85,13.89,548,P2
UKD-005836,Landslide,Injured Person,17,2,5,0,4,4,0.35,6.66,Partially Blocked,Minor,1,1,1,0,None,0,29.451872,79.448579,6.49,9.13,3.28,715,P3
UKD-002959,Flood,Evacuation Request,52,15,4,3,7,5,3.78,63.4,Partially Blocked,Severe,1,0,1,1,Critical,1,29.92531,78.098559,2.86,3.08,6.02,941,P2
UKD-001995,Landslide,Infrastructure Damage,83,44,5,1,11,10,0.67,13.35,Partially Blocked,Severe,0,0,1,1,Moderate,1,28.977259,79.493815,3.36,0.64,2.52,3354,P1
UKD-005946,Landslide,Infrastructure Damage,9,1,0,0,5,0,0.12,2.3,Blocked,None,1,1,1,1,Low,0,30.537718,78.038871,4.93,2.42,12.07,4817,P3
UKD-005207,Landslide,Injured Person,4,0,1,0,1,1,0.18,3.39,Open,Minor,1,1,1,1,Low,0,29.990605,78.177491,3.36,6.44,10.7,1993,P3
UKD-002377,Landslide,Trapped People,7,7,0,0,0,1,0.45,11.34,Partially Blocked,Moderate,0,1,1,1,Low,0,30.577753,78.401922,19.37,5.9,4.48,183,P2
UKD-001343,Flood,Flooded Road,181,31,2,4,9,8,3.31,75.57,Blocked,Moderate,0,0,0,1,Critical,1,30.116595,78.715132,11.64,3.77,7.45,1895,P1
UKD-000321,Landslide,Damaged House,64,39,1,2,11,7,0.85,15.11,Blocked,Severe,0,0,0,1,Low,0,30.379437,78.03622,3.99,4.61,11.15,3657,P1
UKD-001620,Earthquake,Trapped People,190,78,3,4,11,6,0.15,4.14,Partially Blocked,Moderate,0,0,1,1,Low,0,28.898378,79.478843,3.96,0.45,3.47,1134,P1
UKD-003714,Flood,Flooded Road,28,4,1,0,2,8,3.28,66.82,Blocked,Minor,0,1,1,1,Low,0,29.131148,79.435717,8.41,1.8,4.16,2938,P2
UKD-002061,Landslide,Infrastructure Damage,39,27,5,2,11,5,0.81,14.56,Blocked,Severe,0,0,1,1,Critical,1,30.265865,78.779674,5.35,1.18,3.25,1571,P2
UKD-002220,Flood,Flooded Road,25,0,2,1,5,5,2.14,28.91,Open,Minor,1,1,1,0,None,0,29.376607,79.545489,2.11,2.8,11.36,413,P2
UKD-001674,Landslide,Missing Person,194,49,4,6,8,3,0.88,14.74,Partially Blocked,Moderate,0,0,1,1,Critical,1,30.312581,78.412786,10.95,7.91,7.94,124,P1
UKD-000261,Landslide,Damaged House,42,15,2,2,12,5,0.47,10.89,Partially Blocked,Severe,0,0,1,1,Moderate,0,30.372124,77.952085,7.87,1.55,0.64,543,P1
UKD-005292,Flood,Trapped People,21,4,2,3,5,3,2.32,40.06,Open,Minor,1,1,1,1,Moderate,0,29.313529,79.434226,10.19,2.99,0.51,298,P3
UKD-002040,Flood,Flooded Road,9,1,0,0,5,0,1.43,19.59,Open,None,1,1,1,0,None,0,29.998087,78.245828,7.53,5.75,8.3,1627,P2
UKD-004786,Earthquake,Trapped People,13,7,0,0,4,3,0.06,1.29,Partially Blocked,None,1,0,0,1,Low,0,30.12997,78.709216,13.81,4.7,11.91,599,P3
UKD-000902,Flood,Waterlogging,154,28,1,4,11,11,3.77,100.0,Blocked,Moderate,0,0,0,1,Critical,1,29.551882,79.590054,5.84,8.13,9.88,413,P1
UKD-003745,Cloudburst,Evacuation Request,5,5,0,0,2,0,2.33,63.57,Blocked,Moderate,0,1,1,1,Low,1,29.807736,78.112307,4.64,9.14,6.1,962,P2
UKD-002027,Flood,Waterlogging,17,4,1,0,4,4,2.6,47.02,Blocked,Moderate,0,0,1,1,Moderate,0,29.001627,79.336142,4.29,1.4,10.16,1186,P2
UKD-004235,Flood,Waterlogging,21,0,2,0,3,0,2.56,48.46,Open,Minor,1,0,1,1,Moderate,0,30.317152,78.06797,11.8,0.85,2.67,2634,P3
UKD-001918,Flood,Injured Person,117,55,11,3,5,6,4.55,87.12,Partially Blocked,Moderate,0,0,1,1,Low,0,29.108014,79.439072,1.82,2.02,3.96,1860,P1
UKD-001829,Landslide,Evacuation Request,75,26,2,1,7,7,0.48,12.35,Partially Blocked,Moderate,0,1,0,1,Low,0,30.263551,78.155308,2.49,0.56,3.16,880,P1
UKD-001574,Earthquake,Infrastructure Damage,29,21,4,2,5,2,0.14,3.13,Blocked,Moderate,0,1,0,1,Critical,1,30.78832,78.246392,15.42,10.48,11.85,309,P1
UKD-004416,Earthquake,Trapped People,11,8,1,0,1,1,0.05,1.05,Partially Blocked,Moderate,0,0,1,1,Low,0,30.41402,79.415476,16.99,6.23,18.49,586,P3
UKD-004750,Landslide,Infrastructure Damage,77,46,0,2,22,3,0.5,8.71,Blocked,Minor,0,0,1,1,Low,0,29.587686,79.669185,6.71,3.77,13.7,534,P3
UKD-005261,Flood,Flooded Road,21,1,0,0,3,3,3.04,53.7,Partially Blocked,Moderate,1,1,1,0,None,0,29.871751,78.081728,4.65,3.09,3.54,3798,P3
UKD-004655,Landslide,Damaged House,20,2,1,2,7,2,0.17,3.96,Open,Moderate,1,1,1,0,None,0,29.91673,78.087216,1.09,3.06,2.71,6468,P3
UKD-004209,Cloudburst,Damaged House,13,0,1,0,2,2,0.68,13.29,Open,Minor,1,1,1,1,Moderate,0,30.361531,78.089288,1.84,0.84,10.71,3621,P3
UKD-004628,Earthquake,Evacuation Request,66,26,0,1,11,9,0.05,0.93,Blocked,Severe,1,0,1,0,None,0,30.327706,78.159367,6.3,1.87,3.94,5495,P3
UKD-000225,Landslide,Trapped People,200,82,2,2,9,4,0.85,20.25,Blocked,Severe,0,0,0,1,Moderate,0,29.490462,79.479939,2.48,1.22,3.47,637,P1
UKD-000724,Landslide,Missing Person,116,63,2,6,3,2,0.82,12.33,Blocked,Severe,0,0,0,1,Moderate,0,30.169519,78.802386,7.47,4.78,14.15,1184,P1
UKD-005379,Landslide,Infrastructure Damage,47,19,1,5,6,3,0.32,7.92,Partially Blocked,Moderate,0,1,0,0,None,0,30.303466,78.537807,17.86,10.8,3.97,122,P3
UKD-001142,Cloudburst,Missing Person,48,28,2,9,8,5,2.05,53.85,Blocked,Moderate,0,0,1,1,Moderate,1,30.682578,78.593322,9.48,13.83,9.28,207,P1
UKD-002763,Cloudburst,Flooded Road,14,0,1,0,1,1,1.32,30.36,Open,None,1,1,1,1,Low,0,30.287666,78.095658,9.08,2.52,0.72,1138,P2
UKD-000847,Cloudburst,Damaged House,113,66,4,0,10,4,1.89,39.75,Blocked,Severe,0,1,1,1,Moderate,1,30.269302,78.149794,2.47,7.03,4.38,1627,P1
UKD-004290,Landslide,Trapped People,23,13,2,0,2,4,0.53,7.19,Blocked,Minor,1,1,1,1,Critical,1,29.95323,78.1035,1.62,1.71,0.5,2088,P3
UKD-005043,Flood,Waterlogging,52,7,2,1,9,4,2.94,53.64,Partially Blocked,Minor,1,1,1,1,Moderate,1,30.277189,79.377713,6.08,8.42,8.81,413,P3
UKD-002552,Earthquake,Trapped People,121,79,7,4,13,12,0.2,3.55,Blocked,Severe,0,0,0,1,Critical,1,30.365301,78.075987,1.03,2.29,0.57,3637,P2
UKD-002929,Cloudburst,Evacuation Request,158,24,2,0,20,7,1.94,29.83,Partially Blocked,Moderate,1,1,1,1,Moderate,1,29.398293,79.326943,4.36,3.47,9.02,1777,P2
UKD-000118,Flood,Evacuation Request,28,22,4,0,4,3,4.96,79.57,Blocked,Severe,0,0,1,1,Critical,1,29.465014,79.479582,17.46,9.72,8.27,363,P1
UKD-000646,Landslide,Trapped People,111,90,8,4,7,8,0.67,21.48,Blocked,Severe,0,0,0,1,Critical,1,30.303067,79.152646,19.3,7.34,18.47,337,P1
UKD-000004,Cloudburst,Trapped People,19,4,1,1,5,1,1.38,36.66,Open,Minor,1,1,0,1,Low,1,30.329049,78.0476,7.6,2.21,0.61,4355,P1
UKD-004171,Landslide,Evacuation Request,111,16,1,1,17,6,0.35,8.76,Open,Moderate,1,0,1,0,None,0,29.767951,79.855895,10.29,6.78,10.16,749,P3
UKD-000468,Flood,Evacuation Request,19,14,2,0,3,6,2.63,41.15,Blocked,None,0,1,1,1,Low,0,29.620796,79.685542,2.83,3.72,2.19,404,P1
UKD-000006,Cloudburst,Evacuation Request,57,17,4,1,15,3,2.39,38.84,Partially Blocked,Moderate,1,0,1,1,Moderate,0,30.322841,78.077276,13.8,2.28,2.33,475,P1
UKD-000920,Flood,Damaged House,25,16,10,5,3,4,3.86,81.34,Partially Blocked,Severe,0,0,0,1,Critical,1,29.357259,79.490464,13.82,1.14,8.73,354,P1
UKD-002596,Flood,Damaged House,18,7,0,0,7,2,1.27,34.16,Blocked,Minor,1,1,1,0,None,0,29.977442,78.130281,8.24,6.59,10.42,2321,P2
UKD-004325,Cloudburst,Trapped People,31,23,2,1,8,7,2.07,30.75,Blocked,Minor,0,1,1,1,Low,0,30.446743,77.895768,8.82,2.58,2.22,1334,P3
UKD-001064,Flood,Evacuation Request,5,0,0,0,1,1,2.28,57.2,Open,Minor,1,1,1,0,None,0,30.252049,78.037105,2.69,2.41,5.18,1107,P1
UKD-002591,Earthquake,Infrastructure Damage,8,4,2,1,0,2,0.12,1.81,Blocked,Severe,0,0,0,1,Moderate,1,30.338806,77.998427,0.5,0.26,2.27,8278,P2
UKD-000243,Flood,Waterlogging,73,11,1,1,16,2,2.07,64.59,Open,None,0,1,1,1,Moderate,0,29.561692,79.716199,18.47,1.33,1.6,747,P1
UKD-005214,Flood,Waterlogging,23,4,3,1,1,3,2.41,60.52,Partially Blocked,Minor,1,0,0,0,None,0,30.47381,78.916962,7.81,9.7,14.15,246,P3
UKD-001161,Flood,Missing Person,36,24,5,6,4,6,3.56,51.77,Blocked,Moderate,0,1,1,1,Moderate,0,30.146961,78.227466,0.51,7.67,7.45,4514,P1
UKD-002871,Flood,Missing Person,20,2,0,7,2,2,2.05,40.09,Open,Minor,1,1,1,0,None,0,29.115934,79.576692,6.85,3.49,2.47,1567,P2
UKD-003736,Cloudburst,Damaged House,67,41,6,2,4,4,1.83,39.34,Blocked,Moderate,0,0,1,1,Critical,1,30.182543,79.345922,3.8,9.97,20.04,158,P2
UKD-002398,Cloudburst,Injured Person,77,19,10,5,16,8,1.47,41.84,Partially Blocked,Minor,1,0,0,1,Low,0,29.975047,78.262211,1.98,3.47,5.88,3419,P2
UKD-003518,Flood,Missing Person,7,0,0,1,3,0,1.06,21.53,Open,Minor,1,1,1,0,None,0,30.305042,77.994834,3.79,5.83,1.97,1508,P2
UKD-003422,Cloudburst,Evacuation Request,86,20,3,2,8,9,2.07,45.54,Partially Blocked,Severe,1,1,0,1,Critical,1,30.300386,78.04098,1.91,2.31,9.84,2611,P2
UKD-002564,Cloudburst,Trapped People,68,64,5,1,7,7,2.21,56.28,Blocked,Moderate,0,0,1,1,Low,0,29.923656,79.651859,22.85,17.45,8.21,189,P2
UKD-001606,Flood,Trapped People,200,84,3,4,18,7,3.51,97.75,Blocked,Severe,0,0,1,1,Critical,1,29.448886,79.425278,3.97,8.82,8.05,573,P1
UKD-005786,Flood,Infrastructure Damage,106,33,2,2,12,4,1.93,47.56,Blocked,Moderate,1,0,1,1,Low,0,28.984224,79.609393,1.4,2.25,7.76,4491,P3
UKD-002325,Flood,Flooded Road,119,26,3,4,14,9,2.95,77.3,Blocked,Moderate,0,0,0,1,Moderate,1,30.220981,79.28952,26.07,10.15,30.0,262,P2
UKD-002710,Landslide,Missing Person,179,53,4,5,13,6,0.97,15.79,Blocked,Severe,1,0,0,1,Moderate,0,28.942505,79.58362,2.8,1.89,6.58,1876,P2
UKD-005266,Landslide,Damaged House,32,14,2,0,8,5,0.73,11.74,Open,Moderate,0,1,1,1,Low,0,30.239741,78.721779,5.99,12.01,23.08,592,P3
UKD-001313,Cloudburst,Evacuation Request,35,15,1,0,7,4,1.9,51.98,Blocked,Minor,0,1,1,1,Low,0,30.313744,78.493298,22.36,14.11,11.76,189,P1
UKD-003449,Flood,Trapped People,33,18,1,1,4,1,1.45,24.3,Blocked,Moderate,1,0,1,0,None,0,30.209722,78.768499,4.21,5.02,15.29,519,P2
UKD-003813,Flood,Trapped People,66,53,3,4,9,7,3.68,70.24,Blocked,Minor,0,1,0,1,Low,0,28.94711,79.536323,9.65,0.75,4.87,805,P2
UKD-005581,Cloudburst,Missing Person,21,3,1,5,2,3,0.96,22.72,Open,Minor,1,1,1,0,None,0,30.003171,78.117311,3.19,3.58,12.35,2267,P3
UKD-002363,Flood,Waterlogging,51,5,4,3,18,1,2.84,55.92,Partially Blocked,Minor,1,1,0,1,Moderate,1,30.249883,78.436307,27.09,20.0,10.22,459,P2
UKD-001976,Cloudburst,Evacuation Request,35,7,4,2,7,1,1.93,34.68,Partially Blocked,Severe,1,1,0,1,Low,0,30.034007,78.683654,12.01,7.17,4.28,670,P1
UKD-003515,Earthquake,Injured Person,28,22,4,1,3,3,0.17,2.32,Blocked,Severe,0,1,0,1,Low,0,30.29588,78.018726,2.81,1.48,6.78,1380,P2
UKD-001762,Cloudburst,Flooded Road,172,23,2,1,10,7,3.63,68.9,Blocked,Moderate,0,1,0,1,Low,0,30.32955,78.111247,2.13,1.45,8.96,8498,P1
UKD-002740,Flood,Missing Person,54,24,2,9,16,7,2.23,47.45,Blocked,Moderate,0,1,1,1,Critical,1,29.984448,77.994878,2.19,5.12,2.96,3753,P2
UKD-005588,Landslide,Trapped People,71,49,5,2,17,2,0.78,13.88,Partially Blocked,Severe,0,1,0,1,Critical,1,30.471632,79.388647,15.91,20.0,7.42,172,P3
UKD-002473,Cloudburst,Missing Person,36,16,0,8,7,7,1.54,32.56,Blocked,Minor,0,1,1,1,Moderate,0,29.357721,79.437106,15.51,1.91,9.89,498,P2
UKD-004008,Earthquake,Damaged House,15,0,0,0,4,2,0.04,0.93,Open,Severe,1,1,1,0,None,0,30.454054,79.500932,22.73,13.09,4.82,362,P3
UKD-004719,Landslide,Damaged House,3,0,0,0,0,0,0.12,2.59,Open,Moderate,1,1,1,0,None,0,30.341138,78.020912,10.36,1.3,4.74,1591,P3
UKD-001494,Earthquake,Damaged House,108,62,3,1,14,2,0.09,1.9,Blocked,Severe,0,1,1,1,Critical,1,29.250363,79.496752,12.93,5.4,4.71,837,P1
UKD-004207,Cloudburst,Damaged House,9,0,0,0,1,1,0.57,16.69,Open,None,1,1,1,0,None,0,30.341177,79.472452,14.86,20.0,4.31,321,P3
UKD-002159,Landslide,Trapped People,72,29,0,0,5,11,0.45,8.56,Partially Blocked,None,1,1,0,0,None,0,30.088885,78.869654,8.17,7.8,10.12,338,P2
UKD-001170,Landslide,Evacuation Request,91,64,5,1,5,4,0.97,14.91,Blocked,Severe,0,0,1,1,Moderate,0,29.589531,79.608098,9.27,7.76,14.96,153,P1
UKD-005416,Flood,Infrastructure Damage,20,1,2,0,4,2,1.08,27.2,Open,Minor,1,1,1,1,Low,0,30.327539,78.987471,2.83,15.87,12.43,111,P3
UKD-000233,Landslide,Infrastructure Damage,28,13,0,4,3,3,0.67,13.29,Partially Blocked,Moderate,0,0,0,0,None,0,30.67122,78.673595,7.82,6.81,30.0,136,P1
UKD-000067,Flood,Evacuation Request,153,49,2,2,12,7,3.02,60.49,Blocked,Minor,1,0,1,1,Critical,1,29.609282,79.512735,19.13,3.12,9.12,1276,P1
UKD-001604,Landslide,Injured Person,116,59,15,1,8,6,0.72,19.2,Partially Blocked,Severe,0,0,1,1,Moderate,1,29.929267,78.236478,4.86,4.26,2.75,1182,P1
UKD-003284,Cloudburst,Trapped People,184,46,0,2,11,8,2.1,29.36,Partially Blocked,Moderate,1,1,0,1,Moderate,1,29.952337,78.131914,2.81,0.51,0.82,2056,P2
UKD-003597,Landslide,Missing Person,102,53,4,6,17,8,0.68,16.12,Blocked,Moderate,1,0,1,1,Moderate,1,30.350652,77.975089,1.38,3.3,0.91,1741,P2
UKD-004633,Earthquake,Infrastructure Damage,6,0,0,0,1,1,0.03,0.7,Open,Moderate,0,0,0,0,None,0,29.383993,79.485257,14.86,0.96,15.02,809,P3
UKD-000126,Cloudburst,Evacuation Request,97,56,7,2,11,5,3.17,65.26,Blocked,Severe,0,1,1,1,Low,0,30.16614,78.730518,11.84,2.43,9.19,542,P1
UKD-001297,Cloudburst,Damaged House,25,11,0,3,8,6,2.27,42.18,Open,Minor,0,1,0,1,Moderate,0,30.271272,79.00429,2.21,5.3,23.31,141,P1
UKD-001977,Flood,Flooded Road,35,7,0,0,8,8,2.63,41.08,Blocked,Minor,1,0,1,0,None,0,29.384054,79.541415,26.53,6.33,20.14,1560,P1
UKD-005417,Cloudburst,Damaged House,12,4,0,0,3,1,1.47,30.57,Blocked,Moderate,1,0,1,0,None,0,30.699616,78.437298,10.13,6.12,16.64,248,P3
UKD-005374,Cloudburst,Damaged House,10,3,0,1,2,3,1.18,21.96,Partially Blocked,Minor,1,1,1,0,None,0,30.361793,78.033896,6.9,2.46,13.43,1581,P3
UKD-002076,Earthquake,Infrastructure Damage,30,5,1,1,5,2,0.07,1.14,Partially Blocked,None,1,0,1,1,Low,0,30.255542,78.095558,4.42,4.36,7.42,1712,P2
UKD-004581,Flood,Trapped People,46,17,1,1,4,8,1.37,23.09,Partially Blocked,Minor,1,0,1,0,None,0,28.986297,79.59089,2.4,5.55,4.94,1706,P3
UKD-003087,Flood,Flooded Road,133,28,1,3,8,10,2.5,77.16,Blocked,Minor,0,1,0,1,Moderate,1,30.293304,78.03809,14.5,4.96,2.31,766,P2
UKD-005197,Landslide,Trapped People,19,9,0,1,1,2,0.19,5.39,Open,Minor,0,1,1,0,None,0,30.462022,78.133521,2.2,2.93,5.44,3029,P3
UKD-003346,Landslide,Injured Person,21,12,3,3,3,4,0.51,10.23,Partially Blocked,Moderate,0,0,1,1,Critical,1,30.326712,78.092417,1.62,3.04,5.58,704,P2
UKD-005819,Flood,Evacuation Request,44,13,0,3,5,6,2.24,43.0,Partially Blocked,Moderate,0,1,1,1,Low,0,28.941602,79.455199,7.22,3.09,4.34,2103,P3
UKD-002798,Earthquake,Injured Person,63,37,10,4,10,5,0.11,3.5,Blocked,Severe,0,0,0,1,Moderate,1,30.287703,77.989192,2.49,3.18,17.39,1815,P2
UKD-000919,Earthquake,Infrastructure Damage,41,30,3,4,6,7,0.12,3.1,Blocked,Severe,0,1,1,1,Moderate,1,30.217567,78.082328,0.87,1.66,6.94,1081,P1
UKD-001647,Cloudburst,Injured Person,17,5,5,0,0,2,1.92,39.59,Partially Blocked,Minor,0,1,1,1,Critical,1,30.336527,78.119279,4.9,0.98,3.03,2016,P1
UKD-005123,Landslide,Infrastructure Damage,5,1,0,0,0,0,0.08,2.16,Partially Blocked,Moderate,0,0,1,0,None,0,30.496239,79.27772,13.74,8.2,15.74,324,P3
UKD-005127,Flood,Flooded Road,3,1,0,0,0,0,1.56,22.07,Partially Blocked,None,1,1,1,0,None,0,29.966726,78.251664,4.42,3.83,13.5,1197,P3
UKD-004979,Landslide,Waterlogging,13,1,0,0,2,2,0.78,17.92,Open,Minor,1,0,0,0,None,0,30.77987,78.567906,3.73,9.15,12.06,252,P3
UKD-004622,Flood,Waterlogging,8,0,0,1,0,1,0.84,22.36,Open,None,1,1,0,0,None,0,28.971994,79.449927,7.93,4.64,2.95,1703,P3
UKD-000365,Earthquake,Infrastructure Damage,59,27,3,3,7,8,0.12,2.28,Blocked,Moderate,1,1,1,1,Critical,1,28.938175,79.50677,3.61,4.6,6.02,2121,P1
UKD-003288,Flood,Damaged House,50,28,1,2,14,1,2.6,64.07,Blocked,Minor,0,0,0,1,Moderate,1,29.96882,78.025128,4.23,1.26,3.44,1941,P2
UKD-002126,Earthquake,Infrastructure Damage,74,21,1,3,11,7,0.09,1.66,Open,Minor,0,1,1,0,None,0,29.343605,80.164999,4.38,20.0,20.28,620,P2
UKD-004124,Flood,Waterlogging,6,0,1,0,3,2,1.02,22.54,Open,Minor,1,1,1,1,Low,1,29.94576,78.143205,0.5,3.32,1.38,791,P3
UKD-004570,Flood,Injured Person,8,0,2,0,1,1,1.32,31.51,Open,Moderate,1,1,1,1,Low,1,29.542316,79.416231,12.3,6.8,5.13,1278,P3
UKD-000526,Cloudburst,Damaged House,23,7,3,1,2,6,2.96,66.78,Open,Severe,0,0,1,1,Low,1,29.342798,80.162604,5.41,14.71,6.26,816,P1
UKD-004822,Landslide,Infrastructure Damage,3,0,0,0,1,0,0.12,3.21,Partially Blocked,None,1,1,1,0,None,0,30.036706,78.789555,6.02,6.38,15.48,2706,P3
UKD-000056,Cloudburst,Missing Person,101,57,7,5,8,4,2.85,49.94,Blocked,Severe,1,0,1,1,Moderate,1,30.196854,77.980514,0.68,3.34,2.17,1206,P1
UKD-000639,Landslide,Infrastructure Damage,23,2,1,1,5,6,0.41,7.96,Open,Moderate,1,0,0,1,Low,0,30.346344,78.067516,2.59,3.48,2.51,1380,P1
UKD-000303,Cloudburst,Trapped People,37,19,2,0,4,4,2.35,58.04,Open,Moderate,0,0,1,1,Moderate,1,30.352546,77.971636,3.48,6.78,4.56,1230,P1
UKD-002767,Flood,Infrastructure Damage,39,12,2,2,15,1,3.73,63.87,Partially Blocked,Moderate,1,1,1,0,None,0,30.428869,77.961415,2.1,5.99,1.6,1451,P2
UKD-001277,Cloudburst,Evacuation Request,143,65,4,4,5,6,3.84,74.9,Blocked,Moderate,0,0,0,1,Low,1,28.936533,79.463951,13.24,2.61,4.87,961,P1
UKD-004721,Flood,Infrastructure Damage,82,6,2,1,8,7,1.17,22.79,Open,Minor,1,0,1,1,Low,1,29.441313,79.471056,4.11,2.98,14.26,3027,P3
UKD-002056,Landslide,Evacuation Request,121,65,4,2,6,6,0.73,12.28,Blocked,Severe,0,0,1,1,Critical,1,30.159979,78.821987,9.5,6.11,12.24,1750,P2
UKD-005146,Landslide,Evacuation Request,75,34,2,1,14,9,0.4,6.51,Blocked,None,0,0,1,1,Moderate,1,28.953189,79.565145,7.18,2.61,3.54,1104,P3
UKD-004433,Cloudburst,Infrastructure Damage,3,1,0,0,1,0,1.17,25.74,Blocked,Minor,0,1,1,1,Moderate,0,30.180474,77.921492,6.6,12.42,2.87,959,P3
UKD-003645,Landslide,Evacuation Request,30,1,1,1,9,3,0.29,4.85,Open,None,1,1,1,1,Critical,1,30.292102,78.093935,3.09,4.48,1.65,919,P2
UKD-004144,Earthquake,Damaged House,82,46,1,0,6,7,0.14,2.82,Blocked,None,0,0,1,1,Critical,1,28.818727,79.587796,0.62,7.18,4.69,793,P3
UKD-002879,Landslide,Damaged House,26,12,1,0,2,3,0.42,9.82,Partially Blocked,Moderate,0,1,0,1,Low,0,30.300958,77.931793,1.1,4.57,0.52,3586,P2
UKD-004203,Cloudburst,Injured Person,12,1,1,1,1,1,0.82,14.84,Open,Minor,1,1,0,0,None,0,30.498106,78.5445,3.63,17.17,2.25,93,P3
UKD-002287,Flood,Damaged House,9,0,0,1,4,0,1.36,23.6,Partially Blocked,None,1,1,1,1,Low,0,29.866068,78.253349,12.9,4.78,3.44,922,P2
UKD-002262,Earthquake,Evacuation Request,9,2,1,0,1,4,0.05,0.84,Open,None,1,1,1,1,Low,0,29.916285,78.30002,1.32,1.92,4.63,3610,P2
UKD-002297,Flood,Infrastructure Damage,113,67,1,2,7,4,3.13,67.98,Blocked,Moderate,0,0,1,1,Critical,1,29.899439,78.171113,5.49,3.13,12.58,919,P2
UKD-001754,Earthquake,Trapped People,103,71,3,3,7,4,0.12,3.16,Partially Blocked,Moderate,0,1,0,1,Low,1,30.371425,78.069997,2.08,2.4,1.77,1510,P1
UKD-001969,Landslide,Trapped People,91,74,6,3,13,4,1.17,22.55,Blocked,Severe,0,0,1,1,Low,0,30.480645,78.171426,1.64,1.24,7.66,1711,P1
UKD-005203,Earthquake,Damaged House,23,2,1,0,3,0,0.04,1.01,Partially Blocked,Minor,1,1,1,1,Moderate,1,29.423111,79.480735,22.08,1.17,5.82,346,P3
UKD-003118,Earthquake,Trapped People,104,62,4,0,8,6,0.15,2.63,Open,Severe,0,0,1,1,Low,0,30.4786,78.006746,5.13,1.82,0.68,2664,P2
UKD-002394,Earthquake,Injured Person,58,24,10,3,7,5,0.18,2.45,Blocked,Moderate,1,1,1,1,Low,0,30.375465,78.181234,9.79,4.24,10.16,195,P2
UKD-000524,Earthquake,Infrastructure Damage,54,13,3,2,9,2,0.16,1.98,Partially Blocked,Moderate,1,0,1,0,None,0,28.954103,79.483106,3.15,2.89,5.92,3559,P1
UKD-003901,Flood,Trapped People,105,67,2,8,8,4,4.26,87.57,Blocked,Severe,1,1,0,1,Moderate,1,30.016683,78.129739,1.05,0.7,8.35,1640,P2
UKD-005712,Cloudburst,Damaged House,118,21,0,6,6,2,1.8,32.55,Partially Blocked,None,1,0,1,0,None,0,29.701127,79.632296,19.31,5.68,1.24,672,P3
UKD-004700,Flood,Flooded Road,5,1,0,0,1,0,1.89,36.86,Partially Blocked,Minor,1,1,1,0,None,0,30.108983,78.71048,8.43,0.81,10.74,515,P3
UKD-005490,Cloudburst,Trapped People,5,2,0,0,1,0,0.66,14.42,Partially Blocked,None,1,1,1,0,None,0,30.105831,78.715932,11.7,10.99,25.37,271,P3
UKD-003123,Cloudburst,Flooded Road,42,3,3,1,12,6,2.23,51.49,Blocked,Minor,1,1,1,1,Moderate,1,29.875063,78.169164,1.39,7.74,5.49,1171,P2
UKD-004157,Landslide,Infrastructure Damage,84,48,6,0,12,4,0.51,11.19,Blocked,Minor,0,1,1,1,Critical,1,29.872035,78.05955,2.71,8.11,3.35,784,P3
UKD-001970,Landslide,Missing Person,108,73,4,9,9,8,0.8,15.1,Blocked,Moderate,0,1,1,1,Moderate,1,29.822791,78.190363,6.6,6.01,3.36,2742,P1
UKD-000672,Landslide,Evacuation Request,49,26,1,1,6,8,0.44,8.72,Blocked,Moderate,0,1,1,1,Low,0,30.233558,78.735116,4.43,15.62,8.05,331,P1
UKD-004189,Landslide,Injured Person,7,0,1,0,3,1,0.34,8.34,Partially Blocked,Moderate,1,1,1,1,Moderate,1,30.332333,78.583227,14.87,11.21,5.86,253,P3
UKD-000667,Flood,Waterlogging,12,1,2,1,1,4,5.0,86.64,Partially Blocked,Moderate,0,1,1,1,Moderate,0,29.832413,78.176255,11.42,5.47,3.29,2699,P1
UKD-005533,Cloudburst,Damaged House,67,22,4,2,11,5,1.65,28.68,Partially Blocked,Severe,0,0,0,1,Moderate,1,30.817614,78.129614,22.83,6.68,16.4,381,P3
UKD-001888,Cloudburst,Trapped People,200,64,3,2,14,7,2.48,77.9,Blocked,Moderate,1,0,1,1,Low,0,30.367143,77.939321,9.89,3.18,20.55,794,P1
UKD-003267,Flood,Trapped People,55,25,3,1,7,4,2.68,56.62,Partially Blocked,Minor,1,0,1,1,Low,0,29.936966,78.13038,4.81,5.06,4.39,1581,P2
UKD-000281,Flood,Missing Person,200,54,3,5,7,8,3.88,65.21,Blocked,Severe,1,1,1,1,Critical,1,30.340343,78.003301,10.45,9.29,4.57,1845,P1
UKD-001720,Earthquake,Injured Person,6,0,2,0,0,2,0.05,1.1,Open,Moderate,1,1,1,1,Moderate,1,30.005969,78.25151,1.39,8.19,1.7,1234,P1
UKD-002948,Landslide,Injured Person,57,14,6,3,6,3,0.48,15.85,Open,Minor,1,0,0,0,None,0,30.575937,78.484208,1.14,5.95,7.38,319,P2
UKD-004456,Flood,Waterlogging,24,2,0,0,10,1,1.68,25.85,Open,None,0,1,1,1,Low,0,30.315181,79.100251,9.66,7.58,7.4,233,P3
UKD-000900,Flood,Injured Person,13,10,1,1,2,2,2.69,79.52,Blocked,Moderate,0,0,0,1,Critical,1,30.322711,79.194334,22.08,5.62,29.77,566,P1
UKD-005815,Cloudburst,Missing Person,162,37,2,8,13,8,2.22,50.82,Partially Blocked,None,0,0,1,1,Moderate,1,30.382186,78.496663,20.36,13.19,6.32,236,P3
UKD-000761,Landslide,Missing Person,99,45,6,7,7,2,0.73,12.13,Partially Blocked,Severe,0,0,1,1,Critical,1,30.398032,77.967778,1.88,5.8,6.04,1276,P1
UKD-001907,Earthquake,Missing Person,65,36,1,7,20,4,0.15,2.35,Blocked,Moderate,1,0,1,1,Low,0,30.265787,78.018469,4.45,1.56,6.99,3960,P1
UKD-004043,Earthquake,Damaged House,49,14,5,2,11,2,0.1,2.25,Partially Blocked,Severe,1,1,1,1,Low,0,29.899904,78.238336,6.36,1.0,1.42,1141,P3
UKD-003824,Cloudburst,Damaged House,41,4,1,0,9,1,1.92,24.92,Open,Moderate,1,1,1,1,Moderate,1,29.488636,80.184106,17.12,1.89,6.67,460,P2
UKD-004139,Earthquake,Injured Person,16,1,7,0,2,1,0.06,1.1,Open,None,1,1,1,1,Moderate,1,29.415751,79.468741,8.64,6.78,5.97,528,P3
UKD-003819,Flood,Damaged House,38,15,8,4,7,5,3.46,44.4,Partially Blocked,Severe,1,0,1,1,Critical,1,29.42748,79.387063,4.61,15.56,12.9,746,P2
UKD-004301,Cloudburst,Injured Person,25,11,1,0,11,1,1.84,33.43,Partially Blocked,None,0,1,1,1,Low,0,30.42888,78.402946,11.64,3.82,18.15,328,P3
UKD-002594,Cloudburst,Infrastructure Damage,41,22,1,1,1,5,1.62,29.05,Blocked,Minor,0,0,1,1,Low,0,30.213093,78.71214,3.68,5.3,13.62,484,P2
UKD-004165,Flood,Trapped People,47,13,0,1,9,7,2.29,31.6,Open,None,1,1,1,1,Moderate,1,30.622599,78.539359,23.32,5.33,9.75,211,P3
UKD-003032,Earthquake,Trapped People,135,80,3,3,6,12,0.14,2.16,Blocked,Severe,0,0,0,1,Low,0,30.298849,78.073216,4.75,7.37,1.31,1198,P2
UKD-003580,Flood,Injured Person,8,0,2,0,1,0,1.66,34.54,Open,None,1,1,0,1,Moderate,1,29.434069,79.331403,15.64,6.58,1.46,729,P2
UKD-002833,Flood,Injured Person,17,4,6,0,2,2,1.83,44.18,Open,None,1,1,1,1,Moderate,1,30.452941,78.439101,11.31,10.69,8.47,563,P2
UKD-003473,Cloudburst,Missing Person,9,1,0,2,4,1,1.42,21.78,Partially Blocked,Minor,1,1,1,1,Low,0,30.840441,78.409975,26.48,15.57,30.0,99,P2
UKD-000138,Earthquake,Trapped People,44,14,1,4,5,4,0.08,1.91,Open,Minor,1,1,0,1,Low,1,30.276964,78.052932,3.63,6.27,2.73,3429,P1
UKD-004893,Flood,Evacuation Request,23,1,0,0,9,2,0.56,14.06,Open,Minor,1,1,1,0,None,0,30.47049,78.024608,0.98,4.55,2.27,1478,P3
UKD-002181,Flood,Damaged House,9,0,0,0,4,0,1.57,31.06,Open,Minor,1,1,1,0,None,0,28.966021,79.5662,8.23,3.59,1.28,2219,P2
UKD-002129,Earthquake,Trapped People,58,37,4,3,20,6,0.15,2.75,Partially Blocked,Severe,0,1,1,1,Critical,1,30.147393,78.768303,4.2,3.75,11.53,816,P2
UKD-003178,Landslide,Missing Person,55,12,1,4,8,5,0.56,8.49,Partially Blocked,Moderate,1,1,1,0,None,0,28.956343,79.600957,4.0,1.17,2.01,979,P2
UKD-004855,Flood,Flooded Road,9,0,0,0,2,0,1.8,47.54,Blocked,Minor,1,1,1,0,None,0,29.932752,78.147007,7.98,2.08,6.83,1651,P3
UKD-004638,Flood,Infrastructure Damage,75,41,0,2,9,4,1.84,50.4,Blocked,Minor,0,1,0,0,None,0,30.337695,78.598653,8.08,6.65,22.11,405,P3
UKD-005116,Landslide,Missing Person,73,38,0,6,16,7,0.56,10.91,Blocked,Moderate,0,0,0,0,None,0,29.215066,79.409751,16.6,3.4,4.95,340,P3
UKD-005224,Flood,Damaged House,5,0,0,0,0,0,0.78,11.59,Partially Blocked,Moderate,1,1,1,0,None,0,30.340755,78.663373,12.81,18.44,4.59,218,P3
UKD-004262,Landslide,Infrastructure Damage,9,3,0,1,2,1,0.4,8.27,Partially Blocked,Minor,1,1,1,1,Low,0,30.398812,78.59881,30.0,4.82,14.86,166,P3
UKD-004345,Landslide,Infrastructure Damage,36,18,1,2,5,3,0.44,6.61,Partially Blocked,None,0,1,1,1,Low,0,30.502658,78.556094,24.69,12.69,15.92,74,P3
UKD-001332,Earthquake,Damaged House,82,12,2,1,12,4,0.09,2.42,Open,None,1,1,1,0,None,0,29.071072,79.424021,3.32,2.67,2.67,2255,P1
UKD-002018,Earthquake,Damaged House,29,2,3,1,2,2,0.06,1.12,Open,Minor,1,1,1,0,None,0,30.328394,77.828053,1.86,4.57,1.39,1721,P2
UKD-004543,Flood,Flooded Road,17,0,0,0,0,0,1.83,45.25,Open,Moderate,1,1,1,0,None,0,30.335722,79.36232,25.87,1.65,7.89,275,P3
UKD-002483,Landslide,Flooded Road,8,1,0,3,2,2,0.47,14.99,Partially Blocked,None,1,1,0,0,None,0,30.501829,78.604699,16.15,2.53,19.9,200,P2
UKD-001359,Landslide,Infrastructure Damage,81,58,5,1,9,3,0.86,14.72,Blocked,Severe,0,1,1,1,Moderate,1,29.376613,79.454548,8.89,2.91,12.09,745,P1
UKD-001330,Flood,Damaged House,5,0,1,0,1,0,2.71,54.58,Partially Blocked,Moderate,1,0,1,1,Moderate,1,30.289769,77.998423,5.43,3.47,11.76,2002,P1
UKD-005909,Flood,Damaged House,173,46,1,1,13,5,3.13,68.6,Blocked,Moderate,1,1,1,1,Moderate,0,28.970987,79.438211,4.29,7.82,5.25,2718,P3
UKD-002151,Landslide,Trapped People,53,27,1,2,14,5,0.76,11.71,Partially Blocked,Minor,0,1,1,1,Low,0,29.92202,78.108285,3.2,4.25,6.05,6393,P2
UKD-004531,Flood,Flooded Road,26,5,0,0,9,3,2.18,46.45,Blocked,Minor,0,1,1,0,None,0,29.315538,80.087795,8.9,11.07,27.33,1266,P3
UKD-002123,Flood,Evacuation Request,30,0,1,0,4,1,1.37,17.08,Open,None,1,1,1,1,Low,0,30.375877,78.488624,16.9,1.74,3.08,327,P2
UKD-004674,Cloudburst,Infrastructure Damage,67,27,4,4,10,3,2.25,37.95,Blocked,Moderate,1,1,0,1,Critical,1,30.23936,78.736239,11.59,2.34,6.63,971,P3
UKD-003982,Landslide,Flooded Road,54,12,2,2,7,5,0.62,14.99,Blocked,Minor,0,0,1,1,Moderate,0,30.158984,79.378347,20.31,3.3,10.15,216,P2
UKD-001253,Landslide,Trapped People,165,58,6,2,12,4,0.92,12.14,Open,Severe,0,0,1,1,Critical,1,29.887998,80.019696,6.31,10.87,6.37,227,P1
UKD-003279,Cloudburst,Trapped People,57,48,2,1,15,3,2.42,56.53,Blocked,Moderate,0,1,1,0,None,0,29.753408,79.755884,9.42,8.97,13.26,414,P2
UKD-003375,Flood,Evacuation Request,186,30,3,2,9,3,3.3,73.25,Partially Blocked,Minor,1,1,1,1,Critical,1,30.327698,77.984809,5.02,1.53,8.45,1471,P2
UKD-002815,Flood,Flooded Road,61,12,3,1,8,2,3.13,76.61,Partially Blocked,Minor,1,0,0,1,Critical,1,29.014379,79.438249,0.96,2.71,6.31,1164,P2
UKD-004720,Flood,Evacuation Request,10,4,0,1,1,2,0.84,22.88,Open,Minor,0,0,1,1,Low,0,30.047609,78.765015,8.61,6.06,3.5,238,P3
UKD-001849,Landslide,Flooded Road,34,8,2,1,2,9,0.9,25.76,Blocked,Moderate,0,0,1,1,Moderate,1,30.479833,78.167223,4.66,6.19,2.9,1650,P1
UKD-004859,Cloudburst,Damaged House,63,15,6,0,15,12,0.96,20.38,Partially Blocked,Severe,1,1,1,1,Moderate,0,30.362257,78.078329,1.96,8.31,7.81,1180,P3
UKD-003038,Cloudburst,Injured Person,28,8,9,3,7,3,3.4,67.39,Open,Moderate,0,1,0,1,Moderate,1,30.395045,78.155823,5.43,0.94,2.11,2706,P2
UKD-000389,Flood,Damaged House,106,58,0,3,9,5,3.01,50.65,Partially Blocked,Moderate,0,1,0,1,Low,0,28.892103,79.438275,0.7,9.93,1.65,1814,P1
UKD-000236,Flood,Trapped People,27,21,2,2,6,2,2.84,63.36,Blocked,Minor,0,0,0,1,Moderate,1,29.382152,79.468447,3.7,7.13,6.9,467,P1
UKD-001078,Landslide,Missing Person,10,6,1,2,1,0,0.69,10.83,Blocked,Moderate,0,1,1,0,None,0,30.379957,79.147092,16.36,8.65,12.93,156,P1
UKD-001985,Cloudburst,Trapped People,124,80,1,1,12,10,2.79,56.87,Blocked,None,0,0,1,1,Moderate,1,30.394686,78.995848,6.5,18.29,4.02,1212,P1
UKD-004364,Earthquake,Damaged House,32,8,4,3,7,6,0.07,1.39,Partially Blocked,Severe,1,1,1,0,None,0,30.106648,78.758986,15.37,6.49,2.96,225,P3
UKD-003963,Landslide,Missing Person,69,24,1,11,16,4,0.46,9.22,Blocked,Moderate,1,1,0,0,None,0,30.323979,78.123035,6.88,1.51,2.26,3548,P2
UKD-000771,Cloudburst,Missing Person,15,7,0,4,9,2,2.91,53.28,Open,Minor,0,0,1,0,None,0,30.844654,78.491676,20.26,1.16,11.28,505,P1
UKD-002166,Earthquake,Missing Person,27,1,1,1,4,2,0.06,1.14,Open,Moderate,1,1,1,1,Low,0,29.466001,79.3914,6.76,10.63,6.44,794,P2
UKD-004534,Cloudburst,Waterlogging,6,0,0,0,1,0,1.77,32.16,Partially Blocked,Minor,1,1,1,0,None,0,30.410077,79.578034,14.25,5.87,9.29,89,P3
UKD-000674,Earthquake,Evacuation Request,46,22,4,5,6,1,0.14,3.36,Blocked,Severe,1,1,0,0,None,0,30.480959,78.002222,0.5,6.65,1.92,1026,P1
UKD-000250,Flood,Evacuation Request,55,26,2,4,5,5,3.63,63.09,Partially Blocked,Minor,0,1,0,1,Critical,1,29.931219,78.115089,3.79,14.88,2.54,1448,P1
UKD-001575,Landslide,Trapped People,89,81,0,4,8,5,0.75,12.95,Blocked,Moderate,0,0,0,1,Low,1,29.413654,79.388905,18.08,7.1,6.26,339,P1
UKD-003420,Landslide,Damaged House,124,76,2,2,6,9,0.74,20.25,Blocked,Moderate,0,1,1,1,Low,0,30.224363,78.990392,6.78,14.26,10.53,324,P2
UKD-002082,Flood,Evacuation Request,17,2,0,1,4,4,1.75,32.57,Open,Minor,1,1,1,0,None,0,28.896745,79.56197,4.04,3.25,0.5,292,P2
UKD-001824,Landslide,Trapped People,76,65,4,0,17,6,0.87,17.83,Blocked,Moderate,0,0,0,1,Moderate,1,30.13233,78.753233,5.04,8.4,16.52,271,P1
UKD-005551,Flood,Flooded Road,16,0,1,0,6,2,1.92,46.06,Open,None,1,1,1,0,None,0,30.705012,78.625471,6.55,5.9,13.52,376,P3
UKD-005739,Flood,Flooded Road,10,1,1,2,2,2,1.47,38.41,Blocked,None,1,1,0,1,Low,0,28.880111,79.403768,10.14,1.96,8.45,2094,P3
UKD-004545,Landslide,Infrastructure Damage,42,2,1,2,7,3,0.17,4.44,Open,Minor,1,1,0,1,Low,1,30.377911,78.109082,4.74,2.86,1.08,2937,P3
UKD-000717,Cloudburst,Infrastructure Damage,44,13,4,1,11,2,2.98,42.1,Partially Blocked,Minor,1,1,1,1,Critical,1,30.220171,79.208568,17.49,13.62,7.2,552,P1
UKD-005345,Flood,Evacuation Request,11,0,0,0,5,1,1.03,21.79,Open,None,1,1,1,0,None,0,29.906372,78.104327,0.85,1.63,3.32,2451,P3
UKD-005600,Landslide,Trapped People,50,16,2,0,11,4,0.53,8.02,Open,Minor,1,1,1,1,Low,0,29.974598,78.176383,6.23,5.6,1.99,643,P3
UKD-002049,Flood,Missing Person,70,32,3,4,9,4,1.98,35.23,Partially Blocked,Minor,0,1,1,0,None,0,29.421385,79.443358,10.7,4.04,19.44,695,P2
UKD-004179,Flood,Evacuation Request,36,9,4,1,8,2,1.52,31.35,Open,Minor,0,1,1,1,Moderate,0,29.771246,78.185427,1.28,2.16,7.68,1091,P3
UKD-004810,Cloudburst,Evacuation Request,75,47,2,1,7,4,1.63,37.01,Blocked,Minor,0,1,1,1,Moderate,0,30.345095,77.980749,10.61,6.85,7.05,257,P3
UKD-002725,Earthquake,Evacuation Request,111,60,2,0,9,13,0.11,2.53,Blocked,Moderate,0,1,1,1,Low,0,29.380808,79.487972,5.29,9.58,10.18,477,P2
UKD-005421,Earthquake,Damaged House,4,0,0,0,0,1,0.05,0.94,Open,Moderate,1,1,1,0,None,0,30.049957,78.130274,0.5,3.82,4.73,5076,P3
UKD-001461,Flood,Trapped People,46,23,1,2,6,7,2.92,72.61,Open,Minor,0,1,1,1,Moderate,1,30.035944,78.226019,1.21,3.23,2.68,1440,P1
UKD-001669,Flood,Missing Person,194,33,4,4,10,5,3.92,83.62,Open,Moderate,0,0,1,1,Moderate,1,29.389197,79.582772,5.91,5.63,3.83,866,P1
UKD-002757,Landslide,Damaged House,135,52,3,1,6,7,0.58,10.57,Partially Blocked,Moderate,0,0,1,1,Moderate,1,30.399569,78.215199,3.52,2.51,1.28,995,P2
UKD-002001,Earthquake,Injured Person,6,0,4,0,1,0,0.1,1.63,Open,Moderate,1,1,1,1,Critical,1,29.537492,79.581306,4.4,4.66,4.93,843,P2
UKD-004572,Earthquake,Trapped People,17,4,0,0,4,0,0.06,1.2,Open,Minor,1,1,1,0,None,0,30.593151,79.525912,21.09,2.28,5.99,360,P3
UKD-004614,Flood,Flooded Road,11,0,0,0,2,0,0.71,25.48,Open,Moderate,1,1,1,1,Low,0,30.483377,78.608013,7.0,5.0,6.88,258,P3
UKD-000405,Flood,Trapped People,105,51,4,2,12,5,2.77,59.42,Partially Blocked,Severe,1,1,0,1,Moderate,1,29.890356,78.201328,4.22,2.92,3.87,687,P1
UKD-000385,Flood,Evacuation Request,20,3,0,2,4,1,2.19,40.69,Open,Minor,1,0,1,1,Moderate,1,29.922646,78.12095,1.85,5.32,0.5,4393,P1
UKD-005386,Earthquake,Missing Person,13,1,0,2,2,1,0.03,0.54,Open,Minor,1,1,1,0,None,0,30.424166,79.43921,7.72,9.98,1.67,136,P3
UKD-002153,Earthquake,Missing Person,71,21,2,6,11,0,0.06,1.43,Open,Minor,0,0,1,1,Moderate,1,29.880851,78.26956,2.46,2.97,3.59,1021,P2
UKD-001634,Flood,Infrastructure Damage,62,34,5,0,16,6,3.03,58.41,Blocked,Severe,0,0,1,1,Moderate,1,30.258818,78.08966,0.95,0.85,1.34,1539,P1
UKD-005495,Landslide,Evacuation Request,41,2,1,0,3,5,0.15,4.27,Open,None,1,0,1,1,Low,0,29.445078,79.460036,11.7,13.31,8.83,1245,P3
UKD-004785,Landslide,Injured Person,4,1,1,0,1,1,0.12,3.42,Open,None,1,1,1,0,None,0,30.343026,78.378004,15.42,20.0,4.18,386,P3
UKD-003926,Flood,Flooded Road,28,5,0,0,4,5,1.2,42.84,Blocked,Minor,1,1,1,0,None,0,30.086739,78.081104,0.52,1.66,14.26,1790,P2
UKD-004159,Cloudburst,Evacuation Request,45,25,2,2,11,7,1.64,44.72,Partially Blocked,None,0,1,1,1,Critical,1,29.998899,78.0233,3.73,0.51,5.6,2316,P3
UKD-004949,Landslide,Waterlogging,11,0,0,0,1,2,0.95,15.62,Open,Minor,1,1,1,0,None,0,29.419055,79.387453,10.42,5.83,6.67,1134,P3
UKD-000224,Flood,Waterlogging,174,18,5,3,8,4,4.0,77.28,Partially Blocked,Minor,0,1,1,1,Low,0,29.358531,79.439079,6.27,8.72,4.99,943,P1
UKD-002194,Flood,Damaged House,29,6,2,0,3,4,2.36,40.19,Partially Blocked,Minor,1,0,1,0,None,0,29.025957,79.453507,11.02,4.53,5.87,1745,P2
UKD-003137,Cloudburst,Infrastructure Damage,20,10,2,0,3,3,1.9,48.03,Blocked,Minor,0,0,1,1,Low,0,30.331842,77.914536,4.54,0.91,4.59,3908,P2
UKD-004470,Flood,Flooded Road,11,1,0,0,0,1,0.94,28.05,Open,Minor,1,1,1,1,Low,1,30.279919,78.034666,2.41,5.8,8.58,1871,P3
UKD-001825,Earthquake,Injured Person,64,34,10,3,9,8,0.15,2.86,Partially Blocked,Minor,0,0,0,1,Critical,1,30.299571,78.07817,2.1,2.76,2.28,4769,P1
UKD-005510,Cloudburst,Trapped People,18,14,1,0,5,4,2.97,55.3,Blocked,Minor,0,0,1,1,Moderate,0,29.385509,79.489236,13.94,2.51,11.05,1733,P3
UKD-005125,Landslide,Infrastructure Damage,9,0,0,2,2,0,0.09,2.01,Open,Minor,1,1,0,0,None,0,29.634934,80.326967,13.26,6.42,15.03,117,P3
UKD-004973,Cloudburst,Missing Person,2,1,0,1,0,0,0.46,7.61,Open,None,1,1,1,0,None,0,29.480849,79.430159,4.27,4.04,4.16,456,P3
UKD-000798,Cloudburst,Injured Person,101,64,14,2,8,5,2.7,47.44,Blocked,Severe,0,0,0,1,Moderate,1,30.519858,79.337957,30.0,3.43,8.27,424,P1
UKD-002872,Landslide,Missing Person,55,34,0,9,11,5,0.51,9.49,Blocked,Moderate,0,1,1,1,Low,1,30.359511,78.003957,19.15,2.07,3.14,2547,P2
UKD-000010,Flood,Missing Person,169,77,1,10,11,4,3.25,64.35,Blocked,Moderate,0,0,0,1,Low,0,29.962001,78.180608,7.08,3.44,6.16,2146,P1
UKD-001945,Cloudburst,Damaged House,19,7,0,3,1,4,1.6,25.69,Partially Blocked,Moderate,0,1,0,0,None,0,30.027961,78.162446,1.8,3.29,5.85,1918,P1
UKD-001839,Cloudburst,Infrastructure Damage,43,29,2,2,11,3,2.59,56.15,Blocked,Moderate,0,0,0,1,Critical,1,30.004384,78.132558,2.1,2.68,4.01,2224,P1
UKD-004805,Cloudburst,Trapped People,54,18,0,1,14,9,2.33,38.6,Partially Blocked,Minor,1,1,0,1,Low,0,30.930752,78.637975,15.56,7.77,21.33,270,P3
UKD-000256,Earthquake,Damaged House,200,68,7,1,14,7,0.11,2.0,Blocked,Severe,0,1,0,1,Critical,1,30.244943,78.052033,10.15,0.3,2.29,1691,P1
UKD-004486,Earthquake,Evacuation Request,47,11,1,0,6,7,0.05,1.31,Blocked,None,1,1,1,0,None,0,29.878007,78.138866,1.36,3.44,11.87,1745,P3
UKD-005403,Landslide,Infrastructure Damage,2,1,0,0,1,0,0.27,4.69,Blocked,Minor,0,1,1,1,Low,0,30.374354,78.062778,3.66,0.95,3.57,1174,P3
UKD-001582,Landslide,Infrastructure Damage,58,31,7,5,8,1,0.88,20.06,Partially Blocked,Severe,0,0,1,1,Moderate,1,30.382679,78.000099,2.6,3.32,1.12,3097,P1
UKD-002957,Flood,Waterlogging,89,15,2,3,16,5,3.87,75.49,Partially Blocked,Moderate,1,1,1,1,Critical,1,30.2762,77.938112,2.87,4.71,5.24,3500,P2
UKD-000925,Earthquake,Missing Person,200,53,4,8,5,3,0.14,3.86,Partially Blocked,Severe,0,0,0,1,Moderate,0,29.418084,79.398122,8.76,4.73,12.93,1325,P1
UKD-005548,Flood,Flooded Road,9,1,1,0,1,1,1.34,27.67,Partially Blocked,None,0,1,1,1,Low,0,30.236781,78.675761,8.81,9.97,12.85,420,P3
UKD-002509,Flood,Damaged House,99,45,1,0,11,4,2.18,48.28,Partially Blocked,Moderate,0,1,1,1,Low,0,30.180325,79.043562,9.64,7.64,12.61,295,P2
UKD-005025,Flood,Flooded Road,5,1,0,0,2,0,1.42,28.41,Partially Blocked,Minor,1,1,1,0,None,0,29.355613,79.457046,9.97,12.14,6.46,494,P3
UKD-003776,Earthquake,Trapped People,124,83,1,0,12,4,0.1,1.95,Blocked,Minor,0,0,1,1,Low,0,30.176046,78.085383,4.75,3.95,0.88,2863,P2
UKD-004836,Cloudburst,Damaged House,50,2,2,1,11,7,1.61,25.38,Open,Severe,1,0,1,1,Low,0,30.413725,78.044854,0.9,1.43,2.61,2085,P3
UKD-004137,Earthquake,Waterlogging,5,1,1,0,1,2,0.49,10.79,Open,Moderate,1,1,1,1,Low,0,29.020156,79.552817,0.5,3.23,10.16,4279,P3
UKD-004965,Cloudburst,Infrastructure Damage,63,30,2,0,5,3,1.64,26.4,Partially Blocked,Minor,0,1,1,1,Moderate,0,30.371797,78.56411,22.51,3.3,13.34,152,P3
UKD-002780,Flood,Flooded Road,122,15,3,2,19,5,3.1,67.59,Blocked,None,1,1,0,0,None,0,30.593107,78.44783,15.73,17.79,5.19,148,P2
UKD-000540,Flood,Flooded Road,71,5,1,1,11,4,3.67,54.38,Open,Severe,1,0,1,1,Low,0,29.420263,79.461207,14.27,6.17,3.4,581,P1
UKD-002746,Landslide,Injured Person,16,8,4,0,3,4,0.55,17.23,Partially Blocked,Moderate,0,0,0,1,Moderate,0,30.679563,78.521175,15.35,11.14,9.38,89,P2
UKD-005392,Landslide,Injured Person,2,2,2,0,1,0,0.22,4.02,Blocked,None,1,1,1,0,None,0,30.422588,78.502957,23.53,5.2,17.68,182,P3
UKD-005477,Landslide,Injured Person,11,2,2,0,4,1,0.44,7.33,Open,Minor,1,1,1,1,Low,0,30.346178,79.320617,25.45,6.24,10.69,83,P3
UKD-001146,Flood,Trapped People,62,36,3,1,14,4,3.33,56.51,Partially Blocked,Severe,1,1,1,1,Moderate,1,29.381867,79.467472,1.9,5.45,1.8,564,P1
UKD-005128,Earthquake,Injured Person,8,0,1,0,1,1,0.05,0.72,Open,Moderate,1,1,1,0,None,0,30.124936,78.802742,12.87,2.74,3.23,764,P3
UKD-004469,Landslide,Infrastructure Damage,4,0,0,1,0,1,0.13,2.16,Partially Blocked,Minor,1,1,1,0,None,0,28.97781,79.385347,2.71,3.62,3.34,622,P3
UKD-000668,Earthquake,Damaged House,58,32,3,8,7,5,0.18,2.79,Partially Blocked,Moderate,0,1,0,1,Critical,1,30.357172,77.931919,1.41,1.84,1.05,1507,P1
UKD-003020,Earthquake,Evacuation Request,71,32,2,4,16,11,0.1,2.54,Partially Blocked,Moderate,0,1,0,1,Moderate,1,29.289185,79.531282,10.31,10.54,4.14,511,P2
UKD-000358,Flood,Missing Person,39,13,3,11,13,2,2.89,74.78,Partially Blocked,Severe,1,1,1,1,Moderate,0,30.389528,79.378046,6.01,4.99,5.84,364,P1
UKD-005064,Flood,Evacuation Request,36,3,1,0,8,0,0.82,22.1,Partially Blocked,None,1,1,1,1,Low,0,29.907593,78.232023,5.47,1.62,7.31,1963,P3
UKD-002832,Earthquake,Damaged House,14,9,0,0,3,1,0.08,1.38,Partially Blocked,Severe,0,1,1,1,Moderate,0,30.126023,78.858844,15.74,4.36,2.48,242,P2
UKD-002784,Earthquake,Waterlogging,14,1,2,1,5,0,0.33,9.47,Partially Blocked,Severe,1,0,1,1,Moderate,1,30.201212,77.946492,11.51,5.37,5.96,3717,P2
UKD-001354,Flood,Waterlogging,40,7,1,0,11,1,3.2,58.67,Blocked,Moderate,1,1,1,1,Low,0,28.917941,79.476812,10.25,6.45,4.67,726,P1
UKD-005132,Landslide,Trapped People,9,2,0,0,5,0,0.27,5.38,Open,Severe,1,0,1,0,None,0,30.616785,78.477137,6.63,9.27,20.71,142,P3
UKD-000471,Cloudburst,Flooded Road,22,8,2,0,8,1,3.64,67.25,Blocked,Moderate,0,1,1,1,Low,1,30.447133,78.401001,18.1,2.63,5.37,94,P1
UKD-002704,Flood,Damaged House,58,26,6,2,5,8,3.87,53.57,Partially Blocked,Moderate,1,0,0,1,Critical,1,30.129267,78.71565,4.52,5.66,5.86,584,P2
UKD-003331,Landslide,Damaged House,18,1,0,0,3,1,0.12,2.22,Partially Blocked,None,1,1,1,0,None,0,30.108781,78.928422,20.07,9.15,6.93,359,P2
UKD-003638,Landslide,Flooded Road,16,0,0,1,3,2,0.68,17.86,Open,Minor,1,1,1,0,None,0,30.39641,78.211864,3.36,1.66,3.8,2007,P2
UKD-001397,Flood,Infrastructure Damage,65,25,5,2,4,3,1.47,41.79,Blocked,Severe,1,1,0,1,Critical,1,29.132231,79.530587,1.42,3.42,3.69,4190,P1
UKD-003585,Cloudburst,Trapped People,100,30,0,4,10,8,1.6,29.32,Open,None,1,1,1,0,None,0,30.397847,78.152281,2.7,3.27,1.72,4399,P2
UKD-005380,Cloudburst,Waterlogging,1,0,0,0,0,0,0.67,14.87,Partially Blocked,None,0,1,1,1,Moderate,1,29.589977,79.806675,11.47,3.86,23.14,436,P3
UKD-005263,Flood,Flooded Road,9,0,0,1,3,1,1.46,39.91,Blocked,Minor,1,1,1,0,None,0,30.524413,78.610038,18.44,1.13,10.03,83,P3
UKD-003377,Cloudburst,Damaged House,54,11,1,1,18,3,1.71,30.74,Partially Blocked,None,1,0,1,1,Low,0,28.913536,79.449182,4.92,2.38,1.53,982,P2
UKD-001257,Earthquake,Infrastructure Damage,75,34,4,0,11,6,0.12,2.3,Blocked,Severe,1,1,1,1,Moderate,1,30.685496,78.361379,13.02,3.23,8.77,208,P1
UKD-003513,Earthquake,Injured Person,118,59,6,2,10,6,0.13,3.72,Blocked,Minor,0,1,1,1,Critical,1,30.047027,78.629165,12.43,4.86,16.39,173,P2
UKD-001251,Landslide,Infrastructure Damage,106,54,8,0,12,9,0.89,18.06,Blocked,Severe,1,0,1,1,Moderate,1,29.429416,80.121292,12.37,2.2,5.93,191,P1
UKD-005763,Earthquake,Damaged House,23,3,3,2,5,0,0.06,1.37,Open,Moderate,1,1,1,1,Low,0,29.896788,78.14942,1.48,8.85,4.24,1895,P3
UKD-004299,Flood,Flooded Road,5,1,0,0,1,0,0.8,27.82,Partially Blocked,None,0,1,1,0,None,0,30.119844,78.701332,12.5,3.13,8.06,620,P3
UKD-003285,Earthquake,Damaged House,14,0,0,0,4,3,0.03,0.62,Open,None,1,0,1,0,None,0,30.266113,78.05915,1.23,2.15,9.91,462,P2
UKD-002934,Flood,Waterlogging,98,20,0,2,11,6,3.03,72.19,Partially Blocked,Moderate,0,1,0,0,None,0,30.817733,78.558816,12.91,4.46,12.38,823,P2
UKD-004176,Earthquake,Damaged House,4,0,0,0,2,1,0.08,1.34,Open,Severe,1,1,1,1,Low,0,30.325908,79.018215,5.71,10.28,15.76,387,P3
UKD-005269,Earthquake,Damaged House,25,12,2,1,3,4,0.05,0.89,Blocked,Minor,0,1,1,1,Moderate,0,29.949612,78.07413,10.53,5.92,5.42,1978,P3
UKD-004911,Flood,Infrastructure Damage,17,0,0,1,8,1,1.12,27.42,Partially Blocked,Minor,1,1,1,0,None,0,29.012899,79.630955,5.84,0.96,7.09,2072,P3
UKD-001853,Flood,Flooded Road,74,10,3,3,5,8,3.14,69.35,Open,Moderate,0,0,1,1,Critical,1,29.998869,78.140497,2.38,3.95,3.07,1561,P1
UKD-005613,Cloudburst,Missing Person,4,0,1,2,1,1,1.04,23.07,Partially Blocked,Minor,1,1,1,0,None,0,30.269409,79.013279,13.16,19.14,5.24,65,P3
UKD-005842,Flood,Missing Person,9,5,0,3,2,0,3.47,56.75,Partially Blocked,Moderate,0,0,1,1,Low,0,30.019197,78.751308,5.26,3.49,21.55,784,P3
UKD-002106,Landslide,Evacuation Request,10,1,0,0,2,0,0.16,3.04,Open,None,1,0,1,0,None,0,30.187543,78.775238,7.28,3.86,6.31,992,P2
UKD-000134,Flood,Damaged House,31,24,2,5,10,2,4.92,62.91,Blocked,Minor,0,0,0,1,Critical,1,30.339432,78.072114,7.46,0.39,5.88,4509,P1
UKD-005237,Flood,Flooded Road,25,2,0,0,3,0,1.9,38.93,Partially Blocked,Minor,1,1,1,0,None,0,30.041693,77.973179,2.94,0.98,5.18,1844,P3
UKD-005030,Flood,Flooded Road,64,20,8,1,10,5,3.2,65.73,Blocked,Severe,0,0,1,1,Low,1,30.268519,78.025151,5.84,1.94,11.15,819,P3
UKD-000929,Flood,Trapped People,100,82,8,3,18,5,3.21,73.95,Blocked,Severe,0,0,0,1,Critical,1,30.349542,78.656471,19.26,11.74,23.94,246,P1
UKD-000824,Earthquake,Trapped People,179,69,8,1,12,8,0.15,3.33,Partially Blocked,Severe,0,0,1,1,Moderate,1,30.358507,78.945878,26.88,12.08,4.8,75,P1
UKD-005447,Landslide,Infrastructure Damage,6,0,1,0,2,0,0.2,4.85,Partially Blocked,Minor,1,0,1,1,Moderate,1,30.357577,78.052849,6.28,0.65,0.89,1816,P3
UKD-001532,Landslide,Damaged House,18,10,5,0,4,2,0.64,17.08,Blocked,Severe,0,0,1,1,Moderate,1,30.349952,78.948949,6.69,2.74,11.82,497,P1
UKD-001215,Landslide,Infrastructure Damage,80,28,2,0,11,10,0.45,7.87,Blocked,Minor,1,1,1,1,Critical,1,29.444445,79.352787,2.78,1.89,5.55,952,P1
UKD-000505,Flood,Evacuation Request,16,5,1,1,5,2,2.63,65.38,Partially Blocked,Minor,0,0,1,1,Critical,1,30.025224,78.173297,13.08,5.3,3.4,1578,P1
UKD-004286,Landslide,Infrastructure Damage,36,15,1,1,5,0,0.63,8.61,Blocked,Moderate,1,0,0,0,None,0,30.310536,78.751342,0.95,12.16,12.37,307,P3
UKD-001997,Cloudburst,Waterlogging,29,7,4,1,4,7,2.69,56.45,Partially Blocked,None,0,0,0,0,None,0,30.594846,79.152615,16.92,11.85,9.3,428,P1
UKD-003073,Landslide,Injured Person,23,12,8,1,0,3,0.49,9.57,Partially Blocked,Minor,0,0,1,1,Low,0,30.109881,78.855866,10.82,6.03,9.59,268,P2
UKD-001959,Landslide,Missing Person,49,35,3,10,12,8,0.76,17.89,Blocked,Moderate,0,1,0,1,Low,0,30.248895,77.950498,7.55,6.75,3.47,809,P1
UKD-001385,Flood,Trapped People,121,81,5,7,7,6,4.95,88.02,Blocked,Severe,0,0,0,1,Moderate,1,30.176662,78.757502,11.56,8.12,13.92,295,P1
UKD-000895,Landslide,Flooded Road,67,17,6,6,12,8,1.64,24.2,Blocked,Severe,0,0,0,1,Moderate,0,30.125894,79.024838,16.94,4.54,7.47,129,P1
UKD-004925,Flood,Flooded Road,113,3,3,3,7,5,2.19,53.17,Open,Moderate,1,0,0,1,Low,1,28.960421,79.493885,6.45,1.8,5.64,797,P3
UKD-000456,Landslide,Evacuation Request,14,6,3,1,3,1,0.77,18.27,Blocked,Severe,1,0,1,1,Moderate,1,30.201439,77.891383,3.38,1.55,5.14,1168,P1
UKD-005559,Flood,Flooded Road,111,28,1,0,6,9,3.32,48.03,Blocked,Minor,0,1,1,1,Moderate,0,30.343105,78.087821,13.42,1.02,0.78,1399,P3
UKD-003710,Landslide,Injured Person,37,19,9,3,5,4,0.93,18.73,Partially Blocked,Moderate,0,1,0,1,Moderate,1,29.902668,78.143383,11.6,2.06,7.42,2214,P2
UKD-005534,Flood,Injured Person,8,1,1,0,2,0,1.94,34.5,Open,None,1,0,1,0,None,0,28.92865,79.625301,5.19,3.17,8.86,1874,P3
UKD-004850,Landslide,Flooded Road,10,2,0,0,1,1,1.01,15.84,Blocked,Minor,0,1,0,0,None,0,29.295697,79.5417,10.35,5.56,9.25,500,P3
UKD-004749,Flood,Waterlogging,3,0,0,0,1,0,1.41,26.84,Partially Blocked,None,1,1,1,0,None,0,30.360679,77.963737,7.94,13.16,2.74,1305,P3
UKD-004269,Earthquake,Damaged House,16,1,3,1,2,3,0.07,1.6,Open,Severe,0,1,1,1,Low,0,28.857561,79.430846,4.47,6.24,1.08,1632,P3
UKD-003523,Flood,Trapped People,2,2,0,0,0,0,0.44,10.04,Open,None,1,1,1,0,None,0,30.349103,78.038776,4.49,4.15,3.34,3870,P2
UKD-004135,Landslide,Infrastructure Damage,12,0,0,0,4,2,0.19,4.25,Open,Minor,1,1,1,0,None,0,30.777583,78.693651,30.0,3.22,6.56,248,P3
UKD-003603,Flood,Flooded Road,24,0,0,0,4,2,1.28,36.97,Open,Minor,1,1,1,0,None,0,29.873053,78.269629,6.13,2.16,1.79,1145,P2
UKD-000714,Cloudburst,Trapped People,200,85,3,2,14,13,3.79,75.24,Blocked,Moderate,0,0,1,1,Moderate,1,29.878545,78.15799,2.09,3.83,3.98,786,P1
UKD-004187,Flood,Injured Person,6,0,2,0,2,2,0.45,8.75,Partially Blocked,Minor,1,1,1,1,Moderate,1,30.140937,78.804403,2.73,4.63,4.6,775,P3
UKD-002215,Flood,Evacuation Request,200,45,7,5,8,4,4.94,97.76,Partially Blocked,Severe,0,0,1,1,Critical,1,28.968819,79.562926,2.38,8.46,0.5,7407,P2
UKD-005302,Flood,Flooded Road,8,1,0,0,2,0,1.64,41.98,Partially Blocked,Minor,1,1,1,0,None,0,30.062398,78.712655,15.96,2.47,8.9,1013,P3
UKD-002924,Landslide,Trapped People,71,50,1,1,11,3,0.48,13.07,Partially Blocked,Minor,0,0,1,0,None,0,30.65237,78.51812,19.39,9.45,12.68,457,P2
UKD-001811,Earthquake,Injured Person,72,36,9,2,9,2,0.12,2.55,Partially Blocked,Severe,0,0,0,1,Moderate,1,30.458067,78.07116,7.17,0.9,0.78,1203,P1
UKD-003487,Cloudburst,Infrastructure Damage,19,11,3,2,7,4,0.93,17.45,Blocked,None,0,1,0,1,Low,1,29.839752,78.220414,11.12,1.04,4.85,741,P2
UKD-003142,Landslide,Trapped People,27,19,0,0,2,6,0.42,9.8,Blocked,None,0,0,1,0,None,0,29.442498,79.478604,4.19,5.92,18.12,363,P2
UKD-001828,Cloudburst,Damaged House,29,15,0,1,5,4,1.77,41.8,Blocked,Moderate,0,0,1,1,Moderate,0,29.518413,80.023335,16.09,20.0,7.21,227,P1
UKD-001156,Earthquake,Infrastructure Damage,105,60,1,1,8,8,0.13,1.99,Blocked,None,0,0,0,1,Low,0,30.420211,78.477658,8.08,12.46,12.15,331,P1
UKD-001325,Earthquake,Infrastructure Damage,30,9,1,2,2,5,0.09,1.17,Partially Blocked,Moderate,1,0,1,0,None,0,29.40254,79.40885,9.85,12.83,3.49,312,P1
UKD-004313,Landslide,Evacuation Request,20,0,1,0,6,0,0.33,5.73,Open,Moderate,1,0,1,1,Low,0,30.330095,79.247523,25.02,10.65,10.91,491,P3
UKD-000511,Landslide,Infrastructure Damage,52,7,3,4,7,5,0.54,7.76,Partially Blocked,Minor,1,1,0,1,Critical,1,30.566315,79.255832,14.45,4.37,14.46,271,P1
UKD-001681,Flood,Waterlogging,105,26,6,3,16,8,4.32,91.92,Blocked,Moderate,0,0,1,1,Critical,1,29.084197,79.536864,5.44,5.85,3.73,2463,P1
UKD-000500,Landslide,Damaged House,35,27,6,9,4,3,0.93,17.33,Blocked,Severe,0,0,0,1,Critical,1,30.354519,78.49756,4.44,19.19,12.43,317,P1
UKD-005438,Flood,Evacuation Request,81,37,2,6,3,5,3.11,41.19,Partially Blocked,Moderate,0,0,0,1,Low,0,29.867187,78.255568,2.62,2.71,5.08,2567,P3
UKD-001857,Flood,Waterlogging,45,16,1,4,1,9,3.09,68.62,Blocked,Moderate,0,0,0,1,Moderate,0,30.603725,79.27928,15.29,6.49,5.48,342,P1
UKD-001389,Landslide,Infrastructure Damage,23,6,0,0,3,5,0.43,8.1,Open,Minor,1,0,0,1,Low,0,28.804142,79.559436,2.52,1.73,2.17,1926,P1
UKD-003720,Landslide,Trapped People,122,82,1,2,11,4,0.74,13.42,Blocked,Moderate,0,1,1,1,Moderate,0,29.398415,79.476599,18.28,6.14,3.23,981,P2
UKD-002387,Flood,Flooded Road,58,13,8,3,11,7,4.19,84.52,Blocked,Severe,1,0,0,1,Low,1,30.355756,77.984098,5.75,1.76,4.87,3227,P2
UKD-003237,Earthquake,Trapped People,44,20,5,1,11,5,0.14,2.75,Partially Blocked,Severe,1,0,1,1,Moderate,0,28.985299,79.573485,8.03,3.72,4.07,417,P2
UKD-001541,Landslide,Flooded Road,8,3,0,0,1,2,0.52,14.07,Blocked,Minor,1,1,1,0,None,0,29.983543,78.077102,3.92,2.7,4.04,2384,P1
UKD-001218,Cloudburst,Damaged House,71,25,2,2,9,7,3.6,71.77,Partially Blocked,Severe,1,0,0,1,Moderate,0,29.385154,79.361083,6.42,8.07,5.0,2123,P1
UKD-002682,Flood,Flooded Road,16,2,1,1,1,2,2.61,59.82,Open,Minor,0,0,1,1,Low,0,30.307753,78.346706,16.1,11.06,14.5,413,P2
UKD-002994,Cloudburst,Evacuation Request,106,25,0,2,8,6,1.63,37.69,Partially Blocked,Minor,1,0,1,0,None,0,29.608667,79.451448,11.47,1.79,11.44,287,P2
UKD-001192,Flood,Damaged House,48,19,2,2,12,5,3.23,79.51,Open,Minor,0,0,1,1,Low,0,28.976212,79.415333,2.41,2.4,2.79,576,P1
UKD-005294,Flood,Trapped People,17,8,1,0,4,3,0.71,13.23,Open,Moderate,0,1,0,1,Low,0,30.028067,78.248289,2.77,0.21,1.01,1920,P3
UKD-001543,Flood,Flooded Road,178,33,2,2,10,3,5.0,83.85,Blocked,Moderate,0,1,0,1,Moderate,1,30.009573,78.076086,0.93,2.27,6.79,1416,P1
UKD-003302,Earthquake,Trapped People,21,14,0,0,3,3,0.04,0.86,Open,Moderate,0,0,1,0,None,0,30.318825,78.064935,1.64,2.09,0.81,3229,P2
UKD-003325,Flood,Evacuation Request,95,19,2,2,8,3,2.87,41.66,Open,None,1,1,1,0,None,0,28.975797,79.54714,1.15,0.82,1.82,1752,P2
UKD-002540,Flood,Flooded Road,31,5,1,1,6,4,3.44,51.32,Blocked,Minor,1,0,1,1,Low,0,29.999208,78.158487,2.22,5.02,2.57,2332,P2
UKD-000954,Landslide,Injured Person,34,8,5,1,9,3,0.77,16.21,Open,Moderate,1,0,1,1,Moderate,1,30.672931,78.483686,10.01,1.8,14.3,211,P1
UKD-004847,Cloudburst,Evacuation Request,24,7,0,2,6,1,0.86,18.71,Partially Blocked,None,0,1,1,0,None,0,28.978407,79.536397,8.19,2.07,8.23,1993,P3
UKD-004331,Landslide,Infrastructure Damage,44,28,2,1,8,6,0.69,10.03,Blocked,Minor,0,0,1,0,None,0,30.305544,78.600959,20.38,10.59,14.82,136,P3
UKD-000733,Earthquake,Infrastructure Damage,92,49,1,1,3,13,0.06,2.01,Blocked,Moderate,0,1,1,1,Moderate,0,30.126217,78.067948,2.98,2.84,4.18,1690,P1
UKD-005992,Cloudburst,Flooded Road,37,7,2,1,6,6,1.3,33.15,Blocked,Minor,0,1,1,1,Moderate,1,30.351515,79.091264,11.78,5.09,20.04,802,P3
UKD-001157,Landslide,Damaged House,53,39,4,3,8,7,0.83,16.17,Blocked,Severe,0,0,0,1,Low,0,30.186087,77.941337,8.37,4.57,6.08,3135,P1
UKD-005558,Flood,Evacuation Request,60,21,5,2,9,7,3.25,53.68,Partially Blocked,Severe,1,0,0,1,Critical,1,30.40528,78.187482,2.74,0.72,4.11,3026,P3
UKD-003295,Flood,Evacuation Request,156,47,0,1,10,5,3.32,57.68,Partially Blocked,Moderate,0,1,1,0,None,0,30.418175,78.080282,0.78,0.83,3.39,1813,P2
UKD-002983,Landslide,Trapped People,76,62,1,2,15,3,0.6,11.18,Blocked,Minor,0,0,0,0,None,0,30.308099,78.471236,13.21,20.0,16.33,301,P2
UKD-005306,Cloudburst,Damaged House,26,0,6,1,8,2,0.74,19.55,Open,Severe,1,0,1,1,Moderate,1,29.464385,79.516728,5.56,1.87,8.79,460,P3
UKD-005162,Flood,Infrastructure Damage,6,3,0,0,1,0,0.37,7.23,Partially Blocked,None,1,0,1,0,None,0,30.30134,78.386996,4.87,5.64,10.46,137,P3
UKD-002157,Landslide,Infrastructure Damage,30,14,3,3,9,1,0.42,8.09,Blocked,None,0,1,0,1,Moderate,1,30.353275,78.581317,6.42,3.32,2.04,340,P2
UKD-001063,Flood,Trapped People,35,23,0,2,11,6,2.0,29.76,Blocked,Minor,0,1,1,1,Low,0,29.280487,80.216066,20.99,20.0,21.04,122,P1
UKD-002617,Flood,Evacuation Request,19,2,2,0,5,3,1.04,18.01,Blocked,None,1,1,1,1,Critical,1,30.236663,78.065723,3.65,1.32,7.89,2066,P2
UKD-001168,Landslide,Trapped People,83,56,2,3,10,5,0.78,17.85,Blocked,Minor,1,1,0,1,Low,1,29.898124,78.153236,3.33,3.96,3.05,1279,P1
UKD-003223,Flood,Trapped People,83,47,3,2,5,6,2.49,48.22,Partially Blocked,Minor,1,1,1,1,Moderate,1,28.951566,79.590582,2.0,10.18,5.84,5583,P2
UKD-003637,Flood,Flooded Road,49,5,2,0,2,2,2.5,75.7,Partially Blocked,Moderate,1,1,1,1,Moderate,0,30.335131,78.06579,5.57,0.88,2.32,7011,P2
UKD-002939,Cloudburst,Evacuation Request,46,9,1,1,5,4,1.01,19.76,Partially Blocked,Moderate,1,1,1,1,Low,0,30.450377,78.911609,14.66,9.3,7.74,333,P2
UKD-004492,Earthquake,Injured Person,17,0,4,0,2,2,0.03,0.7,Open,Moderate,1,1,1,0,None,0,29.368855,79.981708,4.62,3.61,6.24,959,P3
UKD-003141,Landslide,Infrastructure Damage,4,0,0,0,0,0,0.34,6.46,Partially Blocked,Severe,1,1,1,0,None,0,30.276632,78.922512,16.36,9.87,29.56,485,P2
UKD-004981,Flood,Flooded Road,24,3,0,1,3,1,2.43,47.11,Partially Blocked,Minor,0,1,0,0,None,0,29.015917,79.635638,1.02,1.72,2.41,2159,P3
UKD-000144,Flood,Trapped People,12,2,2,1,2,3,1.62,32.0,Open,None,1,1,0,1,Moderate,1,29.262361,80.052358,6.75,16.12,7.9,720,P1
UKD-003578,Flood,Trapped People,26,19,0,1,4,4,4.07,52.62,Partially Blocked,Minor,0,1,1,1,Critical,1,29.272048,80.117333,6.67,9.18,20.86,300,P2
UKD-004947,Flood,Flooded Road,25,1,0,0,8,1,1.53,41.86,Partially Blocked,None,1,1,1,0,None,0,29.85075,78.195251,7.07,1.3,0.5,3506,P3
UKD-002783,Landslide,Damaged House,47,25,1,4,14,4,0.52,9.73,Blocked,Moderate,0,1,0,1,Critical,1,30.318222,78.044977,2.06,5.52,6.05,1393,P2
UKD-000718,Flood,Trapped People,32,20,1,1,2,3,2.83,37.52,Partially Blocked,Minor,0,0,1,1,Critical,0,29.333091,79.446885,11.07,2.1,30.0,397,P1
UKD-001820,Landslide,Missing Person,140,54,0,7,18,6,0.75,13.69,Blocked,Moderate,1,0,1,0,None,0,29.457993,79.428649,4.81,2.18,2.2,774,P1
UKD-002503,Landslide,Evacuation Request,20,8,0,1,3,5,0.52,12.52,Blocked,Moderate,1,1,1,1,Low,0,30.121543,78.792204,1.56,6.76,11.64,794,P2
UKD-004361,Flood,Missing Person,4,1,0,1,0,0,0.43,8.24,Open,None,0,1,1,0,None,0,30.209432,78.534621,10.6,11.79,25.79,759,P3
UKD-004172,Earthquake,Damaged House,26,2,2,0,9,1,0.06,1.15,Open,Severe,1,1,1,1,Low,0,28.885776,79.422779,1.56,0.28,4.3,2759,P3
UKD-000396,Cloudburst,Infrastructure Damage,138,68,2,4,13,1,2.15,62.71,Blocked,Minor,0,1,1,0,None,0,30.263354,78.049313,11.47,4.51,6.14,4928,P1
UKD-005798,Landslide,Missing Person,5,0,0,1,3,1,0.1,3.05,Partially Blocked,Minor,1,1,1,0,None,0,29.574387,80.313145,18.53,12.9,4.79,320,P3
UKD-004493,Earthquake,Damaged House,12,2,1,0,3,1,0.05,1.12,Partially Blocked,Severe,1,1,1,1,Moderate,1,29.973828,78.221874,5.87,11.57,1.51,3142,P3
UKD-001366,Landslide,Flooded Road,21,6,2,2,2,2,1.67,36.92,Blocked,Moderate,1,0,1,0,None,0,30.358626,79.114017,3.52,5.57,5.03,50,P1
UKD-005901,Earthquake,Waterlogging,4,1,0,0,0,1,0.51,8.28,Open,None,0,1,1,1,Low,0,30.694016,78.484969,3.52,10.0,15.42,204,P3
UKD-000596,Cloudburst,Evacuation Request,26,17,6,2,2,5,2.74,45.65,Blocked,Severe,0,0,1,1,Critical,1,30.391261,78.013935,6.49,4.62,7.04,3398,P1
UKD-003953,Flood,Injured Person,6,0,2,0,2,1,1.7,34.46,Blocked,Minor,1,1,1,0,None,0,28.925092,79.417625,10.52,7.9,4.95,3663,P2
UKD-005393,Flood,Missing Person,46,14,1,8,8,0,2.53,48.08,Partially Blocked,None,1,0,1,0,None,0,29.010082,79.565434,13.36,7.65,5.81,2827,P3
UKD-004969,Cloudburst,Waterlogging,7,0,1,0,1,2,1.14,15.47,Open,None,1,1,0,0,None,0,29.666047,80.124849,4.69,12.16,5.04,235,P3
UKD-002915,Flood,Infrastructure Damage,52,30,2,5,12,3,2.49,41.13,Blocked,Moderate,0,1,0,1,Low,0,29.318407,79.488762,8.15,2.79,14.83,1265,P2
UKD-002327,Flood,Infrastructure Damage,89,46,4,0,9,5,3.61,60.82,Partially Blocked,Severe,0,1,1,1,Moderate,1,29.385337,79.467287,30.0,5.22,9.37,532,P2
UKD-003767,Cloudburst,Injured Person,31,7,7,2,8,2,2.18,41.52,Partially Blocked,Minor,1,1,0,1,Critical,1,30.266464,78.202273,0.5,3.52,7.03,890,P2
UKD-003441,Earthquake,Missing Person,104,27,4,3,18,10,0.16,2.2,Open,Severe,1,0,1,1,Moderate,1,30.334279,78.015186,3.1,1.86,4.0,1596,P2
UKD-003852,Cloudburst,Trapped People,200,67,1,2,12,8,2.22,60.83,Partially Blocked,Minor,0,0,0,1,Critical,1,30.400799,78.039805,7.05,0.7,4.86,3369,P2
UKD-004133,Landslide,Damaged House,43,11,4,6,9,2,0.42,7.48,Partially Blocked,Moderate,1,1,0,1,Moderate,1,30.064065,78.244145,0.5,1.41,5.62,4184,P3
UKD-005500,Landslide,Evacuation Request,15,1,1,0,2,2,0.13,4.12,Open,None,1,1,1,1,Critical,1,30.197307,78.822744,6.73,2.83,0.52,419,P3
UKD-002144,Landslide,Infrastructure Damage,29,19,2,1,7,2,0.73,9.7,Blocked,Severe,0,1,1,1,Moderate,1,30.286971,78.015302,3.16,1.75,1.85,2361,P2
UKD-005823,Cloudburst,Injured Person,35,17,5,4,13,3,0.92,20.8,Blocked,None,0,0,0,1,Moderate,1,29.999499,78.241328,8.34,5.32,5.19,1297,P3
UKD-005074,Landslide,Evacuation Request,98,47,0,1,15,6,0.56,8.6,Blocked,None,0,1,1,1,Low,0,29.966819,78.073905,2.47,3.3,6.91,2406,P3
UKD-001572,Landslide,Injured Person,33,17,5,1,4,2,0.98,19.9,Partially Blocked,Minor,0,0,1,1,Critical,1,30.341649,78.083839,7.57,2.33,1.9,1877,P1
UKD-004080,Cloudburst,Infrastructure Damage,13,6,0,0,3,1,0.48,12.08,Blocked,None,1,0,1,0,None,0,30.190743,78.098836,15.69,5.83,4.04,2255,P3
UKD-001123,Flood,Damaged House,32,19,1,0,8,4,4.17,58.79,Partially Blocked,Minor,0,0,1,1,Low,0,30.333297,78.005744,3.32,1.82,1.51,1050,P1
UKD-002787,Flood,Waterlogging,33,8,2,1,10,1,2.94,55.12,Blocked,Minor,0,0,1,1,Low,1,29.369069,79.387805,14.45,3.07,1.05,1598,P2
UKD-002968,Cloudburst,Trapped People,36,19,5,0,7,6,1.73,55.31,Blocked,Severe,1,0,1,1,Critical,1,30.198863,78.894167,28.15,5.2,6.47,373,P2
UKD-002505,Earthquake,Injured Person,26,5,13,2,6,4,0.07,1.66,Open,Moderate,1,1,0,0,None,0,29.524633,79.607567,6.83,5.27,6.59,249,P2
UKD-003466,Cloudburst,Infrastructure Damage,23,3,6,1,8,4,1.74,40.1,Partially Blocked,Severe,1,0,0,1,Moderate,0,30.266268,78.0157,2.26,5.66,5.5,620,P2
UKD-000676,Cloudburst,Waterlogging,43,9,5,3,6,3,2.78,87.1,Blocked,Moderate,0,1,0,1,Critical,1,30.180685,78.766575,17.02,20.0,11.94,518,P1
UKD-002809,Flood,Waterlogging,69,8,2,1,15,2,3.65,64.03,Partially Blocked,Moderate,1,1,1,1,Low,0,30.257123,78.342445,14.85,15.3,30.0,246,P2
UKD-003349,Cloudburst,Evacuation Request,15,5,1,0,4,3,1.52,24.27,Blocked,Moderate,1,1,1,1,Critical,1,30.265544,78.010596,7.58,1.27,10.16,1824,P2
UKD-000729,Cloudburst,Infrastructure Damage,97,64,5,4,10,6,2.92,72.6,Blocked,Moderate,0,1,1,1,Moderate,0,30.308216,78.096763,0.5,6.16,1.96,788,P1
UKD-000413,Flood,Injured Person,27,9,9,2,1,0,2.67,67.57,Partially Blocked,Severe,0,0,0,1,Critical,1,29.996819,78.217591,7.17,4.44,2.67,436,P1
UKD-003147,Cloudburst,Injured Person,29,20,12,5,7,5,2.79,67.98,Blocked,Severe,0,1,1,1,Low,0,30.336641,78.089048,5.33,4.31,2.18,1705,P2
UKD-001517,Earthquake,Damaged House,29,2,1,3,12,4,0.08,1.27,Open,Moderate,1,0,1,1,Moderate,0,30.179998,78.71081,1.66,4.56,5.63,573,P1
UKD-000826,Earthquake,Infrastructure Damage,38,21,5,0,9,3,0.11,1.96,Partially Blocked,Moderate,0,0,1,1,Moderate,1,29.4233,79.43147,6.86,3.15,9.31,380,P1
UKD-003268,Cloudburst,Injured Person,16,5,3,0,1,1,1.95,25.26,Blocked,Minor,1,1,1,1,Low,1,30.069906,78.787765,14.7,17.82,13.56,574,P2
UKD-003975,Earthquake,Damaged House,25,2,3,0,2,6,0.1,1.33,Open,Severe,1,0,1,1,Low,0,30.271061,78.005706,8.3,5.81,0.5,1831,P2
UKD-000617,Earthquake,Injured Person,21,12,3,1,8,3,0.12,3.32,Blocked,Minor,1,0,1,1,Moderate,1,29.436597,79.452396,15.38,1.38,5.64,1110,P1
UKD-000115,Flood,Flooded Road,132,20,6,3,17,7,4.49,100.0,Partially Blocked,Moderate,1,0,1,1,Critical,1,30.309854,79.026903,15.77,20.0,7.15,212,P1
UKD-000418,Landslide,Damaged House,199,43,4,5,9,5,0.52,12.66,Partially Blocked,Severe,0,1,0,1,Moderate,0,29.36204,79.381004,6.14,1.73,14.62,1495,P1
UKD-003070,Cloudburst,Trapped People,105,76,1,0,11,6,1.58,45.8,Blocked,Moderate,0,1,0,1,Low,0,29.573172,79.60058,6.43,7.57,6.24,1006,P2
UKD-001626,Landslide,Damaged House,38,15,4,4,8,5,0.53,10.94,Open,Moderate,0,0,1,1,Critical,1,30.676992,78.495013,15.22,4.3,7.15,713,P1
UKD-005940,Cloudburst,Trapped People,34,13,0,0,9,3,1.22,24.71,Partially Blocked,None,1,1,1,0,None,0,29.64635,79.57352,1.93,2.16,6.78,537,P3
UKD-004186,Landslide,Evacuation Request,38,4,1,2,7,9,0.23,3.97,Open,Minor,1,1,0,1,Moderate,0,29.863466,79.684097,3.99,11.46,6.68,250,P3
UKD-002897,Earthquake,Evacuation Request,72,29,2,2,12,8,0.07,1.46,Partially Blocked,Moderate,0,0,1,1,Moderate,1,29.577434,80.175925,5.91,4.94,9.1,177,P2
UKD-005603,Earthquake,Waterlogging,3,0,0,2,1,0,0.24,16.55,Open,Minor,1,1,0,0,None,0,29.048384,79.610598,3.85,0.55,6.82,3260,P3
UKD-002083,Landslide,Evacuation Request,30,8,3,4,4,6,0.38,7.68,Partially Blocked,Moderate,1,1,1,1,Moderate,1,28.870096,79.599317,3.56,1.2,11.41,3993,P2
UKD-000754,Earthquake,Infrastructure Damage,80,41,1,1,17,5,0.09,1.69,Blocked,Minor,0,0,1,0,None,0,30.378855,78.071026,9.93,3.78,5.4,3403,P1
UKD-002547,Earthquake,Injured Person,22,3,4,0,3,1,0.04,1.39,Open,Moderate,1,1,1,1,Moderate,0,29.993906,78.316239,1.0,0.57,9.92,4585,P2
UKD-003970,Landslide,Damaged House,59,11,4,6,10,1,0.42,12.06,Open,Minor,1,1,0,1,Critical,1,30.736316,78.606856,10.13,13.25,14.46,335,P2
UKD-003374,Earthquake,Injured Person,26,2,4,1,3,4,0.11,1.53,Partially Blocked,Minor,1,1,1,1,Critical,1,30.386366,78.104757,17.05,2.94,2.48,2722,P2
UKD-004108,Landslide,Evacuation Request,8,1,1,0,1,1,0.18,3.33,Blocked,Minor,1,1,1,1,Low,0,29.424224,79.392448,5.44,4.2,4.63,291,P3
UKD-002445,Landslide,Evacuation Request,34,20,1,1,12,1,0.25,7.6,Partially Blocked,None,0,1,1,1,Low,0,30.367883,78.04016,4.95,6.87,3.07,1478,P2
UKD-004381,Flood,Evacuation Request,60,28,0,1,9,3,1.83,37.28,Partially Blocked,Minor,0,0,0,1,Low,0,29.131804,79.478009,3.36,1.58,6.87,765,P3
UKD-001067,Landslide,Injured Person,34,24,13,3,2,2,0.75,19.29,Partially Blocked,Severe,0,0,0,1,Critical,1,30.133499,78.004846,0.85,1.62,1.68,599,P1
UKD-003914,Earthquake,Injured Person,2,2,2,1,0,0,0.12,2.66,Blocked,Moderate,0,0,0,1,Low,0,28.92565,79.526274,6.66,1.69,1.78,3061,P2
UKD-005288,Flood,Trapped People,4,1,0,0,2,0,1.35,19.81,Open,Minor,1,1,1,1,Moderate,0,30.346304,78.056598,1.24,6.16,2.96,2141,P3
UKD-005388,Landslide,Infrastructure Damage,9,0,1,0,2,3,0.3,5.77,Partially Blocked,Minor,1,1,1,1,Low,0,29.423485,79.459133,7.4,7.22,4.91,961,P3
UKD-003499,Flood,Evacuation Request,37,14,1,3,9,1,2.61,42.48,Blocked,Moderate,1,0,1,1,Moderate,1,30.324482,78.018715,8.63,4.58,0.5,1028,P2
UKD-002739,Earthquake,Missing Person,36,13,4,11,8,5,0.13,2.34,Partially Blocked,Severe,1,1,1,0,None,0,29.356349,79.512374,15.61,4.75,2.42,419,P2
UKD-005053,Earthquake,Damaged House,105,26,4,3,13,9,0.09,1.24,Open,Severe,0,0,0,1,Critical,1,30.267464,78.005426,1.88,3.32,3.68,445,P3
UKD-004001,Cloudburst,Flooded Road,45,8,4,2,16,2,1.49,33.23,Partially Blocked,Severe,0,0,1,1,Moderate,1,30.525546,78.084328,5.01,1.0,2.95,2572,P3
UKD-001569,Earthquake,Flooded Road,50,13,2,1,5,10,0.79,18.39,Blocked,Moderate,0,0,1,0,None,0,30.282037,77.969818,2.25,1.4,0.97,1087,P1
UKD-002428,Earthquake,Infrastructure Damage,76,14,1,1,6,3,0.08,1.65,Partially Blocked,Minor,1,1,0,0,None,0,29.911799,78.215462,4.15,1.42,7.23,1574,P2
UKD-003747,Earthquake,Trapped People,88,52,2,2,9,5,0.08,1.64,Blocked,Minor,1,0,1,1,Low,1,30.350445,78.012428,3.17,5.59,3.11,3140,P2
UKD-005562,Flood,Trapped People,3,2,0,0,0,1,1.62,24.64,Blocked,Minor,0,1,1,1,Low,1,30.177355,78.71933,5.85,11.99,12.29,322,P3
UKD-001688,Flood,Injured Person,73,29,6,0,13,4,3.36,97.25,Open,Moderate,0,0,1,1,Critical,1,30.323757,78.080766,1.33,1.35,3.74,2363,P1
UKD-000852,Landslide,Injured Person,54,24,8,0,19,1,0.5,14.28,Blocked,Minor,1,0,1,1,Critical,1,30.295653,78.127981,1.39,3.64,3.47,902,P1
UKD-003547,Landslide,Trapped People,29,11,0,1,2,7,0.6,8.92,Blocked,Minor,1,1,1,1,Moderate,1,30.512883,78.583098,12.61,5.99,14.87,188,P2
UKD-000896,Flood,Damaged House,112,14,2,1,11,9,2.85,36.75,Open,Moderate,1,1,1,1,Low,0,30.445753,79.40922,15.66,12.04,8.25,537,P1
UKD-004593,Cloudburst,Flooded Road,23,1,1,2,1,4,1.15,31.97,Partially Blocked,None,1,1,1,1,Low,0,29.256835,80.184471,9.13,4.8,17.2,569,P3
UKD-000336,Flood,Trapped People,151,88,3,1,5,9,4.58,61.25,Blocked,Moderate,0,1,0,1,Moderate,0,29.315697,80.189,15.64,8.1,18.38,725,P1
UKD-002840,Landslide,Waterlogging,70,16,4,2,7,6,0.88,26.37,Blocked,Moderate,1,0,0,1,Critical,1,30.270657,77.896586,2.05,8.59,3.59,1274,P2
UKD-003088,Flood,Damaged House,18,3,2,0,8,0,1.7,20.86,Partially Blocked,Severe,1,1,1,1,Low,1,30.063478,78.122314,5.73,6.2,6.52,5943,P2
UKD-004612,Landslide,Damaged House,92,58,4,2,14,7,0.71,10.13,Blocked,Severe,0,0,1,1,Critical,1,30.26385,78.122791,6.68,4.28,3.75,1738,P3
UKD-001349,Flood,Waterlogging,18,3,0,1,1,1,2.97,55.38,Partially Blocked,None,1,0,0,0,None,0,28.900562,79.49415,1.7,0.69,2.74,2204,P1
UKD-001016,Flood,Evacuation Request,20,12,0,2,4,2,2.91,68.75,Partially Blocked,None,0,0,1,1,Low,0,29.764318,79.745061,3.02,1.37,4.51,200,P1
UKD-002817,Flood,Flooded Road,4,0,0,0,1,0,1.29,24.63,Open,None,1,1,1,0,None,0,29.086456,79.403248,3.85,3.14,5.87,3324,P2
UKD-001632,Earthquake,Flooded Road,142,34,8,6,19,5,0.9,10.53,Blocked,Severe,0,0,0,1,Critical,1,29.97998,78.106622,6.88,1.2,10.4,2240,P1
UKD-002490,Earthquake,Damaged House,30,3,2,1,8,3,0.06,1.13,Open,Moderate,1,1,1,1,Low,0,30.212156,78.707867,7.51,5.14,9.03,1028,P2
UKD-003731,Landslide,Infrastructure Damage,39,7,3,0,4,4,0.64,10.34,Partially Blocked,Severe,1,1,1,1,Low,0,30.452957,78.188916,4.81,3.23,6.49,691,P2
UKD-003252,Cloudburst,Trapped People,44,29,2,3,7,4,2.31,47.47,Blocked,Moderate,1,1,1,1,Moderate,0,30.69941,78.316256,5.66,6.55,30.0,417,P2
UKD-005556,Cloudburst,Missing Person,30,5,1,11,4,3,2.05,36.38,Open,None,1,1,1,1,Low,0,29.299686,79.571815,4.37,0.38,11.21,725,P3
UKD-002071,Flood,Evacuation Request,65,17,1,0,6,10,1.21,28.45,Blocked,None,1,1,1,1,Moderate,1,28.997545,79.486639,8.72,2.43,1.05,1413,P2
UKD-004453,Landslide,Infrastructure Damage,34,16,1,0,7,2,0.51,8.53,Partially Blocked,Minor,0,1,0,0,None,0,29.44894,79.285891,11.66,6.33,2.53,518,P3
UKD-005859,Cloudburst,Evacuation Request,26,2,2,2,7,7,1.27,24.23,Open,Minor,1,1,0,1,Low,0,29.685039,80.352877,24.12,10.8,27.03,202,P3
UKD-005409,Landslide,Waterlogging,8,1,0,0,0,1,0.61,13.09,Open,Minor,0,1,1,1,Low,0,30.492302,79.44122,20.76,7.61,4.05,333,P3
UKD-001636,Landslide,Trapped People,70,43,1,2,16,3,0.59,12.66,Partially Blocked,Moderate,0,1,1,1,Low,0,30.134707,79.00727,6.5,7.45,3.82,135,P1
UKD-004647,Landslide,Damaged House,14,3,3,1,1,2,0.51,10.7,Blocked,Severe,1,0,0,1,Moderate,1,30.447773,79.54522,11.86,6.09,4.64,191,P3
UKD-002480,Landslide,Infrastructure Damage,200,49,1,2,13,5,0.58,8.82,Partially Blocked,Minor,0,1,0,1,Moderate,1,30.794043,78.41194,8.52,14.42,4.63,437,P2
UKD-002266,Cloudburst,Trapped People,74,65,1,6,15,8,2.71,70.24,Blocked,Moderate,0,0,1,1,Moderate,1,30.258895,77.970735,10.11,0.56,13.18,1637,P2
UKD-002960,Flood,Flooded Road,64,17,4,3,2,11,5.0,78.54,Open,Moderate,0,0,0,1,Low,0,30.269261,78.014597,12.87,4.31,3.73,3433,P2
UKD-005324,Earthquake,Damaged House,5,0,0,0,0,1,0.02,0.38,Open,Minor,1,1,1,0,None,0,30.477093,78.274738,11.52,2.11,7.38,491,P3
UKD-005673,Landslide,Damaged House,33,8,1,3,3,6,0.36,9.84,Partially Blocked,Moderate,1,1,0,1,Low,0,29.982635,78.29047,1.61,0.39,2.77,715,P3
UKD-003060,Flood,Flooded Road,33,10,5,3,12,8,3.48,75.46,Blocked,Severe,0,0,0,1,Low,0,30.220551,78.159019,4.06,2.71,5.79,1410,P2
UKD-005054,Flood,Missing Person,88,36,1,12,4,4,2.28,37.82,Partially Blocked,Moderate,1,1,1,1,Low,0,28.914917,79.54244,12.67,1.57,1.3,2392,P3
UKD-002142,Flood,Waterlogging,20,8,1,1,1,2,3.19,66.21,Blocked,Minor,1,0,1,1,Low,0,30.335127,78.632944,6.37,5.98,30.0,349,P2
UKD-005105,Earthquake,Evacuation Request,81,16,3,5,15,6,0.12,2.54,Open,Moderate,1,1,0,1,Critical,1,29.77253,78.169606,9.84,3.65,5.3,2936,P3
UKD-003119,Cloudburst,Infrastructure Damage,25,8,3,2,6,2,1.63,33.29,Partially Blocked,Minor,1,0,0,1,Low,1,30.190706,78.764849,8.8,14.26,7.71,1599,P2
UKD-005189,Earthquake,Damaged House,79,39,2,0,10,4,0.08,1.9,Blocked,Moderate,1,1,0,1,Critical,1,29.508089,79.733799,8.63,5.68,8.46,1375,P3
UKD-005665,Cloudburst,Trapped People,21,10,1,0,1,4,2.12,35.19,Partially Blocked,Minor,1,1,1,1,Moderate,1,30.145086,78.880254,13.63,6.63,8.01,277,P3
UKD-004046,Landslide,Waterlogging,30,5,0,2,9,2,0.48,15.44,Partially Blocked,Minor,0,1,0,0,None,0,30.102179,78.755053,11.48,3.93,11.04,1590,P3
UKD-003357,Landslide,Infrastructure Damage,14,4,0,1,6,1,0.65,8.65,Partially Blocked,Moderate,1,1,1,0,None,0,29.99375,78.702593,17.04,2.74,6.15,477,P2
UKD-002745,Flood,Injured Person,21,4,4,1,3,1,2.09,42.3,Partially Blocked,Moderate,1,0,0,1,Critical,1,29.465544,80.502501,30.0,16.31,4.66,135,P2
UKD-005093,Flood,Flooded Road,22,1,0,0,6,5,1.83,45.39,Blocked,Minor,1,1,1,0,None,0,30.267832,79.363401,20.71,8.84,30.0,273,P3
UKD-003507,Cloudburst,Evacuation Request,22,12,1,2,3,4,1.23,29.26,Blocked,Minor,0,1,1,1,Moderate,1,29.61046,79.695978,10.96,11.52,30.0,890,P2
UKD-001680,Cloudburst,Evacuation Request,65,34,2,0,7,12,3.07,54.47,Partially Blocked,Moderate,0,1,1,1,Critical,1,29.631371,80.244863,14.56,3.18,10.09,293,P1
UKD-004250,Landslide,Infrastructure Damage,19,10,1,1,3,2,0.26,5.98,Blocked,Minor,0,1,1,0,None,0,30.286291,78.030247,7.42,6.63,2.48,2629,P3
UKD-003148,Flood,Flooded Road,33,7,8,1,8,1,3.54,51.22,Partially Blocked,Severe,0,0,1,1,Moderate,1,30.336378,78.050758,2.24,1.97,2.98,1343,P2
UKD-002295,Flood,Trapped People,47,38,4,2,15,4,3.11,79.25,Blocked,Severe,0,0,1,1,Critical,1,29.44342,79.429828,12.31,2.9,11.42,858,P2
UKD-000581,Landslide,Flooded Road,114,17,4,6,8,7,1.21,29.22,Open,Severe,0,1,0,1,Low,0,30.34562,78.774765,12.71,8.37,11.7,159,P1
UKD-001471,Flood,Flooded Road,133,25,2,3,12,2,3.84,100.0,Blocked,Moderate,0,0,1,0,None,0,28.954128,79.46293,3.55,3.61,8.94,1139,P1
UKD-004800,Cloudburst,Waterlogging,38,1,0,3,5,7,1.54,33.84,Partially Blocked,Minor,1,1,1,1,Low,0,30.06337,78.082092,4.04,4.71,4.38,1141,P3
UKD-004071,Flood,Trapped People,28,16,1,1,7,4,1.68,40.36,Open,Minor,1,1,1,1,Low,0,30.383687,78.022817,2.52,3.83,5.12,2819,P3
UKD-005309,Flood,Damaged House,31,3,2,2,7,2,2.0,26.65,Open,Moderate,1,1,1,1,Moderate,1,30.118899,78.826982,7.51,1.04,4.44,147,P3
UKD-003344,Landslide,Trapped People,74,46,2,1,16,5,0.47,11.63,Blocked,Moderate,1,0,0,1,Critical,1,30.239808,78.038845,4.38,0.48,2.21,587,P2
UKD-004993,Earthquake,Damaged House,10,1,0,0,2,1,0.08,1.29,Open,Moderate,1,1,1,0,None,0,29.930383,78.190517,3.43,3.54,6.14,3188,P3
UKD-004584,Cloudburst,Infrastructure Damage,48,3,1,1,17,4,1.1,26.21,Open,Minor,1,0,1,1,Low,0,30.457582,78.548728,27.49,9.78,27.48,54,P3
UKD-003673,Flood,Evacuation Request,148,24,4,1,12,2,2.34,48.81,Open,Severe,1,1,1,1,Critical,1,30.396401,78.062544,4.93,0.58,2.36,5126,P2
UKD-000560,Landslide,Infrastructure Damage,33,25,3,3,10,2,0.74,14.89,Blocked,Moderate,0,0,1,1,Moderate,0,30.447171,78.593694,9.58,3.9,6.78,355,P1
UKD-005238,Flood,Infrastructure Damage,11,2,0,1,1,2,0.88,23.09,Open,None,1,0,1,0,None,0,29.984528,78.135822,2.19,2.63,1.22,1957,P3
UKD-005216,Cloudburst,Missing Person,26,9,2,4,5,2,0.99,25.2,Partially Blocked,Moderate,0,1,1,1,Low,0,30.017788,78.265446,5.07,2.33,3.4,2838,P3
UKD-002850,Landslide,Missing Person,71,42,1,8,16,7,0.84,15.63,Partially Blocked,Moderate,0,0,0,0,None,0,30.810943,78.569096,21.17,3.31,8.11,297,P2
UKD-000513,Cloudburst,Injured Person,9,3,1,0,0,1,1.26,36.23,Open,Moderate,0,0,0,0,None,0,30.459747,79.42057,4.47,6.12,18.79,110,P1
UKD-004730,Landslide,Infrastructure Damage,38,16,3,0,10,1,0.63,11.4,Partially Blocked,Severe,0,0,1,1,Moderate,1,30.226418,78.632797,25.95,2.57,20.87,69,P3
UKD-001082,Landslide,Trapped People,123,80,4,3,8,4,0.53,14.18,Partially Blocked,Moderate,0,0,0,1,Moderate,1,30.211188,78.043755,1.8,1.53,0.89,1175,P1
UKD-001665,Cloudburst,Infrastructure Damage,25,5,4,5,2,2,2.25,56.02,Open,Severe,1,1,0,1,Critical,1,29.590485,79.624362,21.64,3.05,15.63,453,P1
UKD-001013,Cloudburst,Waterlogging,68,21,7,3,7,8,3.66,87.92,Blocked,Severe,0,0,1,1,Moderate,1,30.390414,77.939476,2.17,2.19,4.92,786,P1
UKD-001932,Flood,Flooded Road,200,27,5,2,5,5,4.27,97.56,Blocked,Severe,0,0,0,1,Critical,1,30.341143,78.644013,15.47,3.76,20.22,117,P1
UKD-001151,Cloudburst,Damaged House,136,63,2,3,11,9,2.5,67.2,Blocked,Severe,0,0,1,0,None,0,29.555818,79.419376,9.85,3.12,10.32,1601,P1
UKD-002839,Flood,Waterlogging,23,0,1,1,4,2,1.94,44.16,Open,None,1,0,1,1,Low,1,30.262991,78.775457,11.13,8.5,5.11,846,P2
UKD-000117,Flood,Missing Person,60,36,2,6,13,4,3.87,93.3,Blocked,None,0,1,0,1,Low,0,30.33755,77.954739,6.13,4.75,0.5,2820,P1
UKD-000741,Landslide,Infrastructure Damage,61,41,1,1,11,6,0.52,13.93,Blocked,Moderate,0,0,1,1,Critical,1,30.228269,78.505608,6.83,6.14,8.04,703,P1
UKD-005762,Earthquake,Damaged House,60,34,2,2,17,9,0.08,1.34,Blocked,Minor,0,1,0,1,Moderate,1,30.934019,78.636855,11.72,13.91,22.34,216,P3
UKD-005178,Landslide,Injured Person,3,0,2,0,1,1,0.17,2.5,Blocked,Minor,1,1,1,1,Low,1,30.357913,78.089281,1.46,2.19,5.04,797,P3
UKD-003676,Cloudburst,Waterlogging,5,0,0,0,0,0,1.87,29.87,Open,None,1,1,1,0,None,0,30.715969,78.431974,8.99,2.05,7.14,220,P2
UKD-000831,Flood,Missing Person,8,5,1,4,3,1,2.65,85.98,Blocked,Moderate,0,0,0,1,Critical,1,29.371528,79.452177,12.56,3.39,9.64,316,P1
UKD-000120,Landslide,Damaged House,53,30,5,6,16,2,0.76,11.86,Blocked,Severe,1,0,0,1,Low,1,29.929163,78.098076,11.67,5.79,1.62,3430,P1
UKD-004753,Cloudburst,Flooded Road,38,14,2,0,8,7,2.22,50.72,Partially Blocked,None,0,0,1,1,Low,0,30.510792,79.414801,17.14,18.45,8.05,490,P3
UKD-005729,Flood,Waterlogging,29,4,1,0,5,6,1.82,45.83,Partially Blocked,None,0,1,1,1,Moderate,0,30.922305,78.242712,7.7,2.38,10.73,439,P3
UKD-005682,Earthquake,Missing Person,94,36,1,5,6,2,0.07,0.98,Partially Blocked,Moderate,0,0,1,1,Moderate,1,30.33682,79.276767,8.14,20.0,9.96,149,P3
UKD-005929,Earthquake,Infrastructure Damage,27,9,0,2,7,6,0.04,0.67,Partially Blocked,Minor,0,1,1,0,None,0,29.416645,79.542053,5.87,2.31,6.84,958,P3
UKD-000636,Landslide,Trapped People,83,59,2,2,12,4,0.6,16.68,Partially Blocked,Moderate,0,0,0,0,None,0,29.868501,79.919004,20.87,1.48,18.5,446,P1
UKD-004466,Flood,Flooded Road,15,1,0,0,3,2,1.48,38.53,Partially Blocked,Minor,0,1,1,0,None,0,30.410058,77.996325,5.69,7.31,12.74,605,P3
UKD-004365,Landslide,Trapped People,24,4,1,2,5,2,0.18,3.88,Open,None,1,1,1,1,Low,0,30.198191,78.925629,30.0,5.69,10.82,70,P3
UKD-004143,Cloudburst,Flooded Road,71,16,1,2,5,9,2.58,56.09,Partially Blocked,Moderate,0,1,1,0,None,0,30.763089,78.364805,8.66,4.08,11.72,444,P3
UKD-000992,Flood,Missing Person,63,40,2,10,10,16,3.98,54.89,Blocked,Minor,0,0,1,1,Low,0,30.333807,78.040024,0.73,9.41,6.68,1944,P1
UKD-000877,Earthquake,Injured Person,41,27,7,2,11,4,0.16,3.47,Blocked,Severe,0,1,1,1,Moderate,1,30.2212,78.830377,19.86,6.09,20.2,1173,P1
UKD-004870,Flood,Injured Person,41,8,12,3,7,5,3.33,65.38,Open,Severe,1,0,1,1,Critical,1,29.900618,78.107448,5.5,5.07,4.26,2907,P3
UKD-005316,Cloudburst,Waterlogging,28,4,1,1,4,3,1.78,33.14,Partially Blocked,Moderate,1,1,1,1,Low,0,30.350317,79.168301,18.63,12.25,11.8,281,P3
UKD-005223,Landslide,Infrastructure Damage,13,4,0,1,2,1,0.32,7.22,Partially Blocked,Moderate,1,1,1,1,Moderate,0,29.416002,79.492939,13.93,3.37,4.24,539,P3
UKD-000005,Cloudburst,Evacuation Request,117,69,4,2,10,2,3.44,53.82,Blocked,Moderate,0,1,1,1,Low,0,29.506254,79.579142,7.58,14.6,19.66,406,P1
UKD-003052,Earthquake,Trapped People,63,40,3,1,6,8,0.13,2.46,Partially Blocked,Severe,0,0,1,1,Moderate,1,29.991097,78.057364,10.94,5.95,4.25,3819,P2
UKD-003125,Earthquake,Damaged House,28,2,1,0,4,4,0.04,0.8,Open,Moderate,1,1,1,1,Critical,1,30.351989,78.084635,1.52,6.73,2.98,1300,P2
UKD-002661,Flood,Flooded Road,18,5,2,1,5,1,2.65,62.49,Blocked,Moderate,0,1,1,1,Moderate,1,28.946551,79.494313,0.62,4.55,6.17,4974,P2
UKD-002492,Flood,Missing Person,127,31,5,8,7,4,3.53,64.03,Partially Blocked,Minor,1,0,0,1,Critical,1,29.404458,79.57092,8.54,4.23,14.38,224,P2
UKD-005174,Cloudburst,Waterlogging,25,1,0,2,6,4,1.38,35.83,Open,None,1,1,1,0,None,0,30.278084,78.166166,5.7,3.88,1.32,809,P3
UKD-003855,Landslide,Infrastructure Damage,50,19,1,4,18,3,0.52,12.62,Blocked,Moderate,0,1,0,1,Low,0,30.268008,78.796332,7.0,9.13,26.45,326,P2
UKD-004934,Flood,Trapped People,27,8,0,2,4,3,1.53,23.7,Partially Blocked,None,1,1,1,1,Low,0,29.519639,79.405442,5.98,3.94,8.1,497,P3
UKD-004778,Landslide,Flooded Road,8,0,0,0,1,1,0.43,11.28,Partially Blocked,Minor,1,1,1,0,None,0,30.502034,78.315922,15.1,2.83,17.8,277,P3
UKD-001716,Flood,Damaged House,22,1,0,2,7,0,2.35,43.69,Open,Moderate,1,1,1,1,Low,0,30.123084,78.82178,10.44,8.1,5.55,817,P1
UKD-001149,Landslide,Infrastructure Damage,161,52,2,6,9,7,0.72,14.58,Partially Blocked,Moderate,0,0,0,1,Critical,1,30.229852,78.756985,6.39,7.59,4.99,1100,P1
UKD-003262,Earthquake,Infrastructure Damage,31,14,2,0,4,6,0.11,1.94,Blocked,None,1,1,1,1,Low,0,30.721591,78.581441,8.82,7.29,22.09,61,P2
UKD-000575,Landslide,Trapped People,55,41,2,3,2,10,0.8,13.4,Partially Blocked,Moderate,0,0,0,1,Critical,1,29.412435,79.454407,23.29,7.66,1.69,903,P1
UKD-003770,Flood,Waterlogging,90,29,3,1,15,5,3.53,65.02,Partially Blocked,Moderate,0,0,1,1,Low,0,29.940227,78.121309,2.56,2.08,13.13,3975,P2
UKD-003737,Landslide,Evacuation Request,81,35,3,1,9,3,0.41,11.6,Partially Blocked,Moderate,0,0,0,1,Critical,1,30.348259,77.978249,3.04,1.86,1.85,3420,P2
UKD-004147,Landslide,Damaged House,8,0,1,0,0,2,0.4,6.16,Partially Blocked,Severe,0,0,1,0,None,0,30.483736,78.337569,7.55,13.14,6.28,152,P3
UKD-000854,Landslide,Damaged House,73,41,3,4,11,9,0.87,19.74,Partially Blocked,Severe,0,0,0,1,Critical,1,29.955537,78.196555,2.75,4.57,12.16,1456,P1
UKD-001983,Earthquake,Evacuation Request,200,63,5,2,6,8,0.15,3.45,Blocked,Severe,0,0,1,1,Critical,1,30.326887,78.102059,3.93,3.09,1.27,2378,P1
UKD-002775,Flood,Flooded Road,38,8,2,1,15,3,2.54,41.99,Partially Blocked,None,0,1,1,1,Moderate,0,28.96683,79.548691,13.38,1.9,2.66,1423,P2
UKD-004930,Landslide,Evacuation Request,45,20,3,1,11,3,0.73,9.74,Partially Blocked,Severe,0,0,1,0,None,0,30.293649,78.032219,3.59,6.61,4.54,915,P3
UKD-005212,Cloudburst,Injured Person,2,0,1,0,0,0,0.86,14.49,Open,None,1,1,1,1,Moderate,1,28.953648,79.539867,1.37,5.37,3.76,830,P3
UKD-001167,Cloudburst,Trapped People,3,1,0,1,1,0,0.66,10.07,Partially Blocked,None,1,1,0,0,None,0,30.313035,78.134224,2.23,1.33,1.31,6669,P1
UKD-000972,Flood,Trapped People,41,25,2,0,14,2,3.62,67.98,Partially Blocked,Moderate,0,1,1,1,Moderate,1,28.965164,79.434398,2.7,0.66,4.56,1283,P1
UKD-002702,Flood,Flooded Road,62,14,1,2,6,4,1.78,45.36,Blocked,Minor,0,1,0,1,Low,0,30.245141,78.787637,10.2,14.37,19.87,170,P2
UKD-004496,Flood,Damaged House,67,22,0,0,12,13,1.68,26.77,Partially Blocked,Moderate,0,1,1,1,Moderate,0,29.878596,78.170735,2.65,5.9,5.92,1315,P3
UKD-003848,Flood,Trapped People,89,49,3,0,10,6,3.08,72.18,Partially Blocked,Moderate,1,0,1,1,Low,1,28.928799,79.461808,12.8,3.26,1.42,1549,P2
UKD-002369,Landslide,Evacuation Request,136,65,1,3,5,8,0.63,13.03,Blocked,Minor,0,1,1,1,Moderate,0,30.397392,78.034481,2.06,2.29,7.32,4477,P2
UKD-004116,Flood,Trapped People,16,10,0,2,2,0,2.78,39.86,Partially Blocked,None,0,1,1,1,Low,0,28.981278,79.489467,6.1,1.77,3.27,1413,P3
UKD-004781,Cloudburst,Injured Person,3,0,2,0,1,0,0.96,14.15,Open,Minor,1,1,1,0,None,0,30.45382,78.620938,8.87,5.09,2.04,591,P3
UKD-004132,Landslide,Infrastructure Damage,11,6,0,1,5,0,0.36,7.5,Blocked,Minor,0,0,1,0,None,0,30.528315,78.34873,16.06,7.94,20.01,291,P3
UKD-002951,Landslide,Missing Person,33,2,1,2,10,2,0.42,6.96,Partially Blocked,Moderate,1,1,1,1,Low,1,30.324554,77.983782,1.43,2.25,4.01,2900,P2
UKD-000525,Landslide,Trapped People,89,66,2,4,15,6,0.79,12.54,Partially Blocked,Moderate,0,0,0,1,Critical,1,30.72179,78.600852,24.79,3.93,12.4,285,P1
UKD-002456,Flood,Waterlogging,63,8,1,2,13,3,4.45,67.81,Partially Blocked,Moderate,1,0,0,1,Moderate,1,30.202163,78.001174,6.97,1.25,11.54,2171,P2
UKD-005017,Flood,Damaged House,27,6,0,1,8,2,1.12,22.65,Blocked,Minor,1,1,1,0,None,0,30.36258,78.124436,4.59,1.55,4.49,445,P3
UKD-001842,Landslide,Infrastructure Damage,73,47,5,3,9,7,0.72,14.45,Blocked,Severe,0,1,0,1,Moderate,0,28.974549,79.541495,2.83,0.96,3.4,1725,P1
UKD-000538,Flood,Injured Person,9,5,3,1,4,0,3.59,62.59,Blocked,Moderate,0,0,1,1,Moderate,0,30.349083,77.98252,7.99,2.89,1.9,1331,P1
UKD-002807,Earthquake,Evacuation Request,53,12,1,0,6,1,0.06,1.78,Partially Blocked,None,1,1,1,1,Low,0,30.245855,77.950652,1.79,4.76,5.45,2605,P2
UKD-005597,Flood,Trapped People,8,3,1,0,2,1,1.47,22.49,Partially Blocked,None,1,1,1,0,None,0,30.273187,78.196092,3.29,8.88,6.47,3687,P3
UKD-004342,Flood,Waterlogging,9,0,1,1,2,0,2.93,51.83,Partially Blocked,Severe,1,0,1,1,Low,1,30.318305,78.040693,4.18,4.41,1.19,1892,P3
UKD-003176,Flood,Flooded Road,8,1,0,0,0,1,1.03,33.1,Open,Moderate,1,1,1,1,Low,0,30.368294,78.01759,0.9,1.19,1.14,1502,P2
UKD-000785,Flood,Evacuation Request,90,36,6,0,13,5,2.64,53.04,Blocked,Severe,1,0,1,1,Critical,1,30.330697,78.052989,4.07,1.92,5.99,3840,P1
UKD-004058,Flood,Evacuation Request,50,21,0,0,17,4,1.59,33.6,Partially Blocked,Minor,0,1,1,1,Low,1,30.27781,78.595668,18.64,16.65,1.17,623,P3
UKD-001410,Cloudburst,Injured Person,61,43,8,4,10,6,2.32,71.26,Blocked,Minor,0,0,0,1,Moderate,1,28.964084,79.416852,9.93,9.21,4.39,2326,P1
UKD-002538,Flood,Damaged House,52,19,0,1,7,8,1.97,38.44,Blocked,Moderate,1,1,1,1,Low,1,29.044553,79.481639,3.27,0.84,6.16,1998,P2
UKD-000155,Earthquake,Damaged House,17,2,2,0,4,2,0.1,1.84,Open,Severe,1,1,1,1,Low,0,30.36582,78.085634,5.44,4.27,3.18,1856,P1
UKD-003010,Cloudburst,Missing Person,23,16,2,8,2,1,2.29,45.5,Partially Blocked,Minor,0,1,1,1,Moderate,0,29.333882,80.377431,5.79,2.18,3.47,301,P2
UKD-001687,Earthquake,Damaged House,51,27,2,2,10,1,0.18,3.43,Partially Blocked,Minor,0,1,1,1,Critical,1,30.129129,78.694347,13.51,2.64,18.59,1649,P1
UKD-002902,Earthquake,Evacuation Request,46,32,1,2,12,4,0.12,2.48,Blocked,Moderate,0,1,0,1,Low,0,29.377748,79.380155,7.28,3.8,18.41,306,P2
UKD-005939,Flood,Injured Person,5,0,1,0,4,1,1.45,46.18,Partially Blocked,Minor,1,1,1,1,Low,0,28.939197,79.627741,3.42,1.32,3.89,1158,P3
UKD-004722,Landslide,Trapped People,13,4,0,2,3,0,0.16,3.64,Open,Minor,1,1,0,0,None,0,30.473894,77.986059,1.43,1.74,0.5,3594,P3
UKD-003864,Landslide,Trapped People,63,44,2,1,11,5,0.65,13.06,Blocked,Moderate,1,1,1,1,Low,0,30.253855,78.023356,4.51,2.64,8.54,892,P2
UKD-002734,Earthquake,Injured Person,5,0,2,0,1,0,0.04,0.86,Open,Minor,1,0,1,0,None,0,29.4245,79.385772,5.98,4.1,4.71,692,P2
UKD-001896,Earthquake,Damaged House,96,63,7,1,9,6,0.12,3.18,Blocked,Severe,0,1,1,1,Critical,1,29.038855,79.594268,3.69,1.24,7.92,1654,P1
UKD-005443,Flood,Evacuation Request,31,5,0,0,7,2,1.89,48.45,Open,Moderate,1,0,1,1,Low,1,30.233266,78.089941,5.39,2.68,1.79,2317,P3
UKD-000570,Cloudburst,Damaged House,200,43,1,0,12,7,2.75,42.98,Blocked,Minor,1,1,0,1,Moderate,0,30.319071,78.016346,13.38,1.09,3.25,1681,P1
UKD-001817,Landslide,Trapped People,106,87,3,4,9,8,0.98,14.92,Blocked,Minor,0,0,0,1,Critical,1,30.165812,79.19851,6.24,13.5,13.04,91,P1
UKD-002066,Earthquake,Damaged House,156,46,6,2,9,5,0.17,2.24,Partially Blocked,Severe,0,1,1,1,Moderate,1,30.366876,78.074328,2.74,3.11,1.2,2484,P2
UKD-000128,Landslide,Missing Person,89,55,2,4,11,5,0.95,13.88,Partially Blocked,Moderate,0,0,0,1,Critical,1,29.409719,79.420032,2.02,3.38,9.87,426,P1
UKD-003395,Landslide,Injured Person,4,0,1,0,2,0,0.43,9.84,Blocked,Moderate,1,1,1,1,Low,0,29.265188,79.422925,4.09,9.61,11.7,896,P2
UKD-003328,Earthquake,Flooded Road,25,6,2,1,6,3,0.46,16.49,Blocked,Severe,0,0,1,1,Moderate,1,30.062252,78.741307,9.24,1.85,1.79,1118,P2
UKD-005978,Earthquake,Damaged House,11,4,0,1,3,0,0.04,0.64,Partially Blocked,None,0,1,1,1,Low,1,30.247283,78.706583,0.85,2.55,12.05,594,P3
UKD-002976,Flood,Flooded Road,66,7,1,0,8,4,2.67,51.66,Partially Blocked,Minor,1,0,1,1,Low,0,30.367029,78.019431,20.63,12.47,4.98,998,P2
UKD-000981,Cloudburst,Evacuation Request,200,42,2,4,8,6,3.4,49.75,Partially Blocked,Moderate,0,0,0,1,Critical,1,30.441577,78.205405,6.03,2.57,2.05,1151,P1
UKD-002301,Landslide,Infrastructure Damage,71,43,5,0,7,1,0.43,9.23,Blocked,Severe,0,0,1,1,Critical,1,30.500307,78.842166,9.37,11.51,13.11,111,P2
UKD-000191,Earthquake,Infrastructure Damage,150,43,3,0,3,9,0.16,2.14,Partially Blocked,Moderate,0,1,1,0,None,0,29.24369,80.075032,16.65,7.6,13.23,399,P1
UKD-001140,Flood,Injured Person,41,25,7,2,10,4,3.41,61.75,Blocked,None,0,0,0,1,Critical,1,30.572012,79.37138,5.59,8.57,8.03,284,P1
UKD-005089,Cloudburst,Flooded Road,23,1,0,0,9,2,1.43,33.06,Partially Blocked,None,1,0,1,1,Low,0,28.920696,79.504937,10.88,1.73,6.39,3484,P3
UKD-000700,Flood,Injured Person,165,49,6,1,11,3,2.96,94.71,Partially Blocked,Moderate,0,1,0,1,Low,1,30.049635,78.230101,3.77,1.31,4.55,2788,P1
UKD-005730,Earthquake,Injured Person,8,0,1,0,0,1,0.08,1.71,Partially Blocked,Minor,0,0,1,1,Moderate,1,30.140867,77.981316,6.3,1.68,8.41,2045,P3
UKD-000607,Flood,Waterlogging,63,19,5,2,8,5,3.33,72.85,Blocked,Severe,0,0,0,1,Critical,1,29.283677,79.505759,29.63,10.67,3.07,1098,P1
UKD-004277,Earthquake,Trapped People,9,5,1,0,0,1,0.03,0.88,Partially Blocked,Minor,0,1,1,1,Low,0,30.331772,78.013173,8.39,2.11,3.03,3271,P3
UKD-000302,Flood,Missing Person,46,24,4,8,8,3,4.76,80.34,Partially Blocked,Severe,0,0,1,1,Critical,1,28.883014,79.514902,6.19,3.0,9.31,1969,P1
UKD-003421,Flood,Damaged House,27,1,1,1,4,0,1.68,34.69,Partially Blocked,Moderate,1,1,1,1,Low,0,30.008846,78.231736,3.24,0.24,6.64,2403,P2
UKD-005776,Flood,Evacuation Request,25,5,1,0,5,1,2.84,60.69,Partially Blocked,Minor,1,1,1,1,Critical,1,28.972234,79.574517,5.27,1.88,2.16,2011,P3
UKD-001061,Landslide,Missing Person,34,26,5,7,3,6,1.0,18.31,Blocked,Severe,0,0,1,1,Critical,1,29.012421,79.554297,5.86,4.52,13.8,2364,P1
UKD-002566,Landslide,Infrastructure Damage,130,62,0,1,9,6,0.7,11.34,Blocked,Moderate,0,1,1,1,Low,0,28.966354,79.570001,11.07,1.66,4.73,1218,P2
UKD-005989,Landslide,Evacuation Request,23,3,1,0,3,3,0.37,7.85,Open,Minor,1,1,1,0,None,0,29.390905,79.339635,2.59,8.32,11.11,1435,P3
UKD-001070,Cloudburst,Flooded Road,200,32,1,3,8,10,3.56,87.64,Blocked,Moderate,0,0,0,1,Critical,1,30.554134,78.555396,3.16,8.41,7.83,244,P1
UKD-002525,Flood,Flooded Road,13,1,1,1,5,1,3.71,71.87,Blocked,Minor,0,0,1,1,Moderate,1,30.346247,78.134388,14.91,0.42,0.76,1592,P2
UKD-002206,Landslide,Missing Person,70,29,1,7,14,10,0.65,10.73,Partially Blocked,Moderate,0,1,1,0,None,0,30.553984,78.530327,14.06,3.82,6.92,480,P2
UKD-001244,Cloudburst,Flooded Road,125,29,3,4,15,3,3.69,77.55,Blocked,Minor,0,1,1,1,Critical,1,30.412434,78.329254,5.56,4.64,16.74,447,P1
UKD-000017,Earthquake,Injured Person,148,46,11,9,11,10,0.16,2.84,Partially Blocked,Severe,0,0,0,1,Moderate,1,30.25333,78.190766,17.23,4.37,22.62,627,P1
UKD-003121,Cloudburst,Evacuation Request,40,11,0,1,6,2,1.4,24.93,Partially Blocked,Minor,0,1,1,0,None,0,30.273442,78.764201,12.47,7.93,12.09,647,P2
UKD-005980,Cloudburst,Missing Person,13,1,0,4,2,0,0.65,15.43,Partially Blocked,Minor,1,1,1,0,None,0,30.37085,78.088332,2.6,1.96,8.57,1656,P3
UKD-004643,Flood,Waterlogging,5,0,0,0,1,0,1.43,27.85,Partially Blocked,Minor,1,1,1,0,None,0,30.300371,79.24248,11.07,3.99,18.39,123,P3
UKD-004755,Cloudburst,Injured Person,1,0,1,0,0,1,0.29,5.73,Open,None,1,1,1,1,Low,0,29.613582,79.655809,3.84,13.55,4.88,706,P3
UKD-000816,Flood,Flooded Road,6,2,1,0,2,0,1.95,47.72,Blocked,Minor,1,0,1,1,Low,0,29.890705,78.208796,4.18,3.76,6.23,3240,P1
UKD-003068,Flood,Waterlogging,51,5,6,1,8,7,3.14,59.2,Partially Blocked,Severe,1,0,1,1,Moderate,1,29.555339,79.577907,6.11,9.57,13.13,704,P2
UKD-005994,Cloudburst,Evacuation Request,26,5,1,1,5,5,1.94,32.56,Open,None,1,0,1,1,Low,0,30.322913,78.044551,1.46,1.9,3.3,3501,P3
UKD-005601,Landslide,Injured Person,6,0,4,0,2,1,0.34,7.0,Open,Moderate,1,1,1,0,None,0,30.345688,78.054397,1.03,1.57,2.13,1389,P3
UKD-000960,Landslide,Missing Person,109,73,4,10,10,6,1.05,19.92,Blocked,Minor,0,0,1,1,Moderate,1,30.270621,77.954923,0.5,1.64,6.11,2102,P1
UKD-004894,Cloudburst,Evacuation Request,53,12,3,2,4,6,1.69,25.96,Partially Blocked,Minor,1,0,1,1,Low,0,30.410549,78.718609,17.47,8.87,24.19,236,P3
UKD-000226,Earthquake,Damaged House,65,30,4,4,11,6,0.17,2.45,Blocked,Moderate,1,0,0,0,None,0,29.421657,79.56902,11.28,17.03,8.07,1945,P1
UKD-003355,Earthquake,Damaged House,83,37,1,2,8,6,0.2,2.6,Open,None,0,0,1,1,Moderate,0,29.950615,78.239069,4.63,1.14,6.49,4187,P2
UKD-002486,Earthquake,Damaged House,37,7,0,0,5,6,0.04,1.02,Partially Blocked,Severe,1,1,1,0,None,0,30.929059,78.530295,13.42,12.96,7.19,433,P2
UKD-000563,Landslide,Evacuation Request,30,22,1,4,5,6,0.87,11.73,Blocked,Minor,0,0,0,1,Moderate,0,30.208712,78.92799,6.66,8.29,8.26,888,P1
UKD-003437,Landslide,Injured Person,32,9,12,0,11,2,0.71,10.98,Partially Blocked,Severe,1,0,1,1,Critical,1,30.519127,78.432625,4.36,11.46,20.15,489,P2
UKD-001694,Cloudburst,Trapped People,57,41,2,0,9,0,2.95,53.28,Blocked,Severe,0,1,1,0,None,0,28.970431,79.52696,12.89,6.15,5.53,1556,P1
UKD-001046,Cloudburst,Missing Person,124,53,3,5,4,8,2.24,49.1,Partially Blocked,Minor,0,1,1,1,Moderate,1,30.170784,78.76845,10.3,7.12,16.12,861,P1
UKD-003447,Cloudburst,Damaged House,158,41,1,1,13,1,1.62,31.05,Partially Blocked,Moderate,0,1,1,0,None,0,30.396991,79.330788,9.95,11.96,8.51,176,P2
UKD-004566,Flood,Missing Person,31,10,2,11,7,4,2.36,47.06,Open,None,0,0,1,1,Critical,0,29.835358,78.156581,6.07,8.01,3.04,1233,P3
UKD-000955,Flood,Evacuation Request,70,36,4,1,10,6,5.0,73.07,Partially Blocked,Moderate,0,1,1,1,Moderate,1,29.927445,78.148936,1.3,2.27,5.45,1874,P1
UKD-005977,Cloudburst,Trapped People,8,2,1,0,2,0,0.67,13.18,Open,None,1,0,1,1,Low,0,30.336005,77.923506,1.33,5.82,0.93,651,P3
UKD-002736,Landslide,Missing Person,11,5,0,1,0,1,0.19,3.82,Partially Blocked,Minor,0,1,1,1,Low,0,29.993425,78.252014,7.43,3.63,5.27,669,P2
UKD-005885,Flood,Flooded Road,9,0,0,0,1,1,1.19,21.46,Partially Blocked,None,1,1,1,0,None,0,30.422076,78.713216,12.75,4.62,22.33,337,P3
UKD-004736,Earthquake,Trapped People,53,19,0,0,7,5,0.06,1.33,Open,Moderate,1,0,1,0,None,0,30.341338,77.981491,2.87,10.89,3.28,1758,P3
UKD-005779,Cloudburst,Injured Person,10,2,3,0,1,2,1.25,24.29,Blocked,Minor,0,1,0,1,Moderate,1,30.181666,78.945195,20.29,5.76,12.19,136,P3
UKD-001219,Cloudburst,Evacuation Request,134,39,3,1,17,6,2.76,46.08,Blocked,Minor,1,0,1,0,None,0,30.195614,78.623309,16.77,1.51,12.68,321,P1
UKD-005255,Landslide,Infrastructure Damage,12,3,0,0,0,4,0.22,3.1,Blocked,Moderate,1,1,1,1,Low,1,30.702473,78.202749,30.0,4.63,13.14,315,P3
UKD-005512,Earthquake,Infrastructure Damage,30,12,0,4,3,7,0.06,0.8,Partially Blocked,Minor,0,1,1,1,Moderate,1,29.33769,79.529579,6.16,6.02,8.67,932,P3
UKD-001528,Earthquake,Trapped People,153,85,6,1,13,6,0.15,2.84,Blocked,Severe,0,0,1,1,Critical,1,30.200052,78.692365,7.21,3.33,13.01,286,P1
UKD-003988,Flood,Damaged House,34,21,6,2,9,4,2.66,64.8,Blocked,Moderate,0,0,0,1,Moderate,0,30.259002,79.039589,7.39,1.98,14.2,408,P2
UKD-005920,Landslide,Flooded Road,139,25,1,3,3,4,1.24,30.15,Blocked,Minor,0,0,1,0,None,0,30.338736,78.003081,0.92,4.13,2.63,2449,P3
UKD-001301,Earthquake,Evacuation Request,21,4,1,1,3,3,0.09,2.34,Partially Blocked,Minor,1,1,1,1,Moderate,1,28.97752,79.361897,6.63,6.84,3.63,899,P1
UKD-005870,Cloudburst,Flooded Road,4,0,0,1,0,0,0.87,25.29,Open,Minor,1,0,1,0,None,0,30.485527,79.519866,10.29,5.23,6.32,140,P3
UKD-000161,Earthquake,Trapped People,34,23,2,2,5,2,0.15,2.42,Partially Blocked,Minor,0,1,1,1,Moderate,1,30.282575,78.118057,3.59,16.79,3.49,4934,P1
UKD-004068,Earthquake,Damaged House,10,2,0,0,1,0,0.03,0.61,Partially Blocked,Minor,1,1,1,0,None,0,29.265917,79.495878,12.6,10.76,9.71,560,P3
UKD-000957,Landslide,Injured Person,17,11,6,0,3,1,0.91,13.41,Blocked,Severe,1,0,1,1,Moderate,0,29.51676,80.108,10.87,11.19,6.68,429,P1
UKD-003792,Earthquake,Evacuation Request,7,1,0,1,0,1,0.06,1.32,Open,Minor,1,1,1,0,None,0,29.920954,78.200211,0.87,4.14,0.5,1875,P2
UKD-003235,Flood,Flooded Road,13,3,3,2,0,1,3.08,67.6,Partially Blocked,Minor,0,1,0,1,Moderate,1,30.023816,78.257004,2.0,2.44,8.64,3233,P2
UKD-002870,Landslide,Evacuation Request,32,4,0,1,4,4,0.39,10.83,Open,Moderate,1,1,1,1,Low,0,30.437846,78.002006,2.93,0.41,3.78,2139,P2
UKD-003778,Flood,Damaged House,162,48,1,3,18,7,2.97,66.84,Partially Blocked,Minor,0,0,1,1,Critical,1,30.356511,78.116896,9.52,0.6,1.01,2473,P2
UKD-004434,Cloudburst,Waterlogging,3,0,0,0,3,0,1.31,26.59,Open,Moderate,1,1,1,0,None,0,29.558294,79.691827,0.71,2.61,4.69,405,P3
UKD-004974,Earthquake,Infrastructure Damage,7,0,0,0,1,0,0.01,0.5,Open,Moderate,1,1,1,0,None,0,30.497209,78.048979,0.66,1.53,7.44,2548,P3
UKD-002962,Landslide,Trapped People,110,88,0,3,14,2,0.92,13.45,Blocked,Moderate,0,1,1,1,Critical,1,30.33716,77.946859,11.6,5.39,12.36,2947,P2
UKD-002201,Earthquake,Missing Person,200,69,6,13,6,4,0.19,2.81,Blocked,Severe,0,0,0,1,Critical,1,30.360159,78.047607,2.32,2.64,17.08,529,P2
UKD-000099,Flood,Trapped People,91,49,0,2,11,8,2.5,50.29,Blocked,Moderate,1,0,1,1,Moderate,1,29.782308,78.157621,1.57,4.44,5.58,10000,P1
UKD-005835,Landslide,Evacuation Request,12,0,0,0,1,3,0.15,2.5,Blocked,None,1,1,1,0,None,0,30.362683,78.064869,2.63,3.27,14.22,1020,P3
UKD-002558,Flood,Injured Person,5,0,1,0,1,0,1.06,27.18,Open,None,1,0,1,0,None,0,28.902827,79.424444,0.74,7.07,6.35,806,P2
UKD-003184,Landslide,Evacuation Request,74,41,1,4,9,7,0.49,10.65,Blocked,Moderate,0,0,1,1,Low,0,30.355827,79.365448,17.52,4.55,13.09,105,P2
UKD-000254,Earthquake,Evacuation Request,66,42,0,2,14,5,0.21,4.0,Blocked,Minor,0,0,1,1,Low,1,30.361101,78.040416,5.98,3.5,15.04,498,P1
UKD-003924,Earthquake,Injured Person,53,21,8,2,7,14,0.12,1.81,Blocked,Moderate,1,0,1,1,Critical,1,29.343362,79.384128,7.6,7.39,17.92,454,P2
UKD-004200,Flood,Waterlogging,12,2,0,0,2,0,1.51,31.59,Partially Blocked,None,0,1,1,0,None,0,30.220747,78.016126,7.39,4.67,3.81,1101,P3
UKD-001446,Landslide,Evacuation Request,56,13,1,2,9,5,0.7,13.87,Partially Blocked,Moderate,1,0,1,1,Critical,1,30.255346,78.002048,7.23,1.58,4.27,7187,P1
UKD-005540,Cloudburst,Damaged House,11,2,1,0,3,0,0.8,18.41,Partially Blocked,Minor,1,1,1,1,Low,0,30.061438,78.149713,3.06,3.06,10.04,1368,P3
UKD-001649,Earthquake,Trapped People,52,16,0,2,6,4,0.07,1.38,Open,Minor,1,1,1,1,Moderate,0,30.242797,77.984763,3.94,1.64,0.5,2397,P1
UKD-004683,Flood,Trapped People,16,7,0,0,1,4,2.08,41.86,Partially Blocked,Minor,1,1,1,0,None,0,29.04282,79.472362,5.62,2.51,2.9,2155,P3
UKD-004724,Cloudburst,Damaged House,30,7,3,1,2,5,0.83,22.36,Open,Severe,0,1,1,1,Low,0,30.985516,78.586338,9.31,5.41,11.68,262,P3
UKD-003992,Flood,Waterlogging,115,18,0,1,6,6,3.74,76.58,Blocked,Moderate,1,1,1,0,None,0,30.330658,78.061653,4.59,5.69,0.5,6041,P2
UKD-001697,Flood,Flooded Road,158,20,7,2,14,10,3.87,56.69,Partially Blocked,Severe,0,0,1,1,Critical,1,30.291784,78.0908,12.1,3.21,3.78,1073,P1
UKD-003192,Flood,Flooded Road,31,3,0,0,9,7,2.16,34.65,Blocked,None,1,1,1,0,None,0,29.357817,79.478552,7.58,2.44,4.37,668,P2
UKD-004500,Cloudburst,Missing Person,20,5,0,5,2,0,0.5,11.33,Open,Minor,0,1,1,1,Low,0,30.360314,77.952866,3.6,0.35,13.7,1582,P3
UKD-001155,Landslide,Evacuation Request,144,37,6,2,13,8,0.81,12.65,Partially Blocked,Severe,0,0,0,1,Critical,1,30.310011,78.552119,11.04,8.51,8.27,240,P1
UKD-002256,Earthquake,Injured Person,22,7,8,2,6,1,0.1,2.5,Partially Blocked,Minor,1,0,0,1,Moderate,1,29.347829,79.470258,9.65,1.81,9.17,298,P2
UKD-001683,Flood,Evacuation Request,75,42,8,2,4,9,4.17,81.27,Partially Blocked,Severe,0,0,1,1,Critical,1,29.821979,80.177602,5.0,12.79,11.6,218,P1
UKD-003171,Earthquake,Trapped People,41,20,2,1,5,8,0.05,1.49,Blocked,Minor,1,1,0,1,Moderate,0,30.036549,78.052812,9.08,1.96,4.46,3419,P2
UKD-002057,Flood,Evacuation Request,30,19,1,4,10,2,2.84,66.79,Blocked,Moderate,0,1,0,1,Critical,1,30.003565,78.223003,13.19,1.46,1.14,326,P2
UKD-004091,Flood,Damaged House,23,4,0,1,2,5,1.25,24.52,Partially Blocked,None,1,1,1,0,None,0,29.963297,78.188975,4.28,2.4,10.88,2645,P3
UKD-005854,Flood,Flooded Road,4,0,0,0,0,0,0.94,22.36,Partially Blocked,Minor,1,1,1,0,None,0,29.337303,79.384221,10.13,2.47,5.68,1095,P3
UKD-003109,Cloudburst,Evacuation Request,16,9,1,0,5,1,1.76,38.39,Partially Blocked,Minor,1,1,1,1,Low,1,29.535923,79.382121,13.39,7.96,7.9,1137,P2
UKD-004549,Earthquake,Evacuation Request,61,4,1,2,14,5,0.07,1.9,Open,Moderate,1,1,0,1,Moderate,1,29.49207,79.675507,4.68,3.1,3.15,639,P3
UKD-003724,Flood,Flooded Road,61,16,5,2,7,7,2.27,45.25,Partially Blocked,Severe,0,1,0,1,Low,0,30.348397,77.934389,2.68,1.3,2.18,1723,P2
UKD-005424,Cloudburst,Damaged House,12,2,0,2,4,0,0.55,10.98,Partially Blocked,Minor,1,0,1,0,None,0,29.935015,78.194174,10.78,3.48,13.78,2120,P3
UKD-002050,Cloudburst,Injured Person,26,11,9,0,5,1,2.88,48.74,Partially Blocked,Minor,0,0,1,1,Moderate,1,28.89627,79.591077,2.33,6.09,9.14,1233,P2
UKD-004977,Earthquake,Damaged House,5,0,1,0,0,0,0.02,0.72,Open,Moderate,1,1,1,1,Low,0,30.328017,77.980401,0.5,2.78,4.34,1751,P3
UKD-003644,Earthquake,Injured Person,10,1,1,1,6,2,0.08,1.57,Open,None,1,1,1,1,Critical,1,30.34299,78.129459,3.02,2.45,2.32,952,P2
UKD-005915,Flood,Flooded Road,76,25,0,0,6,6,3.31,55.34,Blocked,Minor,0,0,1,1,Low,0,30.345082,78.393594,5.11,7.04,7.17,185,P3
UKD-000624,Landslide,Injured Person,172,44,5,0,9,8,0.86,18.15,Blocked,Severe,1,0,1,1,Critical,1,30.389506,78.090694,0.5,1.59,5.05,1329,P1
UKD-000263,Flood,Flooded Road,48,7,3,1,13,6,3.27,50.76,Open,Severe,0,1,0,1,Moderate,1,30.060563,78.154278,4.25,3.67,2.28,1619,P1
UKD-005731,Landslide,Injured Person,52,25,5,0,12,9,0.99,18.85,Partially Blocked,Moderate,0,0,0,1,Critical,1,30.029561,78.153098,5.02,13.1,0.78,721,P3
UKD-003370,Flood,Damaged House,44,14,4,2,17,2,1.7,35.08,Partially Blocked,Severe,1,0,1,1,Moderate,1,29.093764,79.502544,1.76,4.08,6.27,2670,P2
UKD-004062,Flood,Flooded Road,158,11,4,1,7,4,3.04,50.55,Partially Blocked,Severe,1,0,1,1,Low,1,29.050178,79.487069,9.5,1.4,0.56,2210,P3
UKD-005535,Cloudburst,Trapped People,5,2,0,0,0,1,0.4,8.43,Open,None,1,1,1,0,None,0,28.983709,79.550214,3.43,2.05,1.49,10000,P3
UKD-001803,Landslide,Infrastructure Damage,15,6,1,2,3,2,0.52,7.18,Partially Blocked,Minor,1,1,1,0,None,0,30.330254,78.687108,12.1,5.37,16.66,122,P1
UKD-004737,Cloudburst,Flooded Road,17,3,1,1,3,5,1.33,31.79,Blocked,Minor,0,1,1,1,Low,0,30.257318,78.064118,8.09,7.21,9.85,463,P3
UKD-005987,Flood,Waterlogging,10,0,0,0,1,0,1.65,35.93,Open,Minor,1,1,1,0,None,0,30.331434,79.280252,5.79,7.83,22.13,76,P3
UKD-002386,Flood,Damaged House,31,7,3,0,8,2,2.81,45.84,Partially Blocked,Minor,1,0,0,1,Moderate,0,30.675758,78.407906,7.97,4.42,11.13,201,P2
UKD-001960,Earthquake,Missing Person,135,60,2,9,10,12,0.16,2.4,Blocked,Moderate,0,0,0,1,Moderate,1,29.619359,79.632384,5.9,11.88,6.42,947,P1
UKD-002977,Flood,Damaged House,179,36,4,3,9,4,3.33,49.61,Open,Moderate,0,0,1,1,Moderate,1,30.426346,78.001604,2.36,1.43,11.08,1546,P2
UKD-000489,Flood,Evacuation Request,70,57,5,1,8,13,3.16,85.22,Blocked,Severe,0,0,1,1,Critical,1,30.605812,78.399751,23.81,9.56,11.59,97,P1
UKD-001844,Earthquake,Injured Person,110,58,10,0,9,5,0.14,3.71,Partially Blocked,Severe,0,0,1,1,Critical,1,30.22571,78.740921,9.92,3.54,7.3,1269,P1
UKD-001735,Earthquake,Flooded Road,20,8,3,2,5,2,0.31,15.21,Blocked,Minor,0,0,0,1,Critical,1,29.109941,79.503079,6.02,2.33,4.38,3088,P1
UKD-002912,Landslide,Damaged House,17,9,3,1,3,1,0.35,8.11,Partially Blocked,Severe,0,1,1,1,Low,0,30.279988,78.503843,3.47,4.58,5.92,933,P2
UKD-003220,Flood,Damaged House,7,0,0,1,0,3,1.46,25.68,Open,Severe,0,1,1,0,None,0,28.97918,79.535316,1.63,6.95,3.1,2248,P2
UKD-000147,Flood,Injured Person,32,17,3,0,4,5,2.2,43.36,Partially Blocked,Minor,0,1,1,1,Moderate,1,28.918174,79.38611,4.89,1.83,1.08,1502,P1
UKD-005631,Flood,Flooded Road,34,1,1,0,3,1,1.88,48.02,Open,None,1,1,1,1,Low,1,30.192773,78.251536,18.67,4.88,7.25,184,P3
UKD-001987,Landslide,Missing Person,28,1,3,6,5,6,0.42,7.16,Open,Minor,1,0,1,1,Critical,1,30.228175,78.475655,30.0,3.95,23.78,147,P1
UKD-001370,Earthquake,Injured Person,21,12,7,2,5,0,0.19,3.9,Partially Blocked,Severe,0,0,0,1,Critical,1,29.671377,79.665913,7.28,2.79,8.92,329,P1
UKD-002812,Earthquake,Damaged House,30,16,5,2,7,3,0.07,1.26,Blocked,Severe,0,1,1,1,Moderate,1,30.545579,78.309995,18.76,8.2,7.35,187,P2
UKD-000660,Landslide,Damaged House,10,2,0,0,2,2,0.36,8.33,Partially Blocked,Moderate,0,1,1,0,None,0,29.472215,80.094598,24.76,13.65,6.63,269,P1
UKD-001795,Landslide,Infrastructure Damage,41,25,1,3,5,6,0.39,7.12,Blocked,None,0,1,0,1,Low,1,29.566539,80.1134,16.21,18.37,22.45,344,P1
UKD-002512,Landslide,Infrastructure Damage,10,2,0,1,2,3,0.34,7.35,Partially Blocked,Minor,1,1,0,0,None,0,30.133242,78.794699,7.12,10.85,3.84,428,P2
UKD-003398,Flood,Damaged House,34,11,2,0,2,2,2.66,38.7,Open,Moderate,0,0,1,1,Low,0,30.772433,78.20123,14.93,11.61,9.34,90,P2
UKD-004283,Flood,Trapped People,5,1,0,0,2,1,0.71,14.42,Open,Minor,1,1,1,0,None,0,28.780377,79.531488,5.2,5.51,3.43,2284,P3
UKD-001148,Cloudburst,Evacuation Request,16,6,0,1,6,4,1.68,25.62,Partially Blocked,Minor,1,1,1,0,None,0,30.815335,78.462589,5.13,11.95,15.41,530,P1
UKD-003273,Cloudburst,Flooded Road,79,22,2,2,7,7,3.44,88.41,Partially Blocked,None,0,0,1,0,None,0,30.167183,78.024532,5.17,2.43,4.82,1668,P2
UKD-000609,Cloudburst,Flooded Road,163,19,3,3,18,2,3.7,70.86,Partially Blocked,Severe,1,0,0,1,Low,0,30.32798,79.200146,30.0,5.06,14.3,215,P1
UKD-003583,Flood,Infrastructure Damage,108,26,2,2,5,5,3.32,57.82,Open,Severe,1,0,0,1,Low,0,30.204986,78.006406,3.02,2.09,8.31,1558,P2
UKD-001931,Flood,Injured Person,36,18,13,0,6,3,2.82,64.68,Blocked,Severe,0,0,1,1,Critical,1,30.332075,77.974545,7.21,7.48,3.63,4603,P1
UKD-000198,Earthquake,Injured Person,40,32,8,3,6,9,0.13,3.14,Blocked,Severe,0,0,0,1,Critical,1,30.333584,78.067432,2.66,1.14,9.43,2127,P1
UKD-002932,Flood,Flooded Road,93,25,5,2,13,7,4.17,69.03,Partially Blocked,Severe,0,0,1,1,Critical,1,29.896628,78.254173,17.4,1.75,1.9,1588,P2
UKD-002328,Flood,Trapped People,36,12,0,2,14,3,3.92,81.58,Open,Severe,1,0,0,1,Moderate,0,30.049882,78.744641,17.11,4.72,2.09,445,P2
UKD-004390,Cloudburst,Waterlogging,14,4,1,0,3,1,3.01,51.44,Blocked,Minor,0,0,1,1,Low,0,29.52599,79.471905,4.73,2.62,14.56,1432,P3
UKD-000767,Flood,Waterlogging,65,10,6,2,13,8,5.0,100.0,Partially Blocked,Severe,0,0,0,1,Low,0,29.644232,79.743077,8.37,6.07,21.54,1258,P1
UKD-004497,Landslide,Flooded Road,8,1,0,2,1,1,0.92,20.85,Blocked,Minor,0,1,1,0,None,0,30.332698,77.979294,4.11,8.48,3.91,1634,P3
UKD-004219,Earthquake,Infrastructure Damage,34,7,3,2,3,2,0.09,1.42,Partially Blocked,Moderate,1,1,0,1,Low,0,30.093872,78.816926,9.64,5.23,21.55,462,P3
UKD-003256,Landslide,Missing Person,77,53,2,5,7,4,0.89,11.86,Partially Blocked,None,0,0,1,1,Moderate,0,29.465063,79.414316,4.29,1.9,1.0,1503,P2
UKD-000203,Earthquake,Infrastructure Damage,24,7,0,4,1,5,0.08,1.9,Partially Blocked,Minor,0,1,1,1,Low,0,29.939202,79.778317,1.38,6.85,3.27,591,P1
UKD-003511,Cloudburst,Injured Person,99,39,11,3,9,3,2.69,52.46,Partially Blocked,None,0,0,0,1,Low,0,30.279608,77.918452,3.85,4.19,11.02,1337,P2
UKD-004932,Flood,Missing Person,16,5,0,3,4,2,1.65,45.35,Partially Blocked,Moderate,0,1,1,1,Low,0,28.925663,79.587933,7.85,8.36,3.69,973,P3
UKD-005536,Earthquake,Injured Person,15,0,6,0,2,2,0.04,0.56,Open,None,1,1,1,1,Low,0,30.174439,78.73934,7.03,6.58,8.76,628,P3
UKD-001734,Flood,Trapped People,156,66,1,2,6,6,2.97,74.59,Partially Blocked,None,0,1,1,1,Low,0,29.93828,78.138604,3.39,2.29,0.5,2881,P1
UKD-002778,Flood,Evacuation Request,9,1,0,1,1,0,0.74,17.22,Partially Blocked,Minor,1,1,1,0,None,0,29.857293,78.186734,9.55,3.28,1.3,1715,P2
UKD-001708,Cloudburst,Evacuation Request,121,66,2,5,8,8,3.73,62.81,Blocked,Moderate,0,0,0,1,Moderate,0,30.865074,78.5403,19.9,3.99,27.8,352,P1
UKD-005173,Flood,Infrastructure Damage,5,2,0,0,1,1,1.03,15.37,Partially Blocked,Minor,1,0,1,0,None,0,29.592801,79.471015,8.46,6.03,3.9,943,P3
UKD-005250,Flood,Flooded Road,45,4,3,1,13,8,2.31,64.07,Partially Blocked,Minor,1,1,0,0,None,0,28.894954,79.488693,4.88,2.07,7.13,2084,P3
UKD-005758,Flood,Trapped People,31,8,2,2,6,6,2.19,45.27,Partially Blocked,Moderate,1,1,0,1,Low,0,28.947297,79.376068,2.87,2.61,7.76,794,P3
UKD-003475,Landslide,Evacuation Request,56,29,1,2,16,6,0.47,10.79,Blocked,Moderate,0,1,1,1,Low,0,30.22889,78.572949,5.67,16.79,15.22,341,P2
UKD-000855,Earthquake,Injured Person,76,42,13,2,9,6,0.11,2.94,Partially Blocked,Severe,0,0,1,1,Critical,1,29.490923,79.357591,3.67,1.75,8.86,210,P1
UKD-005686,Flood,Missing Person,4,2,0,2,0,0,1.77,31.73,Partially Blocked,Moderate,0,1,1,0,None,0,30.164288,78.722746,8.79,6.54,9.11,371,P3
UKD-004738,Earthquake,Infrastructure Damage,5,2,0,0,1,1,0.03,0.82,Partially Blocked,None,1,1,1,0,None,0,29.392537,79.510044,11.0,1.91,4.02,277,P3
UKD-004098,Flood,Injured Person,29,16,3,0,5,6,0.76,20.36,Blocked,Minor,0,1,1,0,None,0,29.962971,78.131996,6.92,7.36,3.82,695,P3
UKD-002161,Flood,Trapped People,63,25,1,1,21,5,1.7,42.42,Open,Severe,1,1,1,1,Low,0,29.017809,79.518202,6.27,2.59,5.1,1850,P2
UKD-000699,Earthquake,Injured Person,60,38,7,4,7,6,0.13,4.08,Blocked,Severe,0,0,0,1,Low,1,30.245217,78.073839,17.29,2.22,7.21,3222,P1
UKD-005937,Cloudburst,Injured Person,30,9,6,3,6,3,2.49,38.93,Open,Moderate,0,1,1,1,Critical,1,29.923857,78.187839,7.29,1.6,1.45,776,P3
UKD-003000,Flood,Waterlogging,33,5,2,1,4,2,4.13,87.42,Partially Blocked,Moderate,1,0,1,1,Low,0,30.356365,78.026124,1.6,1.15,1.61,2245,P2
UKD-003697,Flood,Damaged House,46,13,0,1,10,6,1.53,26.02,Partially Blocked,Moderate,1,1,0,0,None,0,29.692982,80.323411,6.01,5.33,14.65,65,P2
UKD-001637,Flood,Flooded Road,43,7,3,4,5,5,3.19,59.48,Blocked,Minor,0,1,1,1,Low,0,29.358563,79.402292,1.38,1.91,5.2,551,P1
UKD-003458,Flood,Flooded Road,49,12,3,4,8,8,2.38,49.93,Blocked,None,0,1,0,1,Low,0,30.258774,78.837913,6.84,5.28,8.78,1104,P2
UKD-003582,Flood,Waterlogging,86,8,4,1,10,3,2.46,76.33,Open,Minor,1,0,1,1,Moderate,1,29.379798,79.476291,4.67,7.54,6.12,682,P2
UKD-001292,Cloudburst,Damaged House,110,41,5,2,14,11,2.95,56.79,Partially Blocked,Moderate,1,1,0,1,Moderate,1,30.608365,79.477049,2.15,8.38,8.55,400,P1
UKD-004660,Landslide,Evacuation Request,27,0,0,0,9,0,0.2,5.3,Open,None,1,1,1,0,None,0,30.311947,79.359768,6.66,6.02,8.3,138,P3
UKD-005617,Landslide,Infrastructure Damage,27,7,0,0,5,5,0.24,6.32,Blocked,Minor,1,1,1,0,None,0,30.212232,78.085899,3.22,3.07,5.65,1437,P3
UKD-001854,Earthquake,Evacuation Request,131,74,5,3,12,5,0.18,3.96,Blocked,Severe,0,0,1,1,Critical,1,30.401466,79.435764,28.05,5.3,16.0,150,P1
UKD-005233,Flood,Flooded Road,14,0,1,0,2,3,1.37,24.81,Partially Blocked,Minor,1,0,1,1,Low,0,29.084809,79.466021,2.71,3.08,5.98,622,P3
UKD-003764,Flood,Injured Person,30,16,6,4,8,2,3.3,70.39,Partially Blocked,Minor,0,1,0,1,Low,1,29.363824,79.37219,17.62,1.28,8.64,351,P2
UKD-003305,Cloudburst,Infrastructure Damage,28,7,3,1,3,6,2.24,51.81,Partially Blocked,Severe,1,1,0,1,Low,0,28.962471,79.474644,4.04,3.23,4.73,1347,P2
UKD-005897,Earthquake,Infrastructure Damage,53,20,0,0,17,10,0.05,1.55,Open,Minor,0,1,1,0,None,0,29.376986,79.397811,9.75,5.12,6.46,1368,P3
UKD-005728,Flood,Trapped People,54,35,3,1,13,2,1.48,27.8,Partially Blocked,Minor,0,1,1,1,Low,0,28.975168,79.440295,5.76,1.65,2.05,1006,P3
UKD-003744,Flood,Waterlogging,3,0,0,0,0,1,1.5,31.47,Open,Minor,0,1,1,0,None,0,29.391677,79.445699,3.03,4.4,4.18,1679,P2
UKD-003446,Landslide,Trapped People,26,13,2,0,3,3,0.31,7.19,Partially Blocked,Minor,1,1,0,1,Low,0,30.422847,78.467707,9.57,2.96,18.54,175,P2
UKD-001999,Flood,Flooded Road,122,29,2,1,9,10,3.34,56.46,Blocked,Severe,0,0,1,1,Moderate,1,28.913361,79.454726,13.79,1.43,0.76,1042,P1
UKD-000664,Landslide,Missing Person,38,22,3,11,3,5,0.75,16.47,Blocked,Minor,0,1,0,1,Critical,1,29.405323,79.436083,1.31,1.68,7.17,563,P1
UKD-004780,Flood,Evacuation Request,8,0,0,0,1,0,1.3,15.97,Partially Blocked,Minor,1,1,1,0,None,0,30.594989,78.35406,7.13,7.01,14.51,208,P3
UKD-005354,Earthquake,Infrastructure Damage,117,50,2,2,4,7,0.06,1.3,Blocked,Minor,0,1,0,1,Low,0,29.926735,78.111663,12.79,3.82,1.94,2386,P3
UKD-003749,Landslide,Evacuation Request,165,67,2,1,5,5,0.56,8.72,Blocked,Moderate,0,1,0,1,Critical,1,30.186834,78.046089,0.5,3.41,4.22,4937,P2
UKD-004414,Earthquake,Infrastructure Damage,3,0,0,0,1,1,0.08,1.47,Open,Moderate,1,1,0,0,None,0,30.561222,79.243544,8.73,6.07,14.93,215,P3
UKD-004745,Landslide,Infrastructure Damage,33,3,0,2,3,2,0.12,2.76,Partially Blocked,Minor,1,0,0,0,None,0,30.409737,78.027713,11.93,3.54,6.5,2040,P3
UKD-005531,Earthquake,Missing Person,37,13,1,9,7,2,0.07,1.15,Partially Blocked,None,0,0,1,1,Moderate,1,29.841413,79.764725,3.56,9.05,6.37,290,P3
UKD-005576,Flood,Waterlogging,40,4,3,0,8,2,2.28,39.32,Open,Minor,0,1,1,1,Critical,1,30.112142,78.227001,2.17,1.65,2.12,1498,P3
UKD-000710,Flood,Damaged House,31,21,6,1,2,2,4.29,74.11,Blocked,Severe,0,0,1,1,Moderate,1,28.963792,79.56189,6.06,8.72,4.01,2070,P1
UKD-001283,Flood,Waterlogging,87,7,6,4,11,10,4.03,67.97,Open,Severe,1,0,0,1,Low,0,29.91961,78.24513,4.96,1.55,2.21,3045,P1
UKD-005069,Landslide,Injured Person,10,2,1,0,3,1,0.28,5.93,Blocked,None,0,1,1,1,Low,1,30.421487,78.781111,6.57,11.61,13.36,139,P3
UKD-002676,Landslide,Infrastructure Damage,36,14,1,2,5,2,0.59,11.6,Blocked,None,1,0,0,1,Moderate,1,30.002478,78.180114,14.38,2.24,2.19,4748,P2
UKD-004030,Cloudburst,Flooded Road,3,1,0,0,0,0,0.42,22.45,Partially Blocked,None,1,0,1,0,None,0,30.244452,79.36459,11.5,20.0,16.88,80,P3
UKD-001307,Landslide,Evacuation Request,37,23,1,6,8,5,0.72,13.47,Blocked,Moderate,0,1,1,0,None,0,30.252129,78.879831,5.93,4.93,8.44,75,P1
UKD-005497,Landslide,Infrastructure Damage,39,12,0,0,8,4,0.27,5.36,Blocked,Minor,1,1,1,1,Moderate,0,29.99635,78.835097,11.39,3.4,3.72,1328,P3
UKD-005505,Flood,Evacuation Request,25,0,0,0,2,3,0.75,10.82,Open,Minor,1,1,1,0,None,0,30.34356,77.991045,0.8,3.71,7.32,1521,P3
UKD-002238,Landslide,Injured Person,52,35,10,4,15,7,0.68,14.1,Blocked,Moderate,0,1,0,1,Critical,1,29.389442,79.454167,4.7,5.52,6.0,534,P2
UKD-003303,Flood,Flooded Road,2,0,0,0,0,1,3.75,77.54,Blocked,Severe,0,0,1,0,None,0,30.393419,78.570837,23.21,9.16,14.84,68,P2
UKD-005593,Landslide,Trapped People,8,1,0,0,3,2,0.31,6.88,Open,Minor,1,0,0,0,None,0,30.536187,78.650524,21.59,3.09,12.89,378,P3
UKD-002039,Flood,Flooded Road,40,14,4,1,9,7,4.24,76.62,Blocked,Severe,0,0,1,1,Critical,1,30.390932,79.32529,8.67,20.0,10.98,205,P2
UKD-001530,Earthquake,Missing Person,147,63,7,9,15,6,0.14,3.24,Blocked,Severe,0,0,1,1,Critical,1,30.230897,77.975667,6.41,2.71,5.79,4788,P1
UKD-001664,Landslide,Infrastructure Damage,59,30,4,3,11,9,0.55,16.61,Partially Blocked,Moderate,0,0,0,1,Low,0,30.487978,78.446644,15.89,7.31,17.38,256,P1
UKD-005451,Flood,Infrastructure Damage,19,3,0,0,1,2,0.91,25.21,Open,Minor,1,1,1,0,None,0,30.289607,79.242348,11.0,7.97,7.51,136,P3
UKD-005922,Flood,Evacuation Request,40,15,1,2,11,4,1.19,33.38,Open,Minor,0,0,0,1,Low,1,28.973439,79.571217,1.65,2.79,5.53,6103,P3
UKD-005944,Earthquake,Evacuation Request,12,1,0,0,5,0,0.03,0.7,Partially Blocked,Minor,1,1,1,0,None,0,29.539298,79.626469,8.67,5.26,16.01,955,P3
UKD-003628,Landslide,Trapped People,27,8,1,1,2,4,0.23,6.29,Open,None,1,1,1,1,Low,0,30.275391,78.728025,5.58,5.68,3.51,676,P2
UKD-005740,Landslide,Damaged House,6,2,0,1,1,1,0.12,4.02,Open,Minor,0,1,1,0,None,0,30.169632,78.256954,24.99,15.79,8.4,376,P3
UKD-005148,Flood,Injured Person,13,0,3,0,2,3,1.61,22.66,Open,Severe,1,1,1,1,Moderate,1,29.994832,78.233071,9.06,2.35,3.75,1883,P3
UKD-004892,Flood,Flooded Road,7,2,0,0,1,1,2.0,31.0,Partially Blocked,Minor,1,1,1,0,None,0,30.247921,78.097364,2.78,0.51,3.82,1601,P3
UKD-002694,Flood,Flooded Road,64,14,2,1,3,3,2.57,72.85,Partially Blocked,Moderate,0,0,1,1,Low,0,30.712656,78.504427,1.26,20.0,4.75,1164,P2
UKD-003061,Flood,Evacuation Request,41,13,0,1,11,6,1.51,21.29,Partially Blocked,Minor,0,1,1,0,None,0,30.228894,77.999269,6.22,2.65,4.82,502,P2
UKD-001598,Flood,Trapped People,33,24,6,6,3,3,2.71,57.92,Partially Blocked,Severe,0,0,0,1,Critical,1,30.175153,78.906006,8.14,5.45,12.54,472,P1
UKD-002730,Earthquake,Damaged House,91,30,2,1,5,7,0.1,1.28,Partially Blocked,Severe,1,1,1,1,Moderate,1,29.646424,79.703826,20.54,4.65,9.33,326,P2
UKD-002626,Flood,Damaged House,19,0,0,0,3,3,0.96,20.56,Open,Minor,1,1,1,0,None,0,30.330294,77.973709,0.84,0.41,1.66,1820,P2
UKD-003158,Earthquake,Damaged House,19,3,2,4,2,6,0.07,1.36,Open,Severe,0,0,0,0,None,0,30.348798,79.321352,8.19,6.33,16.37,372,P2
UKD-003315,Landslide,Infrastructure Damage,102,74,3,4,16,3,0.78,18.3,Blocked,Moderate,0,0,0,1,Low,0,30.323449,77.926711,22.18,3.79,6.04,5633,P2
UKD-001723,Flood,Evacuation Request,177,72,2,2,5,9,2.27,64.83,Blocked,Moderate,0,1,1,1,Low,1,29.002084,79.423375,7.72,4.32,6.43,1857,P1
UKD-005280,Flood,Flooded Road,23,5,2,0,5,2,1.46,47.69,Blocked,Severe,1,1,1,1,Low,0,29.490002,80.136922,6.99,6.41,9.49,143,P3
UKD-001060,Landslide,Injured Person,16,13,2,0,2,3,0.96,14.97,Blocked,None,0,1,0,1,Low,1,29.857544,78.06511,7.31,2.53,8.62,2800,P1
UKD-004637,Flood,Flooded Road,32,6,2,1,4,3,1.61,36.22,Partially Blocked,None,0,1,0,1,Low,0,29.534939,79.479714,4.73,3.37,4.68,767,P3
UKD-003243,Cloudburst,Missing Person,26,5,0,4,6,3,2.22,43.42,Partially Blocked,Minor,1,1,1,1,Moderate,1,30.608899,78.570987,4.07,15.61,21.47,182,P2
UKD-001679,Landslide,Trapped People,47,32,2,6,16,7,0.7,11.91,Partially Blocked,None,0,1,0,1,Moderate,0,30.316701,78.006708,4.82,6.88,5.7,3185,P1
UKD-001758,Flood,Flooded Road,69,21,1,4,16,8,3.76,90.87,Blocked,Moderate,0,0,1,1,Low,1,29.538524,79.584857,2.56,1.94,4.08,577,P1
UKD-004192,Landslide,Infrastructure Damage,27,7,0,3,8,4,0.2,5.52,Partially Blocked,None,0,1,0,1,Low,0,30.177255,79.302991,12.19,5.37,13.66,150,P3
UKD-005117,Flood,Waterlogging,9,0,1,1,2,0,1.35,31.3,Open,Moderate,1,1,0,1,Low,1,28.879834,79.578019,4.24,2.44,3.14,2259,P3
UKD-000564,Landslide,Trapped People,89,70,4,3,9,3,0.79,21.19,Partially Blocked,Moderate,0,0,1,1,Critical,1,30.309214,78.010799,12.76,3.79,6.26,6215,P1
UKD-002791,Cloudburst,Evacuation Request,11,2,0,0,3,1,0.39,9.85,Open,Moderate,0,1,1,0,None,0,29.378373,79.472033,2.9,3.58,12.94,325,P2
UKD-000864,Flood,Trapped People,35,20,7,3,11,8,4.65,96.79,Partially Blocked,Severe,1,1,1,1,Low,0,29.523541,79.62583,8.88,4.24,8.8,871,P1
UKD-001485,Flood,Injured Person,10,1,4,2,1,1,2.92,65.36,Open,Severe,1,1,1,1,Low,0,29.884506,79.804386,7.68,4.83,7.28,94,P1
UKD-005135,Earthquake,Damaged House,3,0,0,0,1,0,0.02,0.49,Open,None,1,1,1,0,None,0,29.493806,79.283873,9.58,1.68,3.13,534,P3
UKD-000207,Cloudburst,Trapped People,80,43,7,1,11,3,4.01,81.93,Partially Blocked,Severe,1,0,1,1,Critical,1,30.283314,78.041108,6.65,8.25,1.02,2943,P1
UKD-004489,Landslide,Damaged House,24,5,0,0,5,8,0.36,9.88,Partially Blocked,Severe,1,0,1,0,None,0,30.280649,78.676237,13.34,1.51,9.41,968,P3
UKD-000871,Earthquake,Evacuation Request,143,69,2,3,9,8,0.15,2.91,Blocked,Severe,0,0,1,1,Low,1,30.224768,78.037608,0.5,3.27,4.56,1171,P1
UKD-004494,Landslide,Damaged House,10,1,0,0,0,0,0.12,3.09,Open,Moderate,1,1,1,0,None,0,30.310353,78.239894,8.18,5.04,0.5,1252,P3
UKD-000503,Flood,Waterlogging,70,16,2,2,19,6,4.88,92.8,Blocked,Moderate,0,0,0,1,Moderate,1,30.358106,78.119475,6.15,8.92,10.78,3254,P1
UKD-001029,Cloudburst,Evacuation Request,125,39,1,4,13,7,1.93,44.85,Blocked,Moderate,1,1,0,0,None,0,30.20507,78.060075,2.39,6.46,1.21,2739,P1
UKD-003841,Landslide,Damaged House,9,4,0,0,2,0,0.18,5.57,Partially Blocked,None,0,0,0,0,None,0,30.318314,78.110656,2.29,0.88,0.83,1439,P2
UKD-002691,Flood,Flooded Road,69,19,2,3,5,5,3.4,87.14,Blocked,Minor,0,1,0,1,Low,0,30.320736,78.04316,4.9,1.86,3.36,476,P2
UKD-005582,Flood,Missing Person,63,21,4,5,7,9,2.02,42.27,Blocked,Minor,1,1,1,1,Moderate,0,30.015101,78.221184,5.36,1.3,4.23,1769,P3
UKD-005057,Earthquake,Injured Person,7,2,1,0,2,0,0.04,0.81,Partially Blocked,Minor,1,1,1,0,None,0,30.369679,78.093557,1.04,1.59,7.29,1396,P3
UKD-001571,Earthquake,Damaged House,96,23,4,1,17,5,0.11,3.41,Open,Severe,1,0,1,1,Critical,1,30.246928,78.111008,1.44,0.89,1.22,1062,P1
UKD-002774,Flood,Evacuation Request,23,8,3,2,8,1,2.46,41.01,Partially Blocked,Severe,1,0,0,1,Low,0,29.948176,78.065043,11.98,0.41,4.23,1053,P2
UKD-002732,Flood,Infrastructure Damage,69,7,1,0,5,9,1.93,29.73,Open,Minor,1,0,0,1,Low,0,30.078609,78.152157,4.95,4.14,4.64,2717,P2
UKD-000805,Flood,Evacuation Request,132,42,1,3,10,10,4.13,49.99,Open,Moderate,0,1,1,1,Critical,1,28.964118,79.382081,6.33,3.17,3.56,2313,P1
UKD-005848,Landslide,Injured Person,13,4,4,0,0,2,0.49,8.61,Partially Blocked,Minor,1,0,1,1,Moderate,1,30.368112,78.270509,22.44,7.34,14.43,139,P3
UKD-003646,Flood,Missing Person,9,1,1,2,3,2,2.25,45.95,Partially Blocked,Minor,1,1,1,1,Low,0,30.334804,78.032135,1.5,3.31,8.89,4129,P2
UKD-002455,Landslide,Evacuation Request,53,27,0,0,11,5,0.35,9.69,Partially Blocked,Minor,0,1,1,1,Low,0,29.640504,79.529989,6.61,2.76,9.43,1307,P2
UKD-004599,Landslide,Damaged House,14,7,0,0,5,0,0.26,5.11,Blocked,Minor,0,0,1,1,Moderate,1,30.375264,78.054284,6.81,6.09,1.96,2355,P3
UKD-003105,Cloudburst,Trapped People,200,85,2,2,6,2,2.57,59.43,Blocked,Moderate,0,1,0,1,Critical,1,30.277621,79.163655,30.0,13.22,18.85,177,P2
UKD-004876,Landslide,Damaged House,37,20,2,0,6,4,0.39,9.19,Partially Blocked,Minor,0,1,1,0,None,0,29.395365,79.473194,5.0,0.26,6.23,633,P3
UKD-000201,Flood,Infrastructure Damage,21,13,0,1,4,3,2.44,57.83,Blocked,Moderate,0,0,0,1,Moderate,1,30.384411,78.021971,17.48,4.07,9.84,736,P1
UKD-003100,Landslide,Trapped People,35,19,1,1,11,6,0.5,10.18,Partially Blocked,Moderate,0,1,1,1,Low,0,30.261111,78.766119,6.98,5.47,18.85,644,P2
UKD-002279,Cloudburst,Evacuation Request,55,38,7,5,15,5,2.32,52.17,Blocked,Severe,0,0,0,1,Low,0,30.175347,78.764608,24.7,10.28,13.85,211,P2
UKD-003562,Flood,Trapped People,51,32,0,1,10,4,1.27,36.02,Blocked,Moderate,0,0,1,1,Low,0,30.307137,78.094962,8.73,7.45,1.8,869,P2
UKD-004475,Flood,Waterlogging,9,0,0,0,1,3,1.78,47.68,Partially Blocked,Minor,1,0,1,0,None,0,30.29523,78.107346,12.33,4.21,3.72,815,P3
UKD-004515,Flood,Waterlogging,52,5,1,2,3,3,2.01,56.81,Partially Blocked,Moderate,0,1,0,0,None,0,28.98429,79.490409,8.83,5.87,0.79,969,P3
UKD-005795,Flood,Waterlogging,5,1,0,0,1,0,1.41,22.47,Blocked,Minor,1,1,1,1,Low,0,29.899842,78.108449,4.08,8.56,1.74,2012,P3
UKD-000392,Landslide,Damaged House,141,56,6,7,10,2,0.7,18.03,Partially Blocked,Severe,0,0,0,1,Moderate,1,30.350052,78.021343,1.79,0.23,3.33,1790,P1
UKD-005619,Flood,Trapped People,77,50,1,1,5,10,2.96,59.36,Partially Blocked,Moderate,0,1,1,1,Low,0,29.483112,80.357093,17.92,18.9,30.0,292,P3
UKD-005259,Cloudburst,Evacuation Request,17,7,0,0,4,1,1.4,33.81,Partially Blocked,None,0,0,1,0,None,0,29.868799,78.236762,3.54,4.76,3.73,1619,P3
UKD-001496,Landslide,Trapped People,161,62,2,2,11,11,0.65,10.44,Blocked,Moderate,1,0,1,1,Moderate,1,30.242736,78.857932,14.76,6.43,8.46,482,P1
UKD-002696,Landslide,Missing Person,45,29,3,12,20,6,0.85,17.19,Partially Blocked,Moderate,0,0,0,1,Critical,1,30.361629,78.05484,3.75,1.7,1.66,572,P2
UKD-002028,Earthquake,Trapped People,101,60,4,0,8,4,0.11,1.79,Blocked,Moderate,1,0,1,1,Critical,1,30.306142,78.781971,10.6,9.7,1.07,1758,P2
UKD-005249,Landslide,Damaged House,4,0,0,0,0,1,0.1,2.17,Partially Blocked,Minor,1,1,1,0,None,0,30.213945,78.593519,6.51,19.72,7.73,475,P3
UKD-005464,Flood,Waterlogging,14,1,0,0,6,3,1.8,25.82,Partially Blocked,None,1,1,1,0,None,0,29.981404,78.157574,2.2,0.91,3.23,1526,P3
UKD-002569,Landslide,Flooded Road,89,21,2,3,13,3,0.88,18.4,Blocked,Severe,0,0,0,1,Moderate,0,30.378459,78.112832,4.44,3.26,2.43,2366,P2
UKD-000065,Flood,Waterlogging,31,1,3,4,7,6,2.27,40.29,Partially Blocked,Severe,1,1,0,1,Moderate,1,28.841197,79.500333,3.28,0.48,0.7,5733,P1
UKD-003885,Landslide,Infrastructure Damage,11,5,0,0,2,5,0.25,4.23,Blocked,None,0,0,1,0,None,0,30.796803,78.747885,9.87,1.58,10.59,165,P2
UKD-002063,Cloudburst,Injured Person,75,38,15,1,9,7,2.8,64.18,Blocked,Severe,1,0,1,1,Moderate,1,30.125459,78.685931,9.67,2.14,5.48,345,P2
UKD-005277,Cloudburst,Damaged House,113,26,2,1,3,3,2.79,60.68,Partially Blocked,Minor,1,0,1,1,Moderate,1,28.953397,79.47036,3.2,1.2,8.94,527,P3
UKD-000493,Earthquake,Injured Person,116,72,8,1,9,2,0.13,3.63,Blocked,Moderate,0,0,1,1,Moderate,1,30.341672,78.079821,6.7,1.67,1.89,744,P1
UKD-000380,Cloudburst,Damaged House,83,29,6,0,9,5,1.86,36.55,Open,Severe,0,1,0,1,Critical,1,30.427889,78.015942,4.96,5.42,0.78,2449,P1
UKD-004860,Earthquake,Trapped People,17,3,1,0,2,3,0.04,0.62,Partially Blocked,None,1,1,1,1,Low,0,30.247386,78.969156,5.89,10.62,9.55,378,P3
UKD-003994,Flood,Waterlogging,29,5,1,2,2,5,2.34,38.62,Open,Minor,0,1,0,1,Low,1,30.311942,77.947315,2.77,2.26,2.95,3444,P2
UKD-004888,Landslide,Infrastructure Damage,13,2,0,0,3,0,0.15,2.23,Partially Blocked,None,1,1,1,0,None,0,30.488826,79.236792,12.7,5.02,8.95,362,P3
UKD-001077,Cloudburst,Trapped People,49,38,4,1,9,8,2.03,61.27,Blocked,Moderate,0,0,1,1,Critical,1,30.391561,78.158193,4.39,2.78,4.09,1522,P1
UKD-000879,Landslide,Damaged House,147,33,3,1,13,7,0.39,8.03,Partially Blocked,Severe,0,0,1,1,Low,0,29.616642,79.511706,1.8,11.92,4.74,643,P1
UKD-000338,Landslide,Evacuation Request,91,60,6,1,9,5,0.89,13.39,Blocked,Severe,0,0,1,1,Critical,1,30.372832,78.078545,2.64,3.28,4.77,3681,P1
UKD-001017,Earthquake,Evacuation Request,42,11,2,0,10,2,0.08,2.16,Open,Moderate,1,1,1,0,None,0,29.894984,79.738334,18.23,12.51,9.98,200,P1
UKD-001276,Flood,Flooded Road,87,22,4,2,19,7,3.46,68.25,Blocked,Severe,1,1,1,1,Critical,1,30.054417,78.894007,4.72,6.22,11.43,226,P1
UKD-003799,Cloudburst,Missing Person,19,1,4,6,4,4,1.42,30.69,Partially Blocked,Minor,1,1,1,1,Low,1,30.101603,79.096074,13.52,3.73,30.0,119,P2
UKD-004552,Flood,Waterlogging,29,4,4,5,12,0,3.18,57.18,Open,Severe,0,0,1,0,None,0,30.493885,78.334444,5.19,4.47,12.94,335,P3
UKD-003343,Cloudburst,Flooded Road,26,7,7,2,3,3,2.99,58.89,Blocked,Severe,0,0,1,1,Moderate,0,30.510306,78.418714,30.0,6.0,6.0,359,P2
UKD-004912,Earthquake,Damaged House,17,0,0,2,0,1,0.03,0.82,Open,Minor,1,0,1,0,None,0,29.629775,79.616051,8.35,1.1,19.04,474,P3
UKD-000996,Earthquake,Trapped People,175,83,4,2,7,1,0.14,3.52,Blocked,Moderate,0,0,0,1,Low,0,29.538611,79.672973,2.79,3.46,7.6,540,P1
UKD-001982,Earthquake,Trapped People,97,43,3,1,12,9,0.13,3.05,Open,Moderate,1,1,1,1,Critical,1,30.112562,78.739191,6.98,3.73,18.06,369,P1
UKD-004298,Flood,Flooded Road,36,3,0,0,12,2,2.42,35.13,Partially Blocked,Minor,1,1,1,1,Low,0,29.926021,78.140517,4.24,1.45,7.43,2149,P3
UKD-000162,Cloudburst,Evacuation Request,81,37,3,2,9,9,2.76,43.71,Partially Blocked,Moderate,0,1,0,0,None,0,30.145848,79.01492,3.22,16.89,16.18,96,P1
UKD-005676,Earthquake,Infrastructure Damage,4,1,0,0,0,2,0.02,0.39,Partially Blocked,Minor,1,0,1,0,None,0,29.461674,79.506182,13.6,5.76,12.91,173,P3
UKD-004799,Earthquake,Damaged House,65,11,0,1,10,4,0.07,1.64,Open,Severe,1,0,1,1,Low,0,30.40802,78.024775,3.96,0.83,4.88,1259,P3
UKD-001501,Earthquake,Trapped People,55,48,2,1,5,3,0.19,2.43,Partially Blocked,Moderate,0,0,1,1,Critical,1,30.449957,78.12386,2.09,6.09,3.69,2344,P1
UKD-003844,Flood,Trapped People,62,46,0,1,7,7,2.8,54.95,Blocked,Moderate,0,0,1,0,None,0,30.320562,78.003973,14.84,3.35,4.26,2111,P2
UKD-005226,Cloudburst,Evacuation Request,8,2,1,1,1,0,0.95,14.15,Partially Blocked,Moderate,0,1,1,1,Low,0,30.355593,79.185996,5.9,5.14,16.08,312,P3
UKD-002614,Earthquake,Missing Person,31,4,0,1,9,5,0.1,1.28,Partially Blocked,Minor,1,1,1,1,Low,0,30.394545,77.957508,0.57,3.44,7.2,1324,P2
UKD-003462,Cloudburst,Evacuation Request,2,0,0,0,0,0,0.5,8.68,Open,Minor,1,1,1,1,Low,0,30.17792,78.092071,4.09,1.28,9.25,825,P2
UKD-001022,Landslide,Evacuation Request,64,36,3,5,10,3,0.73,9.61,Blocked,Moderate,0,1,0,1,Critical,1,30.38152,79.06787,11.57,4.53,25.79,320,P1
UKD-003074,Cloudburst,Waterlogging,26,8,2,2,8,2,2.18,51.35,Blocked,Minor,0,1,1,0,None,0,29.631204,79.622761,7.11,16.52,3.17,499,P2
UKD-003944,Cloudburst,Injured Person,5,0,1,1,1,0,1.43,32.85,Blocked,Moderate,1,1,1,1,Low,0,30.372385,78.114705,1.35,6.72,5.36,1206,P2
UKD-001586,Landslide,Missing Person,169,67,6,9,11,7,0.86,14.97,Blocked,Severe,0,1,1,1,Low,0,30.353344,78.081869,9.81,2.66,3.82,2855,P1
UKD-001956,Flood,Damaged House,93,50,2,1,9,5,3.65,100.0,Blocked,Minor,1,0,0,1,Moderate,1,28.950995,79.533852,5.72,2.51,11.67,5270,P1
UKD-003153,Earthquake,Damaged House,49,18,1,0,2,8,0.06,0.92,Blocked,Minor,1,1,1,1,Low,1,29.998962,78.140858,3.22,0.96,5.38,3575,P2
UKD-000035,Landslide,Missing Person,59,26,2,5,14,6,0.66,10.46,Open,Severe,0,1,0,1,Moderate,1,29.893226,79.849947,2.88,5.49,4.63,1281,P1
UKD-004015,Landslide,Missing Person,10,0,0,2,0,2,0.1,1.78,Partially Blocked,None,1,1,1,0,None,0,30.121174,79.140849,8.25,11.69,6.81,213,P3
UKD-000776,Flood,Flooded Road,129,16,1,2,4,4,4.35,86.28,Partially Blocked,Minor,0,0,1,1,Moderate,0,29.926267,78.247909,3.04,5.38,22.47,888,P1
UKD-002557,Earthquake,Infrastructure Damage,21,10,3,2,6,2,0.14,2.99,Partially Blocked,Moderate,0,1,1,1,Low,0,30.206083,78.075231,6.94,0.5,4.85,5068,P2
UKD-001479,Cloudburst,Infrastructure Damage,31,14,4,4,5,5,2.76,56.81,Blocked,Moderate,0,1,0,1,Critical,1,30.72061,78.21837,12.96,7.32,16.63,410,P1
UKD-005487,Landslide,Evacuation Request,29,11,0,0,4,5,0.21,3.87,Partially Blocked,None,0,1,1,1,Moderate,1,30.290843,78.029478,6.17,3.36,0.96,1994,P3
UKD-001364,Earthquake,Evacuation Request,31,10,3,2,2,8,0.13,2.51,Partially Blocked,Moderate,0,0,1,1,Critical,1,29.317153,79.440133,8.19,3.58,4.54,1117,P1
UKD-002613,Landslide,Flooded Road,17,3,0,0,2,2,1.19,26.15,Blocked,Minor,1,1,0,0,None,0,30.318368,77.934924,1.09,2.03,13.27,2141,P2
UKD-002825,Cloudburst,Evacuation Request,28,9,2,1,8,1,2.41,45.53,Partially Blocked,Severe,1,0,1,1,Low,0,30.399596,79.069336,24.67,5.3,5.32,58,P2
UKD-002042,Earthquake,Infrastructure Damage,53,29,2,1,5,9,0.07,1.26,Blocked,Moderate,0,0,1,0,None,0,29.945601,78.233834,2.54,4.93,10.05,1873,P2
UKD-000242,Landslide,Infrastructure Damage,39,14,3,1,4,9,0.59,9.25,Open,Minor,0,1,1,1,Low,0,30.314056,78.558781,10.61,2.64,5.23,93,P1
UKD-002062,Flood,Damaged House,40,14,1,1,12,3,2.02,30.82,Open,Minor,0,0,1,1,Low,0,29.953607,78.227729,2.58,1.08,4.54,2662,P2
UKD-002364,Flood,Evacuation Request,42,10,1,4,11,6,2.0,31.94,Partially Blocked,None,1,1,0,1,Low,0,29.029164,79.515406,10.55,2.53,6.06,858,P2
UKD-000601,Landslide,Injured Person,6,3,5,1,0,2,0.51,10.98,Blocked,Severe,0,0,1,1,Moderate,1,30.513008,79.222307,17.75,20.0,23.06,193,P1
UKD-002436,Cloudburst,Flooded Road,60,4,5,0,6,7,2.23,71.34,Partially Blocked,Minor,1,1,1,1,Moderate,1,30.164744,78.015828,2.95,3.56,2.95,1244,P2
UKD-005394,Earthquake,Trapped People,14,4,0,0,2,1,0.03,0.75,Open,Minor,1,1,1,0,None,0,29.650246,79.579335,22.76,2.15,22.17,674,P3
UKD-002889,Landslide,Trapped People,37,15,1,4,6,4,0.67,13.7,Open,Minor,1,0,0,1,Low,0,30.23751,78.896849,18.78,3.82,25.81,106,P2
UKD-000647,Landslide,Evacuation Request,111,60,5,4,10,5,0.68,15.13,Blocked,Severe,0,0,0,1,Critical,1,30.32977,78.044913,2.73,1.21,12.72,519,P1
UKD-003891,Landslide,Evacuation Request,15,10,1,2,4,5,0.71,14.6,Blocked,Minor,0,1,0,1,Low,0,30.526784,78.532943,4.56,3.24,3.49,399,P2
UKD-003557,Cloudburst,Missing Person,38,13,1,9,6,1,1.64,41.77,Partially Blocked,None,0,1,0,1,Moderate,1,30.354621,78.447711,19.22,18.83,14.74,236,P2
UKD-003203,Flood,Damaged House,16,1,0,0,2,0,1.29,29.02,Open,Minor,1,1,1,0,None,0,28.870644,79.574412,0.57,7.1,8.38,492,P2
UKD-001529,Cloudburst,Infrastructure Damage,90,57,1,2,10,2,2.42,44.98,Blocked,Moderate,0,1,1,1,Low,0,28.924311,79.517572,5.91,4.02,7.11,5675,P1
UKD-001268,Flood,Evacuation Request,33,11,5,0,4,3,2.6,41.25,Partially Blocked,Moderate,1,1,1,1,Critical,1,30.390221,78.065968,8.67,4.4,3.57,1378,P1
UKD-001900,Earthquake,Injured Person,38,24,8,0,5,4,0.14,2.83,Partially Blocked,Moderate,0,0,1,1,Moderate,1,29.966071,79.845567,5.27,12.8,12.84,396,P1
UKD-004659,Landslide,Injured Person,9,4,4,0,2,0,0.48,9.32,Blocked,Minor,1,1,1,1,Moderate,1,30.243287,79.045737,29.21,11.11,24.32,493,P3
UKD-003006,Landslide,Flooded Road,21,7,0,2,3,3,0.85,21.5,Blocked,Moderate,0,0,0,0,None,0,30.160905,78.924569,12.6,7.06,7.45,270,P2
UKD-002735,Flood,Flooded Road,22,3,1,1,7,4,3.68,47.65,Partially Blocked,Moderate,0,0,0,1,Moderate,1,30.31079,77.976843,11.27,2.41,4.66,4576,P2
UKD-000190,Earthquake,Trapped People,71,66,4,2,16,4,0.14,3.24,Blocked,Severe,0,1,0,1,Critical,1,29.814648,78.069943,2.16,2.65,2.7,1524,P1
UKD-001807,Landslide,Injured Person,31,20,7,1,9,2,0.64,11.51,Blocked,Moderate,0,1,0,1,Critical,1,30.19716,78.052423,9.83,1.05,7.98,3790,P1
UKD-000976,Flood,Injured Person,56,42,8,0,12,5,4.09,59.17,Blocked,Moderate,0,0,1,1,Critical,1,29.09329,79.430427,1.88,2.1,1.43,659,P1
UKD-002748,Cloudburst,Trapped People,56,32,1,5,14,5,2.9,63.35,Partially Blocked,None,0,1,0,1,Low,1,29.311369,79.482412,28.34,2.91,8.08,467,P2
UKD-002048,Earthquake,Trapped People,96,42,1,1,9,8,0.13,2.26,Partially Blocked,Severe,1,0,1,1,Low,1,29.336011,79.371666,12.64,0.86,2.41,1259,P2
UKD-002559,Cloudburst,Flooded Road,10,1,0,1,1,3,1.97,53.98,Blocked,Severe,1,0,0,0,None,0,30.049627,78.726773,8.12,9.42,11.93,846,P2
UKD-001083,Earthquake,Trapped People,53,15,3,2,11,6,0.07,1.41,Open,Moderate,1,0,1,0,None,0,29.912434,78.160023,6.43,0.2,2.79,1649,P1
UKD-000475,Earthquake,Infrastructure Damage,200,54,5,2,9,4,0.13,3.13,Partially Blocked,Severe,0,1,0,1,Critical,1,29.41099,79.509775,11.7,6.37,9.7,726,P1
UKD-002905,Flood,Flooded Road,73,8,1,3,15,2,2.71,62.38,Blocked,Minor,1,1,1,0,None,0,30.221306,78.721161,3.43,6.25,3.21,772,P2
UKD-004844,Earthquake,Damaged House,23,1,3,0,1,7,0.05,1.4,Open,Severe,1,1,1,1,Moderate,1,30.3611,78.193551,11.15,0.41,6.27,1671,P3
UKD-004118,Cloudburst,Evacuation Request,18,0,1,1,4,3,0.68,21.72,Partially Blocked,None,1,1,1,1,Moderate,1,29.951509,78.103037,14.47,3.32,3.45,1072,P3
UKD-003386,Landslide,Evacuation Request,23,13,2,1,3,4,0.16,3.87,Blocked,Minor,0,1,0,1,Low,0,29.016369,79.383125,10.22,4.35,6.78,5289,P2
UKD-004556,Landslide,Infrastructure Damage,9,0,0,1,2,0,0.18,5.84,Open,Moderate,1,1,1,1,Low,0,29.419719,79.444661,7.24,1.5,7.41,373,P3
UKD-001185,Landslide,Infrastructure Damage,47,29,3,1,10,8,0.75,19.46,Blocked,Minor,0,1,1,1,Critical,1,30.096019,78.773484,9.72,6.07,11.62,609,P1
UKD-005052,Cloudburst,Flooded Road,40,9,2,2,5,3,2.46,48.62,Blocked,None,0,1,1,1,Moderate,1,30.407232,78.091034,8.2,1.41,9.13,4994,P3
UKD-005312,Cloudburst,Trapped People,5,4,0,0,0,0,0.69,21.26,Open,Minor,1,1,0,0,None,0,30.442998,79.454868,11.28,8.67,15.4,246,P3
UKD-002434,Cloudburst,Trapped People,84,69,2,3,9,7,2.59,48.97,Blocked,Minor,0,1,0,1,Critical,1,30.056528,78.089435,4.16,1.17,0.98,759,P2
UKD-005612,Landslide,Damaged House,57,27,2,0,12,2,0.38,7.61,Partially Blocked,Minor,0,1,1,1,Critical,1,30.47837,78.289748,13.82,2.56,28.28,342,P3
UKD-002392,Earthquake,Trapped People,70,31,2,1,9,4,0.1,2.15,Partially Blocked,Moderate,1,1,1,1,Moderate,1,29.938534,78.05665,9.88,9.77,7.34,1100,P2
UKD-000770,Earthquake,Infrastructure Damage,108,30,2,2,18,3,0.1,2.18,Partially Blocked,Minor,1,0,1,0,None,0,30.33039,77.99773,2.24,6.95,1.73,6279,P1
UKD-001686,Flood,Flooded Road,132,21,4,3,10,8,3.81,94.34,Partially Blocked,Moderate,0,1,0,1,Low,0,30.410211,78.028673,1.38,1.39,0.5,288,P1
UKD-000131,Flood,Trapped People,11,10,0,0,0,0,1.41,45.65,Blocked,Minor,0,0,1,0,None,0,30.00505,78.116213,9.89,3.39,8.18,949,P1
UKD-002920,Cloudburst,Waterlogging,59,11,5,1,1,5,2.94,58.0,Partially Blocked,Severe,1,0,0,1,Critical,1,29.379415,80.159207,12.47,16.34,6.31,385,P2
UKD-003172,Cloudburst,Trapped People,35,19,2,1,8,0,1.44,40.77,Blocked,Minor,1,0,0,1,Low,0,30.432876,78.56713,5.67,13.34,11.56,200,P2
UKD-003445,Flood,Flooded Road,13,1,1,0,1,1,1.82,35.59,Open,Minor,1,1,1,1,Low,1,28.920042,79.432502,8.26,2.01,5.33,1807,P2
UKD-005579,Earthquake,Missing Person,29,4,3,10,11,3,0.05,0.86,Partially Blocked,Minor,1,1,1,1,Low,0,30.380778,78.109275,0.5,1.77,1.53,1212,P3
UKD-004427,Landslide,Trapped People,39,21,2,0,5,1,0.23,7.6,Open,Moderate,0,1,1,0,None,0,30.449459,79.226322,14.51,3.54,11.99,176,P3
UKD-005335,Cloudburst,Damaged House,39,23,8,2,13,4,2.81,55.62,Blocked,Severe,0,0,0,1,Critical,1,30.507569,79.29106,21.2,10.96,20.95,145,P3
UKD-000467,Flood,Flooded Road,123,33,2,2,10,5,5.0,75.2,Blocked,Moderate,0,0,1,1,Low,0,30.312927,79.07945,12.06,13.35,8.51,141,P1
UKD-005735,Landslide,Infrastructure Damage,2,1,0,0,0,0,0.19,3.08,Partially Blocked,None,1,1,1,0,None,0,30.397775,79.610828,9.06,5.77,18.44,800,P3
UKD-003093,Flood,Flooded Road,66,13,2,2,13,4,3.01,60.15,Partially Blocked,Minor,0,1,1,1,Low,1,30.273344,78.116262,6.3,6.48,0.5,3423,P2
UKD-003773,Earthquake,Damaged House,8,3,0,1,1,0,0.05,1.27,Open,Severe,1,0,1,0,None,0,30.255383,78.268446,5.5,3.9,7.38,651,P2
UKD-005192,Landslide,Evacuation Request,61,22,0,0,14,7,0.57,13.89,Blocked,Moderate,1,1,1,1,Low,0,30.272942,77.986173,4.46,7.71,3.2,517,P3
UKD-005227,Cloudburst,Infrastructure Damage,31,5,1,3,12,2,0.75,16.56,Partially Blocked,Minor,1,1,1,1,Critical,1,30.321425,78.976714,9.63,10.55,21.34,842,P3
UKD-005391,Flood,Flooded Road,5,1,0,1,2,0,1.52,25.82,Open,Minor,1,1,1,0,None,0,30.024469,78.208679,2.06,0.96,5.79,1711,P3
UKD-000861,Cloudburst,Flooded Road,41,13,1,2,12,4,4.11,88.86,Blocked,Moderate,0,1,1,1,Moderate,1,30.510411,79.548273,6.43,3.47,14.57,429,P1
